# https://github.com/mikedh/trimesh
v -0.43695433 -0.99555671 0.02377687
v -0.43616019 -0.99477569 0.10664861
v -0.43818443 -0.99020640 0.04086287
v -0.43760122 -0.99003204 0.09060891
v -0.43481813 -0.99423510 -0.04974377
v -0.42830449 -0.99761320 0.14470583
v -0.43395151 -0.99005097 -0.08158410
v -0.43390660 -0.98975057 0.13015748
v -0.43366366 -0.99845129 0.05999273
v -0.42917595 -0.98910775 -0.14020794
v -0.43086896 -0.99874092 -0.03159460
v -0.43045182 -0.99847308 0.11538726
v -0.42163126 -0.99855617 0.15515523
v -0.43011200 -0.99462202 -0.13162028
v -0.43123869 -0.97172578 0.10885155
v -0.43002514 -0.95922333 0.06226053
v -0.42582832 -0.99314530 0.16357855
v -0.42461443 -0.94589059 -0.01290299
v -0.42132874 -0.99348864 -0.17821065
v -0.41771236 -0.94620796 0.14734085
v -0.42135347 -0.95011511 -0.10930060
v -0.41178625 -0.90375826 -0.05071826
v -0.41507322 -0.90385983 0.04725481
v -0.41141555 -0.99274685 -0.20633267
v -0.40928818 -0.89969510 0.12546727
v -0.41418197 -0.90359060 0.09380073
v -0.40946470 -0.89928444 -0.04754373
v -0.41265114 -0.89880012 0.04934224
v -0.41413869 -0.99929560 -0.17754166
v -0.42483621 -0.99906828 -0.13270045
v -0.40863360 -0.90136870 -0.09444422
v -0.40722962 -0.89656273 0.02312327
v -0.40978929 -0.96692635 -0.19124386
v -0.40423609 -0.93709223 0.17417573
v -0.41009134 -0.93673342 -0.15869098
v -0.40555845 -0.90484435 -0.13205480
v -0.40576980 -0.89616245 0.11289952
v -0.40141577 -0.99896298 -0.21545018
v -0.39843206 -0.99907626 -0.06459779
v -0.40887942 -0.99301909 0.19713324
v -0.40033313 -0.89911558 -0.15061486
v -0.40086646 -0.89678053 -0.10876641
v -0.40342004 -0.89668616 -0.05532787
v -0.39532401 -0.89647831 0.09812934
v -0.40066311 -0.08842393 -0.18911864
v -0.40437978 -0.07164344 -0.17236081
v -0.39560576 -0.89696537 -0.01194960
v -0.39847335 -0.89655297 0.15517906
v -0.39048860 -0.10614062 -0.16578997
v -0.39907161 -0.06655372 -0.14432094
v -0.39431494 -0.06432005 -0.20567570
v -0.40201974 -0.99281342 -0.22420949
v -0.39153197 -0.90139324 -0.18442899
v -0.39106118 -0.89670080 -0.16637980
v -0.39210323 -0.89738449 -0.07464543
v -0.39120808 -0.89401980 0.03765351
v -0.39146950 -0.04747238 -0.18153654
v -0.39238987 -0.03002124 -0.19928677
v -0.39615361 0.00898209 -0.18049055
v -0.39271682 -0.94512257 0.19608731
v -0.38875076 -0.89757286 -0.10967225
v -0.38774400 -0.89629194 -0.08098974
v -0.39138181 -0.89622824 -0.03145181
v -0.38553904 -0.88786211 0.05557287
v -0.39128661 -0.89590555 0.09676701
v -0.38756453 -0.10467474 -0.13087659
v -0.39863943 -0.05582326 -0.15827224
v -0.38615448 -0.01315181 -0.16834621
v -0.39797362 0.00076765 -0.20210539
v -0.38687121 0.02252278 -0.14788045
v -0.39509081 -0.99904410 0.06396637
v -0.38075934 -0.99671075 -0.24973191
v -0.37901823 -0.99539701 -0.06834319
v -0.37907191 -0.89659052 -0.19851572
v -0.38368112 -0.89701494 0.14549705
v -0.38282649 -0.88804245 -0.04032101
v -0.38571731 -0.13425532 -0.13547576
v -0.39051342 -0.10372428 -0.15108876
v -0.38365087 -0.11811295 -0.10846246
v -0.39466950 -0.01764981 -0.22808911
v -0.38442925 -0.02110523 -0.24869475
v -0.38005735 0.02646996 -0.21001595
v -0.36726613 -0.99972599 -0.23437197
v -0.38804913 -0.98655120 -0.24172443
v -0.36903304 -0.89875629 0.20346740
v -0.38874604 -0.89890938 0.17900800
v -0.38251643 -0.89728523 -0.13182186
v -0.37968315 -0.88731240 -0.06624214
v -0.38207080 -0.88784811 0.10803106
v -0.37913554 -0.88649910 0.09495117
v -0.37940965 -0.13057536 -0.10612252
v -0.39153523 -0.09112741 -0.22005083
v -0.38655934 -0.06565907 -0.22345134
v -0.37702293 0.04350324 -0.14299631
v -0.38180673 0.03847107 -0.16345540
v -0.38256930 0.06923604 -0.17371786
v -0.38333157 0.07266861 -0.19393214
v -0.38147420 -0.99828593 -0.05393222
v -0.38559428 -0.99898440 -0.00772439
v -0.38084662 -0.99877829 0.09896554
v -0.37871201 -0.90010559 -0.21100960
v -0.37545043 -0.88692440 -0.10926688
v -0.37370367 -0.88742991 0.14577570
v -0.37592101 -0.89627821 0.16036643
v -0.36215184 -0.88659862 0.05328870
v -0.37775899 -0.14750798 -0.13282427
v -0.38086811 -0.12604879 -0.17366966
v -0.38805412 -0.10093571 -0.21574272
v -0.38545407 -0.04342030 -0.12501930
v -0.38251711 -0.03433555 -0.15050075
v -0.36767500 -0.02397037 -0.13026872
v -0.37738515 0.04283901 -0.19955487
v -0.37550245 -0.99880070 -0.09129979
v -0.37421668 -0.99822885 0.01064638
v -0.37483613 -0.95957278 0.22090357
v -0.36698449 -0.09729538 -0.24139555
v -0.38436738 -0.08760069 -0.12121723
v -0.36977216 -0.03836737 -0.10433465
v -0.38096311 -0.05097955 -0.10952083
v -0.38042756 0.00781880 -0.14385450
v -0.37133109 0.02603486 -0.12138025
v -0.36729658 0.06339309 -0.23027976
v -0.37297812 0.08273741 -0.21485355
v -0.36703465 0.10461971 -0.18587409
v -0.32582173 -0.99994383 -0.26456584
v -0.38566901 -0.99838944 0.13816008
v -0.36799973 -0.10693544 -0.08254602
v -0.36803598 0.10013896 -0.16468735
v -0.35871757 -0.99881208 -0.26604330
v -0.39746802 -0.99894478 0.20362797
v -0.36330819 -0.99385387 -0.12018505
v -0.36407391 -0.99348896 -0.00929841
v -0.37533577 -0.99644179 0.07360343
v -0.36420155 -0.89656547 -0.22358633
v -0.37465687 -0.89694346 -0.16475383
v -0.38270009 -0.89655417 0.17509614
v -0.36151298 -0.14852954 -0.11828457
v -0.37468340 -0.12318967 -0.19232815
v -0.35528921 -0.12772602 -0.21118820
v -0.36592805 0.03715701 -0.23088360
v -0.37267414 0.05399277 -0.14190592
v -0.35099957 0.12307012 -0.20407573
v -0.36564836 -0.99833192 -0.07509316
v -0.31780066 -0.99839886 -0.04425904
v -0.37219569 -0.99835889 -0.14876493
v -0.36111233 -0.99852956 -0.02758168
v -0.36940768 -0.99849152 0.04648300
v -0.38020810 -0.99327721 0.22802634
v -0.35778902 -0.89563202 0.18688685
v -0.35438633 -0.15973190 -0.14358087
v -0.35615412 -0.11915973 -0.07537644
v -0.36799949 -0.07984100 -0.24300328
v -0.36534325 -0.07784393 -0.09378639
v -0.38137135 0.00991376 -0.22871676
v -0.34933137 -0.99427259 0.04234575
v -0.35655072 -0.99848720 0.23930023
v -0.36686217 -0.99275406 -0.26545727
v -0.34980819 -0.89646736 -0.23792069
v -0.36744725 -0.15540750 -0.16881084
v -0.34804241 0.03226321 -0.25450531
v -0.34828633 0.06094197 -0.25019752
v -0.35795056 0.07700010 -0.23669602
v -0.36553909 0.09255181 -0.14517991
v -0.35439567 -0.99798953 0.13008196
v -0.34956109 -0.99841229 -0.09364739
v -0.34929311 -0.98702730 0.24578065
v -0.35784258 -0.90457093 0.21606251
v -0.35308685 -0.89624949 -0.20918161
v -0.35179937 -0.88650281 -0.19289120
v -0.35064297 -0.04258091 -0.08733154
v -0.35806199 -0.01928957 -0.12336373
v -0.36581726 -0.00628197 -0.13640873
v -0.35445376 0.06709328 -0.12508221
v -0.35797395 0.13050651 -0.16629088
v -0.35512603 0.14353944 -0.14489832
v -0.34079323 -0.99614236 0.15008248
v -0.36383508 -0.96148665 0.23003182
v -0.36643134 -0.90299387 -0.23024485
v -0.34444772 -0.89820358 -0.25002696
v -0.34299305 -0.89489723 0.20170799
v -0.36906139 -0.88674281 -0.14878258
v -0.34134500 -0.88652230 -0.13756321
v -0.35652263 -0.13709053 -0.09659527
v -0.34982993 -0.10475804 -0.06564693
v -0.35497615 -0.09383132 -0.07219743
v -0.34596009 0.01057893 -0.26152265
v -0.34247137 0.04599497 -0.10961821
v -0.34272169 0.11718791 -0.21725264
v -0.35624871 0.12745917 -0.12798946
v -0.34437393 -0.99691040 -0.21119845
v -0.34892974 -0.99706772 -0.16233201
v -0.35167998 -0.15952232 -0.18530255
v -0.34760163 -0.12989822 -0.08164205
v -0.34650236 -0.08355003 -0.25318211
v -0.33587761 -0.07815278 -0.06800990
v -0.35549414 0.02655025 -0.10693283
v -0.33551592 0.12003463 -0.09006745
v -0.35177075 0.11296557 -0.11519923
v -0.34740839 0.14583574 -0.18788583
v -0.34765598 -0.99824353 0.05711518
v -0.34741561 -0.99905833 -0.18872588
v -0.34661974 -0.18220982 -0.10281369
v -0.35781028 -0.16162227 -0.16518537
v -0.35253420 -0.10716964 -0.24472230
v -0.33581797 -0.09901713 -0.25393100
v -0.33028636 -0.09379173 -0.05601043
v -0.33249917 -0.06160641 -0.07537576
v -0.35441045 -0.03088522 -0.26971216
v -0.34210917 0.16442014 -0.09706651
v -0.34600458 0.17708063 -0.11505216
v -0.33296212 -0.89633591 0.22587791
v -0.32725020 -0.88661678 -0.22491747
v -0.32611302 -0.21626937 -0.11002038
v -0.33705325 -0.15489132 -0.20108189
v -0.33194256 -0.12964025 -0.22313898
v -0.34937030 -0.00138997 -0.12359280
v -0.34328959 0.01048656 -0.10293938
v -0.34806307 -0.99876799 0.11227017
v -0.34741479 -0.99905579 0.00223132
v -0.33593924 -0.16581249 -0.16417393
v -0.32117910 -0.01239690 -0.27070373
v -0.32851543 0.05206171 -0.09988197
v -0.33596528 0.16302396 -0.08544709
v -0.33800104 -0.99763148 0.02191389
v -0.32879014 -0.99695504 0.08501908
v -0.31947959 -0.99494673 0.10576324
v -0.34224997 -0.99303888 -0.28168773
v -0.34193622 -0.89930230 0.22561078
v -0.32319553 -0.89647714 -0.26003317
v -0.35905590 -0.88637223 0.17256521
v -0.33447632 -0.19345337 -0.07319890
v -0.32229608 -0.03794588 -0.07971950
v -0.31985009 -0.01163503 -0.11221037
v -0.32564256 0.19794604 -0.07181843
v -0.31961339 0.24976599 -0.13805902
v -0.32662823 -0.99890810 -0.28418863
v -0.34071136 -0.99887869 0.16768592
v -0.30596980 -0.99897964 0.20745123
v -0.31443698 -0.99748504 -0.16439396
v -0.31763237 -0.96399750 0.25345984
v -0.32401237 -0.90125152 -0.26502870
v -0.30997939 -0.89679300 0.23818442
v -0.31570339 -0.89599617 -0.24668025
v -0.33041155 -0.16625511 -0.18836906
v -0.31465720 -0.16152502 -0.20173371
v -0.33104227 -0.10640550 -0.05696560
v -0.34151651 -0.02772307 -0.09324154
v -0.32181928 0.01611144 -0.09056927
v -0.33158851 0.07771320 -0.24685726
v -0.33134468 0.21233351 -0.09141857
v -0.34347213 0.19296276 -0.13338002
v -0.32466180 -0.99836686 0.25304981
v -0.34712340 -0.99818212 -0.12119513
v -0.31483001 -0.99324987 -0.29391537
v -0.32793285 -0.18876000 -0.05891348
v -0.30877209 -0.12764038 -0.22725760
v -0.33412162 -0.01741639 -0.11326924
v -0.31214586 0.01176748 -0.27113961
v -0.32486323 0.02650676 -0.26744979
v -0.31959217 0.10591240 -0.07800983
v -0.33146663 0.10394203 -0.23164331
v -0.31349652 -0.99869685 0.12517088
v -0.33262067 -0.99411702 0.25500470
v -0.33228935 0.20036533 -0.16554773
v -0.32133325 -0.99835168 -0.20580007
v -0.32802878 -0.99887778 0.02910622
v -0.32574281 -0.99792485 -0.02610980
v -0.30415778 -0.99849976 0.00994670
v -0.29967387 -0.90047479 0.24702430
v -0.32461826 -0.90131037 0.23667718
v -0.30938112 -0.88682070 -0.23966220
v -0.32464020 -0.22782388 -0.08392597
v -0.30959216 -0.09876764 -0.05118695
v -0.32676759 -0.04316855 -0.27350657
v -0.30454405 0.02818568 -0.26785172
v -0.31192722 0.14063160 -0.22211963
v -0.31777878 0.17460694 -0.05909014
v -0.32267811 0.15808455 -0.20887712
v -0.30021832 -0.99841091 -0.12272579
v -0.32295798 -0.99703771 -0.07668736
v -0.30511248 -0.99446524 -0.03066295
v -0.29449001 -0.99343111 0.26686086
v -0.30168298 -0.88704099 0.01680016
v -0.30987017 -0.25750327 -0.05455547
v -0.31711106 -0.23378608 -0.05373033
v -0.31017413 -0.21767764 -0.03468990
v -0.31515986 -0.18101276 -0.04284173
v -0.29122285 -0.16391798 -0.19435393
v -0.31390899 -0.10221151 -0.25486636
v -0.30078735 0.02824530 -0.08877266
v -0.29443237 0.08086458 -0.07029561
v -0.30669603 0.07989648 -0.24380316
v -0.31534371 0.22928594 -0.05351701
v -0.31040722 0.23451115 -0.17219806
v -0.31616208 0.26590114 -0.09370423
v -0.29882981 -0.99878434 -0.29445954
v -0.31277180 -0.99900360 -0.22303034
v -0.30076095 -0.90165864 -0.27642691
v -0.30970869 -0.89611291 0.22681286
v -0.29478529 -0.88602160 0.02791041
v -0.30478249 -0.88677581 0.05207914
v -0.30173734 -0.27364142 -0.02329138
v -0.31613419 -0.26595356 -0.04705160
v -0.30365829 -0.24143055 -0.02802209
v -0.31288884 -0.16981985 -0.17075625
v -0.32507695 -0.12013435 -0.06384645
v -0.29469621 -0.08701584 -0.05547988
v -0.30149069 -0.02261780 -0.11041496
v -0.28970921 0.13149544 -0.22827111
v -0.31621337 0.24805338 -0.06381892
v -0.29409713 -0.99921970 -0.15699584
v -0.29868176 -0.99877936 -0.01868135
v -0.30573460 -0.99842603 0.17068589
v -0.29678813 -0.89623248 -0.27150675
v -0.29240164 -0.89559338 -0.26131311
v -0.31028100 -0.88671988 0.16655205
v -0.31028608 -0.29441022 -0.04442085
v -0.30535678 -0.30304148 -0.03338419
v -0.29980587 -0.26833596 -0.07488915
v -0.30899091 -0.22027295 -0.12402077
v -0.29720153 -0.20306684 -0.02441866
v -0.28675400 -0.09498860 -0.25234524
v -0.29428961 -0.06856678 -0.07176210
v -0.29507687 -0.00000266 -0.08652012
v -0.29080651 0.18067473 -0.21250527
v -0.29559253 0.13671601 -0.04840829
v -0.30385758 0.28078663 -0.13637742
v -0.30868812 -0.99925643 0.24565192
v -0.29659747 -0.99824701 0.03857498
v -0.29522830 -0.99498707 0.05381421
v -0.30247611 -0.24554824 -0.00930424
v -0.29349673 -0.23071612 -0.12236449
v -0.29017789 -0.12467880 -0.22536272
v -0.31252812 -0.07411167 -0.26168427
v -0.30386567 -0.02953247 -0.09062478
v -0.28827170 0.01272697 -0.26697549
v -0.28254741 0.18233906 -0.01719595
v -0.30344738 0.20922863 -0.03298434
v -0.28906763 0.27832754 -0.16389046
v -0.27925961 -0.99824929 -0.22704738
v -0.31326616 -0.99822612 0.06707416
v -0.29796363 -0.99883404 0.09902750
v -0.30376612 -0.99533323 -0.21361165
v -0.31137433 -0.88712196 0.21752491
v -0.28348426 -0.88607143 -0.00342016
v -0.29901800 -0.88424131 0.06249589
v -0.29652564 -0.86950899 0.07841089
v -0.29412263 -0.30858022 -0.04248061
v -0.29561428 -0.23330613 -0.01734033
v -0.29533646 -0.01678695 -0.26661248
v -0.27652653 -0.01416501 -0.25765858
v -0.31011500 -0.00379304 -0.09353913
v -0.28788835 0.04501321 -0.07906107
v -0.29532284 0.25354832 -0.03499886
v -0.29896318 0.29064396 -0.09656667
v -0.28436639 0.29252991 -0.06153794
v -0.29432565 -0.99802987 -0.04685060
v -0.29294010 -0.87949104 0.03551319
v -0.28956863 -0.85344619 0.07135949
v -0.28826363 -0.86304994 0.03032192
v -0.29300764 -0.31744563 -0.01703834
v -0.30232761 -0.27420282 -0.06805399
v -0.29453330 -0.23679644 -0.00163193
v -0.28379459 -0.22666658 -0.00935283
v -0.28107857 -0.20932860 -0.13905410
v -0.29439791 -0.15554422 -0.20641663
v -0.30114892 -0.11501569 -0.05790620
v -0.27397039 0.22618508 -0.01239213
v -0.29771912 0.27523438 -0.05549712
v -0.29044234 -0.99918837 -0.19423036
v -0.26866622 -0.99729194 0.18556672
v -0.28224996 -0.99632468 -0.14073083
v -0.31024569 -0.99778315 -0.10519064
v -0.28189058 -0.99704118 0.14371986
v -0.29249846 -0.99319086 -0.30079573
v -0.26631952 -0.94301431 -0.29613898
v -0.30252301 -0.88656889 -0.21370596
v -0.28546301 -0.30290306 0.00411841
v -0.28870256 -0.27079379 -0.08646641
v -0.28374512 -0.24245432 0.01480716
v -0.28286242 -0.23334252 0.00725139
v -0.27677507 -0.16156336 -0.17028338
v -0.29309401 -0.16516008 -0.17548220
v -0.29232901 -0.15848397 -0.03855425
v -0.28406017 -0.04570087 -0.08050390
v -0.28590890 -0.04617831 -0.26437618
v -0.27325918 -0.03245286 -0.11371665
v -0.28377885 0.26757314 -0.17784377
v -0.28521750 0.29929030 -0.13205843
v -0.26385351 -0.99997096 -0.26916206
v -0.26513535 -0.99878003 -0.04100231
v -0.27145013 -0.88737283 -0.03259879
v -0.29253786 -0.88451122 0.10051843
v -0.28193074 -0.87617187 0.11445121
v -0.28063835 -0.84598325 0.04682920
v -0.27841600 -0.31909267 -0.03136614
v -0.27774639 -0.32074044 -0.01148571
v -0.29062588 -0.12745027 -0.05423641
v -0.26966261 -0.07128956 -0.08033950
v -0.27608560 0.01359789 -0.08879334
v -0.28592814 0.06430607 -0.24436908
v -0.29452805 0.21462448 -0.19673714
v -0.27965648 0.30981053 -0.08558955
v -0.27272208 -0.99861183 -0.30043879
v -0.26928742 -0.99821227 -0.10089030
v -0.26484837 -0.99382581 -0.30603971
v -0.28211266 -0.99677540 -0.17183733
v -0.29512543 -0.88682318 -0.06976283
v -0.27559506 -0.88311613 0.12294354
v -0.28407539 -0.85344908 0.10064338
v -0.27341977 -0.30880667 -0.06362108
v -0.28537996 -0.26071938 0.01558494
v -0.28178505 -0.20053478 -0.01842735
v -0.25512410 0.04413301 -0.23355640
v -0.26221634 0.13104041 -0.02772880
v -0.27282874 0.31113809 -0.13773944
v -0.27934344 0.31259741 -0.11291540
v -0.27154964 -0.99507159 0.11034873
v -0.26843387 -0.89546420 0.24230087
v -0.28512842 -0.88667064 -0.25422192
v -0.26445982 -0.88704386 -0.05191272
v -0.29688425 -0.88685369 0.11241432
v -0.26324028 -0.85119725 -0.02479438
v -0.27328444 -0.28173449 0.03311171
v -0.26542666 -0.25017657 -0.10978225
v -0.27077772 -0.11818673 -0.06863006
v -0.26562012 -0.10287889 -0.06292597
v -0.28287320 -0.02331103 -0.11301055
v -0.25531449 0.11135180 -0.22498495
v -0.26594709 0.23784922 -0.19675248
v -0.27527644 0.29319922 -0.15716033
v -0.26477945 0.30553026 -0.15958558
v -0.27055708 -0.99763570 -0.07556008
v -0.27361154 -0.99830925 0.03444843
v -0.27945467 -0.99728383 0.12568131
v -0.25378780 -0.88467970 0.13863109
v -0.26653462 -0.85925668 0.12607751
v -0.26937311 -0.36746936 0.00025660
v -0.27454406 -0.31191087 0.00548748
v -0.27290260 -0.29158784 -0.08399468
v -0.26570465 -0.26839330 -0.09797747
v -0.26482873 -0.16015703 -0.04356164
v -0.28030231 -0.06509862 -0.25216343
v -0.26385023 0.00956300 -0.09280671
v -0.26502357 0.03421678 -0.07957494
v -0.26968436 0.08991521 -0.05577174
v -0.27923419 0.26072109 -0.02780891
v -0.27346618 0.30528960 -0.06310096
v -0.27596788 0.78215169 -0.01027356
v -0.27171735 0.80718251 -0.03705151
v -0.25298473 -0.83233810 0.02019215
v -0.26563974 -0.37268915 -0.01974423
v -0.27103816 -0.35017877 0.01896253
v -0.26317317 -0.35380911 -0.00796605
v -0.26461865 -0.33817931 0.01450464
v -0.26057357 -0.31789241 -0.06439007
v -0.26868372 -0.26957824 0.03539721
v -0.26259614 -0.20451814 -0.13469726
v -0.25864037 -0.14768319 -0.19577147
v -0.27318624 -0.01239492 -0.09516010
v -0.25017611 0.15621667 -0.01232730
v -0.26111951 0.22844748 0.00195053
v -0.27369459 0.78732721 0.00613381
v -0.26910102 0.81873836 0.06282063
v -0.27104318 0.81903696 -0.02049460
v -0.25790072 -0.99744377 -0.11412715
v -0.24004537 -0.99866020 0.21463591
v -0.24078142 -0.99923558 0.25237907
v -0.28147251 -0.99741245 0.26717401
v -0.25398779 -0.99579015 -0.12683386
v -0.27099066 -0.99882035 -0.12435302
v -0.27206553 -0.99841115 -0.00065273
v -0.25528237 -0.98312598 -0.30548196
v -0.27901297 -0.89806447 -0.28208839
v -0.25455218 -0.88690720 -0.26415213
v -0.27531184 -0.88647158 0.23004118
v -0.24704113 -0.83132095 0.05093647
v -0.27086712 -0.83761017 0.09034104
v -0.26019638 -0.34659169 0.04648739
v -0.25865550 -0.31006648 0.03365752
v -0.26613398 -0.24159252 0.01671234
v -0.26605251 -0.22360425 -0.00549578
v -0.24835034 -0.23168385 -0.11134526
v -0.26990605 -0.18558088 -0.02660950
v -0.26295957 -0.15695320 -0.16237271
v -0.25948430 -0.08691243 -0.23607171
v -0.24886267 -0.05960284 -0.21664285
v -0.25707832 -0.03700233 -0.12847979
v -0.26278450 -0.02936579 -0.12237633
v -0.26704976 0.18372351 -0.21262446
v -0.26154070 0.27364473 -0.18139378
v -0.26073701 0.29339857 -0.17403080
v -0.26157473 0.78379881 0.02956816
v -0.26628197 0.80040914 0.07000223
v -0.26283520 0.80251421 0.09639998
v -0.26376439 0.81133364 -0.00250285
v -0.25846277 0.84252692 0.07305368
v -0.26669326 0.82671665 -0.04986689
v -0.26432924 0.83259009 -0.02488997
v -0.26726232 0.83389354 0.05223578
v -0.25448642 -0.99840198 -0.15473868
v -0.23747837 -0.99833037 0.09227902
v -0.24233419 -0.88629533 -0.12754651
v -0.25289395 -0.88667347 -0.07529612
v -0.26053865 -0.88389947 -0.04645092
v -0.26383206 -0.88719779 0.14089408
v -0.27681931 -0.88135802 -0.01082872
v -0.26627866 -0.84276764 -0.00011373
v -0.26607373 -0.36375729 0.02389408
v -0.26639614 -0.32855501 0.03885174
v -0.26313171 -0.29609684 0.02729355
v -0.25472978 -0.07773525 -0.22965956
v -0.24602029 -0.03619030 -0.23068613
v -0.26078070 0.01068520 -0.24842366
v -0.25406722 0.16092025 -0.21542206
v -0.26451903 0.20002430 -0.00668702
v -0.25854660 0.75534318 0.04441195
v -0.25286786 0.75851341 0.05569268
v -0.25882684 0.78863350 0.06846727
v -0.26815059 0.77969660 -0.03661467
v -0.25239030 0.77418252 0.10577148
v -0.26237645 0.81566485 0.03469147
v -0.26636546 0.82047889 0.08082435
v -0.26295451 0.81998185 -0.06015879
v -0.24571516 -0.99878930 -0.11567333
v -0.25265390 -0.95482467 0.27020362
v -0.25714502 -0.95728324 0.26732466
v -0.25765742 -0.37675321 -0.03877903
v -0.24934498 -0.27666824 0.03210024
v -0.25142577 -0.17547435 -0.04461848
v -0.25021281 -0.15196216 -0.17709977
v -0.26528218 -0.04166072 -0.09588875
v -0.24953591 0.22858737 -0.19843190
v -0.24928804 0.25009339 -0.19346247
v -0.26545187 0.26534071 -0.01405549
v -0.22833159 0.33343164 -0.10293546
v -0.25849564 0.74414928 0.03291202
v -0.26499329 0.76007115 -0.01577697
v -0.24708147 0.80108556 0.02548176
v -0.26006316 0.83633063 0.01840551
v -0.23194589 -0.99756208 -0.30543927
v -0.24772537 -0.95664152 0.28206307
v -0.24948238 -0.92524118 0.26722929
v -0.25134018 -0.91496159 0.26199046
v -0.24987337 -0.37973000 0.03709328
v -0.25627809 -0.35789724 -0.02734265
v -0.25133219 -0.34837697 -0.04731588
v -0.24051810 -0.30568159 -0.07931068
v -0.25295381 -0.29697198 0.04891126
v -0.24674376 -0.28597450 0.03782393
v -0.25229956 -0.22275963 0.02442838
v -0.25105326 -0.22807541 0.00040622
v -0.25119422 -0.19758300 -0.02694369
v -0.25650390 -0.12375310 -0.08059930
v -0.25036773 -0.11368318 -0.07920101
v -0.26380742 -0.10945090 -0.22057117
v -0.26076603 -0.09053170 -0.07046929
v -0.24708092 -0.08212863 -0.09911658
v -0.23992564 0.04290684 -0.21908612
v -0.24392032 0.13439701 -0.02124716
v -0.25247879 0.28353974 -0.18572916
v -0.27160711 0.28640490 -0.03390440
v -0.25594642 0.74122978 0.01549955
v -0.24737181 0.73959254 0.07573826
v -0.25145597 0.85191189 -0.05747585
v -0.25855639 0.85311835 0.03771447
v -0.25307409 -0.99793218 0.01808805
v -0.25992895 -0.99814908 -0.20293900
v -0.24914358 -0.96532290 0.26943562
v -0.24514797 -0.91990287 0.28052580
v -0.23758091 -0.91324892 0.26697713
v -0.25859053 -0.83636764 0.11274666
v -0.23765249 -0.82776707 -0.06208149
v -0.24443015 -0.45246407 -0.03085813
v -0.25134615 -0.41542151 -0.02295564
v -0.24949582 -0.40778568 0.00653624
v -0.24806122 -0.23769626 0.04585799
v -0.24586994 -0.24227363 0.03360145
v -0.24554362 -0.22818905 0.00631144
v -0.24615270 -0.21285797 -0.01643207
v -0.25005142 -0.20845873 0.00840999
v -0.24687444 -0.19515923 -0.02267325
v -0.24477300 -0.18440696 -0.03755645
v -0.24772276 -0.14735600 -0.14761860
v -0.24507075 -0.12730320 -0.09912044
v -0.23505562 -0.10409478 -0.08780372
v -0.24936034 -0.05603337 -0.10117934
v -0.25177335 -0.00764297 -0.23293111
v -0.24790394 -0.01533254 -0.11129441
v -0.25090940 0.03833984 -0.08051641
v -0.24948756 0.06277589 -0.06687602
v -0.25676303 0.07233141 -0.06079435
v -0.25029464 0.29290664 -0.18090516
v -0.25017339 0.60176598 -0.07038947
v -0.24791810 0.61715539 -0.05447147
v -0.24867509 0.62927989 -0.06137163
v -0.24081222 0.73933671 -0.00156692
v -0.25453584 0.76983904 -0.05947700
v -0.24129552 0.76701317 0.06684640
v -0.24377208 0.77895472 0.05092203
v -0.24645731 0.79464493 0.03678766
v -0.24942417 0.79047562 -0.08953737
v -0.25315584 0.81470024 0.10622558
v -0.24663337 0.81547730 0.00858783
v -0.24602066 0.82621180 -0.00345596
v -0.25150085 0.85427367 0.00643777
v -0.24311736 0.86724893 0.01220873
v -0.27984865 -0.99832279 0.06014434
v -0.25561412 -0.99800779 0.15429853
v -0.23890013 -0.91608407 0.27764267
v -0.24445325 -0.89823446 -0.28931294
v -0.23931695 -0.89870017 0.26043065
v -0.23137670 -0.88803313 0.24145312
v -0.24699484 -0.88503371 -0.07819723
v -0.23635945 -0.83524770 -0.07763544
v -0.24169496 -0.44672500 -0.00519642
v -0.24607004 -0.36347576 -0.04366686
v -0.23715179 -0.34579157 -0.06289762
v -0.22956162 -0.31974618 -0.07534841
v -0.25471937 -0.33026260 0.05385756
v -0.22989263 -0.26603158 0.02885742
v -0.24412417 -0.25265478 -0.09943323
v -0.23711060 -0.24063470 0.06181932
v -0.23831222 -0.24224429 0.01599627
v -0.24888601 -0.23011984 0.04170322
v -0.24388027 -0.14644407 -0.08536458
v -0.23885561 -0.12565047 -0.10488932
v -0.24648013 -0.04657418 -0.12353763
v -0.23867394 0.08521366 -0.05279710
v -0.23630046 0.10459834 -0.03963728
v -0.23708425 0.13360026 0.00070595
v -0.25789291 0.20652781 0.00573923
v -0.24378162 0.63049146 -0.04162739
v -0.24980589 0.73121378 0.04565924
v -0.24237446 0.75396398 -0.03669451
v -0.24721318 0.77457838 -0.07847921
v -0.25220915 0.80899043 -0.06928927
v -0.24109672 0.84205597 -0.01702634
v -0.25112195 0.84071948 -0.07806955
v -0.23884006 -0.99855012 -0.06338659
v -0.22504202 -0.99848478 -0.00217171
v -0.23215787 -0.99897912 0.07088556
v -0.25082691 -0.89569598 -0.27574899
v -0.23971695 -0.88612013 -0.09546649
v -0.23656667 -0.86302741 0.13864663
v -0.24115050 -0.85745416 -0.08004051
v -0.23966975 -0.82960711 -0.10297122
v -0.24336019 -0.81492996 -0.07562045
v -0.23466780 -0.79435874 -0.11078967
v -0.23772471 -0.79178865 -0.06921613
v -0.23924347 -0.75969245 -0.11703836
v -0.24069051 -0.49069240 -0.04006571
v -0.24544704 -0.41891219 -0.05594677
v -0.23671412 -0.39219787 -0.08015990
v -0.24172010 -0.24628602 0.01471664
v -0.24487792 -0.24709512 0.05596081
v -0.24634109 -0.19864662 -0.12305627
v -0.23797208 -0.17205120 -0.11924997
v -0.24023909 -0.17526948 -0.05124508
v -0.23969433 -0.13758708 -0.18012005
v -0.24042763 -0.13868368 -0.12688257
v -0.24084829 -0.09939615 -0.19364336
v -0.23778000 -0.08315102 -0.20131819
v -0.24064515 -0.05935344 -0.20005164
v -0.24282042 -0.04374110 -0.15720344
v -0.24400983 0.01355626 -0.10550713
v -0.23432975 0.05872172 -0.07114740
v -0.23254775 0.16528758 -0.20468448
v -0.23018086 0.18969918 -0.19801513
v -0.23357321 0.21683112 -0.19813117
v -0.24760579 0.27656967 -0.19184049
v -0.24003879 0.64566391 -0.03882476
v -0.23972519 0.64370496 -0.05502058
v -0.24163111 0.72482653 -0.04833507
v -0.23959247 0.71539428 -0.08593351
v -0.23727878 0.73469886 -0.02918246
v -0.24319124 0.74182439 -0.08091552
v -0.23854175 0.74894119 -0.03769061
v -0.23915529 0.76455007 -0.07256932
v -0.24170467 0.77026657 0.07535769
v -0.23360967 0.85468602 -0.03045196
v -0.23267207 -0.99649814 -0.15755458
v -0.23447875 -0.99695811 0.04622112
v -0.27028968 -0.90011132 0.25491393
v -0.23927224 -0.88697477 0.14855845
v -0.23485000 -0.81861734 -0.03455409
v -0.23320678 -0.81591828 -0.04190995
v -0.23884281 -0.77459163 -0.12802139
v -0.23620078 -0.78100727 -0.10636388
v -0.23778662 -0.75630003 -0.08824404
v -0.22944385 -0.77437008 -0.07983490
v -0.23028359 -0.74948828 -0.06341552
v -0.22863619 -0.73160481 -0.06850927
v -0.22453908 -0.72152789 -0.10547632
v -0.23430806 -0.58590358 -0.07513791
v -0.23577230 -0.55781698 -0.04305121
v -0.23576911 -0.50198380 -0.01605150
v -0.23870262 -0.47619787 -0.06449634
v -0.23445390 -0.36314732 -0.06231458
v -0.22323608 -0.29572020 0.07038260
v -0.23086037 -0.27509508 -0.08628901
v -0.22745953 -0.26590699 0.03362408
v -0.23877147 -0.26586735 -0.09634450
v -0.23212802 -0.19884054 0.03381600
v -0.23204993 -0.15442478 -0.02023556
v -0.23368050 -0.15457750 -0.04936422
v -0.24152425 -0.13584747 -0.11081576
v -0.23506408 -0.16580865 -0.08547564
v -0.23676244 -0.16663808 -0.07441853
v -0.22818480 -0.13451468 -0.14291504
v -0.23519104 -0.07859215 -0.12000919
v -0.23145177 -0.03127628 -0.18794362
v -0.23785182 -0.02087427 -0.13354589
v -0.23931862 -0.00731659 -0.20569397
v -0.23517105 0.04098618 -0.08818300
v -0.23640905 0.09657737 -0.21515485
v -0.23319614 0.11169427 -0.00562927
v -0.25098040 0.17968362 0.00718784
v -0.21173547 0.16213760 0.04420004
v -0.22639769 0.33233114 -0.12725522
v -0.24049429 0.56722546 -0.06497620
v -0.24358974 0.58058164 -0.07648019
v -0.24015828 0.59841210 -0.08087474
v -0.24536544 0.59081341 -0.06071901
v -0.23738161 0.68183658 -0.05433501
v -0.23661237 0.69346163 0.01889216
v -0.23775639 0.72981804 -0.06212064
v -0.22823934 0.72463306 -0.11438187
v -0.23994528 0.72149048 0.08546733
v -0.23650741 0.72149523 -0.01431338
v -0.23051248 0.72449627 0.01548711
v -0.23510022 0.73150662 0.00417409
v -0.22993359 0.74239908 -0.10548483
v -0.23750189 0.74099239 -0.01462470
v -0.23529830 0.75172699 -0.05364534
v -0.23515486 0.76050295 0.08938175
v -0.22759814 0.75289222 0.10955063
v -0.23502944 0.77652542 -0.12482612
v -0.22765974 0.76883019 0.13447474
v -0.25173804 0.78285517 0.11450802
v -0.22689438 0.79077319 -0.11055273
v -0.23406339 0.82453047 -0.09998626
v -0.23707804 0.84163980 0.09107191
v -0.23609228 0.84510530 0.11943602
v -0.23165366 0.85950271 0.06527956
v -0.22498875 -0.88692715 -0.22687165
v -0.23596304 -0.83128598 0.11217043
v -0.25052032 -0.82420448 -0.00245943
v -0.23458827 -0.78574384 -0.09428537
v -0.23157011 -0.60957608 -0.06741036
v -0.23000923 -0.65689343 -0.09217365
v -0.22910638 -0.66517599 -0.11375600
v -0.23152064 -0.58950759 -0.09463901
v -0.22962775 -0.47497319 -0.08863331
v -0.22983187 -0.49179799 0.00270713
v -0.22986704 -0.28614489 0.06490678
v -0.23257980 -0.27132123 -0.09963428
v -0.23731877 -0.25722846 -0.10077947
v -0.23557234 -0.27200488 0.05457911
v -0.23132390 -0.19695601 -0.10288063
v -0.22983447 -0.17193761 -0.09032950
v -0.23066751 -0.15752501 -0.07378894
v -0.22606215 -0.12191232 -0.10482103
v -0.23281518 -0.11025503 -0.06371785
v -0.23412126 -0.11697625 -0.03671372
v -0.23317462 -0.11378024 -0.08863239
v -0.22982936 -0.10013405 -0.08674052
v -0.23174488 -0.09321567 -0.16708615
v -0.22970650 -0.09064259 -0.12034362
v -0.22965636 -0.08546348 -0.14139360
v -0.23095342 -0.07141873 -0.06305205
v -0.22906189 -0.07723598 -0.02919161
v -0.23230039 -0.06122341 -0.13298811
v -0.23110859 -0.02533061 -0.16308098
v -0.23067099 0.00395378 -0.15822004
v -0.23361964 0.01558073 -0.12422272
v -0.22326770 0.03575672 -0.18103086
v -0.22916533 0.03489319 -0.20150586
v -0.22771907 0.02915499 -0.10781399
v -0.23226544 0.06632319 -0.04975631
v -0.22707134 0.22720893 0.01833115
v -0.23016098 0.55466262 -0.05270429
v -0.23103543 0.69671551 -0.00740509
v -0.23180748 0.70510038 -0.07193424
v -0.23246410 0.69452465 0.05064651
v -0.23155859 0.70215076 0.00608655
v -0.23346668 0.71861923 0.04251583
v -0.23328835 0.72864813 0.02186279
v -0.23587674 0.73522440 0.10402679
v -0.23569971 0.74083998 -0.12400431
v -0.24827013 0.79512865 0.11864290
v -0.24404456 0.80299873 -0.09710808
v -0.23680934 0.81978812 0.11275464
v -0.22686001 0.84831410 0.13526196
v -0.24601426 0.85537601 -0.04456951
v -0.23196632 0.86517849 -0.01805070
v -0.23412869 0.86299397 0.10461623
v -0.21834777 -0.99878333 -0.02630607
v -0.22585870 -0.99866279 0.11359723
v -0.23077994 -0.99851773 0.16724972
v -0.22244199 -0.99276741 -0.30896318
v -0.24733517 -0.93950615 0.28073456
v -0.23032321 -0.88613425 -0.11372123
v -0.22073844 -0.88671807 0.20348513
v -0.21543341 -0.88681228 0.23826043
v -0.23814410 -0.87955268 -0.09065243
v -0.21764749 -0.88411928 0.13993457
v -0.23137016 -0.84554365 0.13145108
v -0.22611263 -0.84713644 -0.10907662
v -0.22979871 -0.83013551 -0.13751073
v -0.22441280 -0.82693814 0.03949804
v -0.22817940 -0.80492445 -0.14761864
v -0.23654253 -0.80303043 -0.04267721
v -0.22031779 -0.76686255 -0.06146349
v -0.22338595 -0.72837156 -0.12790897
v -0.22655745 -0.59588139 -0.03685378
v -0.23180165 -0.54800023 -0.08960111
v -0.23008824 -0.55548839 -0.01711041
v -0.23111091 -0.43408118 0.02565546
v -0.22155158 -0.37643181 -0.09363108
v -0.22869008 -0.34281448 0.06853453
v -0.22088033 -0.33926227 -0.09436464
v -0.22111728 -0.28448222 -0.13774454
v -0.23419889 -0.26970818 0.07018001
v -0.22561798 -0.26601021 -0.12857165
v -0.22967327 -0.25331001 0.02750284
v -0.21711021 -0.27703249 0.08404556
v -0.22996932 -0.23228924 -0.09697107
v -0.21766759 -0.21712111 0.05709433
v -0.23485857 -0.18294692 0.01726262
v -0.22466218 -0.18966918 -0.09911409
v -0.22693087 -0.13780104 -0.00927184
v -0.22522157 -0.12557359 -0.15587097
v -0.22142143 -0.12024441 -0.11657225
v -0.22753246 -0.12351272 -0.08794200
v -0.22861483 -0.10547027 -0.00308045
v -0.22897317 -0.09888567 -0.10062379
v -0.22893589 -0.06864715 -0.17381114
v -0.22590656 -0.04243593 -0.05388451
v -0.21969065 0.22080555 -0.20874670
v -0.22982880 0.32594199 -0.06972191
v -0.23048193 0.54773673 -0.05886100
v -0.21413904 0.60081695 -0.04516085
v -0.23661191 0.64062007 -0.02886920
v -0.23073155 0.66241948 -0.07376944
v -0.22716750 0.67168989 -0.09347123
v -0.23033338 0.67798306 0.00061894
v -0.22964808 0.68383849 -0.09368003
v -0.22548267 0.69095992 -0.02803904
v -0.23432495 0.75882388 -0.14369745
v -0.22465989 0.77425647 -0.10065801
v -0.22810249 0.80125543 0.12737988
v -0.22204728 0.87241678 -0.01348149
v -0.22760758 0.87413676 0.02652244
v -0.23155349 0.87098455 0.03423829
v -0.22535885 0.86983297 0.05120945
v -0.22831295 0.87866789 0.07884940
v -0.22454412 -0.99939461 -0.17292532
v -0.25118839 -0.99880528 0.26721953
v -0.22239006 -0.96334882 0.28394910
v -0.21258305 -0.94338303 0.28061147
v -0.20918788 -0.91958302 0.28369951
v -0.21790707 -0.89710295 0.25299638
v -0.21929777 -0.84197236 -0.14957466
v -0.21488699 -0.83396852 0.11100224
v -0.20943455 -0.81793676 0.03453270
v -0.23521509 -0.81746758 0.00850244
v -0.22849315 -0.77971724 -0.15783803
v -0.22430754 -0.64231806 -0.12741064
v -0.22468057 -0.67256776 -0.13323358
v -0.22270311 -0.57025063 -0.11326869
v -0.21261771 -0.49795781 0.02703410
v -0.21698107 -0.47871883 -0.10982056
v -0.22119913 -0.40935147 0.04959812
v -0.22164003 -0.27996341 -0.08295143
v -0.22302496 -0.27172727 -0.08515276
v -0.21379443 -0.23540488 -0.12537192
v -0.22948391 -0.20593614 -0.10224178
v -0.22633303 -0.15645400 -0.08869578
v -0.21834842 -0.13230759 -0.10782833
v -0.21639252 -0.12161427 0.02815867
v -0.22067926 -0.10762198 -0.12361090
v -0.22180219 -0.10004620 -0.11649223
v -0.22765945 -0.08538548 -0.08694839
v -0.22555040 -0.00642499 -0.07645030
v -0.22625746 0.02931399 -0.09374894
v -0.22528945 0.04310436 -0.01372549
v -0.22200679 0.02535449 -0.11533905
v -0.22185747 0.03156946 -0.13415907
v -0.21424743 0.12771323 -0.18974354
v -0.21975414 0.13150895 0.03265742
v -0.22214498 0.29954920 -0.02803503
v -0.21101847 0.54835376 -0.03544119
v -0.21759039 0.63053978 -0.09727664
v -0.21698072 0.64934969 -0.02550455
v -0.22439244 0.64364444 0.01831092
v -0.22393298 0.65278549 -0.05958407
v -0.22601092 0.71103828 0.06988681
v -0.22942967 0.71854028 0.10855215
v -0.21991639 0.79243246 -0.15089799
v -0.22453613 0.87590801 0.01577873
v -0.22284692 0.88606793 0.02560842
v -0.13782164 -0.99842983 -0.30141376
v -0.21255455 -0.99812955 -0.22473646
v -0.22496727 -0.99863640 -0.08451467
v -0.24752976 -0.89604396 0.24661656
v -0.21507988 -0.80989286 -0.01736854
v -0.23020093 -0.76245956 -0.14835773
v -0.22147404 -0.70953072 -0.07270780
v -0.22386700 -0.63045236 -0.04942122
v -0.21738787 -0.59952374 -0.01901254
v -0.21272907 -0.56427300 0.01475900
v -0.22444747 -0.43801363 -0.09793263
v -0.22874712 -0.28118457 -0.12167537
v -0.21338298 -0.28760005 -0.10514821
v -0.22354713 -0.15586913 0.00784824
v -0.22153122 -0.09173576 -0.10460369
v -0.21401561 -0.05348850 -0.12055075
v -0.21605997 -0.05952034 -0.01150929
v -0.22261796 -0.01021705 -0.03888496
v -0.22328759 -0.02921045 -0.09420597
v -0.21463520 -0.00270543 -0.12614989
v -0.21527827 0.05027471 -0.15581018
v -0.22061917 0.16597757 -0.19586915
v -0.22276574 0.54428859 -0.06788421
v -0.22326989 0.57856168 -0.08115808
v -0.21091810 0.57536451 -0.04503849
v -0.24172600 0.61990370 -0.07621120
v -0.22154112 0.63427586 -0.07209820
v -0.22395642 0.64347779 -0.01548483
v -0.22546004 0.65081843 -0.05065938
v -0.21625402 0.64794148 -0.00587125
v -0.22723813 0.66911493 -0.01651761
v -0.21759909 0.66118186 -0.03721606
v -0.22405092 0.66801591 0.04664084
v -0.22338638 0.68720373 0.06817061
v -0.22736663 0.70031988 -0.11218132
v -0.21456015 0.70834968 -0.13289669
v -0.22078592 0.73721703 -0.15636130
v -0.22866151 0.82239993 0.14193585
v -0.21253282 0.89933258 0.02276903
v -0.20750642 -0.99878672 -0.26025709
v -0.22821959 -0.90042673 -0.29284613
v -0.21875706 -0.88653842 -0.13959859
v -0.21426711 -0.82959883 -0.16995224
v -0.21561953 -0.29702609 0.08342871
v -0.21642377 -0.18747058 0.05669675
v -0.20809254 -0.15910940 0.03562273
v -0.21595285 -0.12094818 -0.11619722
v -0.21761280 -0.07755574 0.00077501
v -0.21466995 0.03280445 -0.13653381
v -0.22267432 0.08335791 -0.20074463
v -0.21780159 0.15312075 -0.19363171
v -0.19945080 0.17844457 0.05039052
v -0.21928843 0.32095655 -0.05097378
v -0.21218692 0.54435010 -0.06907795
v -0.20754994 0.61362868 -0.03346007
v -0.21180780 0.61075544 -0.07811273
v -0.21878752 0.62946587 0.03443201
v -0.21673454 0.62998347 -0.07765872
v -0.21838643 0.63041946 -0.01784611
v -0.21059410 0.61866662 0.00820502
v -0.21406769 0.62935220 -0.00646829
v -0.21846374 0.67501086 -0.12422024
v -0.21634641 0.68721517 -0.15558551
v -0.21529721 0.70617382 0.08406143
v -0.21791989 0.71435518 -0.15125218
v -0.19958097 0.73139048 -0.17668368
v -0.21620004 0.73582822 0.12748514
v -0.21327306 0.75191358 0.13145195
v -0.20910393 0.81583550 -0.14720471
v -0.21504988 0.80355547 0.15497350
v -0.22541619 0.84476544 -0.11287961
v -0.21692651 0.88621038 0.10043361
v -0.22239199 -0.99886353 0.19618585
v -0.20686483 -0.99518131 -0.01419896
v -0.22513816 -0.97157391 0.27039642
v -0.19498069 -0.89598247 -0.28139503
v -0.20416981 -0.89595388 0.24996640
v -0.20926262 -0.88742968 -0.27188197
v -0.20250817 -0.85335057 -0.15754014
v -0.20961478 -0.84603160 0.12567569
v -0.21568172 -0.77580424 -0.17414681
v -0.21448930 -0.72866413 -0.03678303
v -0.21255802 -0.64192767 -0.03036028
v -0.22432911 -0.38940928 0.05592682
v -0.20097937 -0.30907062 -0.15363507
v -0.21638332 -0.20519465 -0.12278176
v -0.19939188 -0.14730478 0.04524441
v -0.21177452 -0.10121070 -0.12476979
v -0.20742719 -0.11222020 0.04284441
v -0.21062064 0.08074802 -0.17593830
v -0.20942781 0.13177102 -0.18810189
v -0.21521863 0.16596735 -0.19587238
v -0.21888773 0.31804984 -0.16470360
v -0.20150088 0.60307076 -0.08366521
v -0.20314234 0.64286622 0.05401586
v -0.21608204 0.65305897 0.04945959
v -0.21178766 0.77401859 -0.16535109
v -0.21118420 0.78797531 -0.16996182
v -0.19909255 0.78992316 0.16752007
v -0.20382800 0.82124775 -0.12843492
v -0.20935528 0.81851213 -0.11648424
v -0.21844694 0.85209746 0.14081637
v -0.20411620 0.86940815 -0.04535846
v -0.21462459 0.87650432 -0.01823281
v -0.21431093 0.89870086 0.00038840
v -0.20505207 -0.99594665 0.19344833
v -0.21671836 -0.99555157 -0.09712097
v -0.15604633 -0.99489214 0.27018685
v -0.20592895 -0.88051411 -0.15108194
v -0.20640923 -0.80339084 -0.17895070
v -0.21081761 -0.70555633 -0.04368903
v -0.21283551 -0.67136453 -0.15475472
v -0.20581843 -0.34353884 -0.11836941
v -0.20158868 -0.30442623 -0.12881625
v -0.19983862 -0.24020427 0.07640810
v -0.19366035 -0.24270238 -0.15944283
v -0.21465348 -0.03320589 -0.01349774
v -0.21186788 0.03270879 0.01885580
v -0.21036215 0.04962791 -0.15347667
v -0.20582958 0.08162323 -0.17442525
v -0.20947069 0.10204914 -0.18170243
v -0.21562267 0.53042239 -0.04341245
v -0.21360216 0.53771237 -0.03326319
v -0.20871904 0.59547523 0.03791450
v -0.20684225 0.61736050 -0.02057082
v -0.21109288 0.68162764 -0.14069679
v -0.21266242 0.78170280 0.14098278
v -0.20953156 0.82076020 0.15980678
v -0.20818629 0.86961072 -0.12318979
v -0.22296940 0.86745158 -0.09726467
v -0.20371286 0.88594802 0.11304287
v -0.20271581 -0.95671091 -0.30591521
v -0.16469731 -0.88723929 -0.27251807
v -0.20250348 -0.88688396 0.14263584
v -0.19988597 -0.84272887 -0.17644364
v -0.21600262 -0.79368120 -0.01683812
v -0.22174119 -0.78104324 -0.03303606
v -0.21686903 -0.73771114 -0.15619104
v -0.20386005 -0.70923870 -0.17731408
v -0.20213289 -0.70290501 -0.02782214
v -0.20093998 -0.66167359 -0.01868019
v -0.19726347 -0.63744445 -0.16238014
v -0.19831961 -0.61300003 0.00218990
v -0.21017054 -0.56224722 -0.13038285
v -0.20833583 -0.38433884 -0.11136904
v -0.20678681 -0.40501890 0.06321185
v -0.20271569 -0.22781957 0.07235180
v -0.20707911 -0.19407706 0.07104593
v -0.20203421 -0.03048858 -0.14397805
v -0.21568915 0.00138005 0.00693143
v -0.21151475 0.26425287 0.00150131
v -0.19499544 0.29182401 -0.19432891
v -0.20391318 0.52285073 -0.02765655
v -0.20280252 0.52558114 -0.04748785
v -0.20990402 0.59131482 0.02744089
v -0.19708373 0.59097590 -0.03245032
v -0.20539093 0.64911696 -0.12009551
v -0.20246692 0.66298556 0.06302987
v -0.19472221 0.66941429 -0.18710286
v -0.20377827 0.68528382 0.07462992
v -0.21020039 0.71073124 -0.17035852
v -0.20892544 0.71454831 0.11631949
v -0.20140371 0.73178465 0.13445721
v -0.20201545 0.75757687 -0.19538220
v -0.20813417 0.76324809 -0.18583761
v -0.20213051 0.79248437 -0.18774393
v -0.21211539 0.84472944 -0.12710332
v -0.20516373 0.87990450 -0.08581228
v -0.21744210 0.88898453 0.04776702
v -0.20877941 0.89749758 0.07207949
v -0.20110850 0.90912254 -0.02655382
v -0.21536663 -0.99809170 -0.12772451
v -0.19243118 -0.96933715 -0.30735047
v -0.18925549 -0.93307232 0.28372346
v -0.19440233 -0.89874680 0.26341988
v -0.20372802 -0.88644232 -0.15915931
v -0.19849902 -0.82978279 -0.18907393
v -0.19954141 -0.80424740 -0.00810085
v -0.20035664 -0.76031927 -0.03815358
v -0.20192947 -0.72662501 -0.02191460
v -0.19927367 -0.53318785 -0.13651888
v -0.19413410 -0.48654366 0.04854204
v -0.19613745 -0.48537550 -0.13351483
v -0.20043757 -0.22739725 -0.14360038
v -0.18527724 -0.08308788 0.04569872
v -0.20415083 -0.05463385 0.01313653
v -0.20245394 -0.02833501 0.03190658
v -0.19716882 0.03712380 -0.16381511
v -0.19881697 0.20924785 -0.21438551
v -0.21200711 0.31228674 -0.03583136
v -0.19146621 0.54009809 -0.00440270
v -0.20103179 0.58828173 0.01525365
v -0.20151585 0.65285340 -0.14504702
v -0.19224882 0.65588263 -0.16255152
v -0.19961720 0.67983565 0.07668087
v -0.19716060 0.70877094 0.09246845
v -0.19608106 0.74111447 -0.18582746
v -0.19637693 0.83160699 0.16122403
v -0.19526686 0.83356116 -0.13476560
v -0.20314326 -0.99919076 -0.24382753
v -0.20013107 -0.99947978 -0.08121287
v -0.20028311 -0.99870095 0.00007978
v -0.20778641 -0.99911015 0.05040857
v -0.20237486 -0.99836054 -0.16763825
v -0.19232018 -0.96130135 0.27365245
v -0.19124217 -0.95835060 -0.31505883
v -0.20298689 -0.91824568 -0.30047162
v -0.17548854 -0.86321708 0.11205911
v -0.18821587 -0.82943513 0.05640720
v -0.20223427 -0.81034251 0.01295551
v -0.19219245 -0.77807236 -0.00584145
v -0.20501624 -0.73635069 -0.02708897
v -0.19846113 -0.53457882 0.03512273
v -0.20690459 -0.28074371 -0.15403288
v -0.20629419 -0.25509201 -0.14389589
v -0.19570760 -0.12320987 -0.14665057
v -0.19645336 0.03302906 0.03914672
v -0.19606636 0.09479174 0.05543633
v -0.20542972 0.30692130 -0.18123316
v -0.18568698 0.51436214 -0.01743321
v -0.18358111 0.52003189 -0.03459078
v -0.18077662 0.54033831 -0.05640651
v -0.18946821 0.56650437 -0.07276164
v -0.19581013 0.56097997 0.01234613
v -0.19465503 0.58427892 0.06878043
v -0.19813747 0.58511990 -0.07870515
v -0.19712185 0.57546363 0.02930210
v -0.19731550 0.58460655 0.04281787
v -0.20101724 0.58946227 -0.00123850
v -0.20468493 0.61109985 -0.10553642
v -0.19753240 0.62241361 -0.12400979
v -0.20470841 0.67148814 -0.17101121
v -0.19676694 0.70405141 -0.18752777
v -0.18761469 0.71355640 0.10983250
v -0.19874207 0.75415487 -0.16997091
v -0.19635856 0.78116238 -0.19881967
v -0.20407191 0.81491436 -0.16536825
v -0.19494017 0.86939272 0.13523894
v -0.21180527 0.89331314 -0.02249179
v -0.18698317 0.90880255 0.02435900
v -0.19407210 0.91471559 -0.01595884
v -0.17093024 -0.99703130 -0.19519375
v -0.19222307 -0.99839079 -0.02652878
v -0.19217395 -0.99871167 0.11343722
v -0.18715766 -0.99909878 0.22621158
v -0.18725305 -0.99726981 -0.21976925
v -0.20255751 -0.99646245 0.10010669
v -0.19736243 -0.96088971 0.28434725
v -0.19274683 -0.91632819 -0.31478835
v -0.19210993 -0.88431868 0.13067990
v -0.19888468 -0.86401047 0.13041895
v -0.19264127 -0.76269753 -0.19344160
v -0.17720102 -0.76169093 -0.01954698
v -0.18270624 -0.75435948 -0.02498762
v -0.18407317 -0.58931050 0.02793429
v -0.18678750 -0.31953566 -0.14336897
v -0.18458236 -0.26880929 -0.16635245
v -0.19557205 -0.20666960 0.08487522
v -0.19495197 -0.20754199 -0.14949758
v -0.19158682 -0.04042546 -0.15646953
v -0.18006024 -0.06746923 0.05738251
v -0.20118632 0.07289510 -0.17282147
v -0.19358332 0.14644949 -0.20419187
v -0.15338458 0.27565924 0.01926764
v -0.19239027 0.28584863 -0.00611818
v -0.18860218 0.52309077 -0.00713965
v -0.19373366 0.55338670 -0.01068330
v -0.19186700 0.57108783 -0.02831837
v -0.18461758 0.59140465 -0.15309161
v -0.19733258 0.62743128 -0.15284912
v -0.19170355 0.65302446 0.10558563
v -0.19321438 0.70484794 0.09607017
v -0.18362887 0.83821005 -0.14660387
v -0.19403664 0.84948434 0.15549134
v -0.19231088 0.86705986 0.14350834
v -0.17521533 -0.99877889 -0.14542895
v -0.18339558 -0.99671785 -0.17383412
v -0.17980763 -0.99725091 -0.08943947
v -0.20712194 -0.99831289 0.16835963
v -0.17661817 -0.88661763 0.12299142
v -0.17194677 -0.84191829 -0.20104192
v -0.17058113 -0.82513867 -0.21038249
v -0.19537935 -0.81040276 0.00033402
v -0.16541623 -0.80616090 0.00316903
v -0.18917011 -0.70103911 -0.01540090
v -0.18116178 -0.63340474 0.00773019
v -0.18232470 -0.56502424 0.04135388
v -0.17837814 -0.42683904 0.07307049
v -0.20341828 -0.31638621 0.08119313
v -0.17908441 -0.22652068 -0.16408345
v -0.21211617 -0.17841191 -0.11514388
v -0.19557996 -0.00719053 0.03952433
v -0.23619608 0.26211998 -0.20027764
v -0.17757969 0.35769160 -0.10714330
v -0.17768787 0.56436190 -0.10496163
v -0.17570972 0.59544683 -0.17456490
v -0.19508537 0.62301911 0.09474448
v -0.18960111 0.66707281 0.13382536
v -0.17642780 0.72343068 0.12917647
v -0.18516478 0.73935894 -0.20623927
v -0.19118463 0.82717861 0.16902815
v -0.18635742 0.82945917 0.18714041
v -0.18827606 0.85181205 0.18951824
v -0.19104552 0.87334001 0.17431701
v -0.18943741 0.88621262 -0.08079933
v -0.19034945 0.89865393 -0.05949240
v -0.18452014 0.91193904 0.07045994
v -0.18447095 0.91282891 -0.05267756
v -0.15943419 -0.99265978 -0.30699222
v -0.11968299 -0.99515231 -0.30609536
v -0.18401083 -0.88725995 -0.18374989
v -0.17803363 -0.85294942 -0.18325081
v -0.17144523 -0.80516722 -0.20815702
v -0.18890942 -0.79076348 0.00032864
v -0.18331187 -0.72949306 -0.00987680
v -0.18580823 -0.73018095 -0.19820120
v -0.19047940 -0.67557757 -0.01119658
v -0.19184147 -0.57161913 0.03310334
v -0.18560350 -0.39598448 -0.13092329
v -0.19298036 -0.30570801 -0.16962444
v -0.19804638 -0.15991188 -0.14510131
v -0.19578458 -0.16203117 0.05003979
v -0.18950224 -0.12861558 0.06751761
v -0.17292270 -0.08826384 -0.17145170
v -0.18304967 0.03539024 -0.17814981
v -0.17497552 0.05275226 -0.18832057
v -0.18302717 0.64295730 0.11704856
v -0.18191441 0.68911348 0.12658097
v -0.18820212 0.72511077 -0.19300908
v -0.19386997 0.76829070 0.15160501
v -0.18308648 0.88869194 0.11878428
v -0.18892626 -0.99742974 0.03843256
v -0.19069009 -0.99717775 -0.05737673
v -0.18049648 -0.99741944 0.14417312
v -0.19334053 -0.97149040 0.27027443
v -0.17580506 -0.96563203 0.27316066
v -0.18347296 -0.95970286 0.27244247
v -0.17480452 -0.95705582 0.28501496
v -0.19241362 -0.91029111 -0.30072583
v -0.13091357 -0.88724092 -0.23175393
v -0.18931551 -0.88497679 -0.17188884
v -0.16591901 -0.84829664 -0.19400193
v -0.18194357 -0.81916563 0.04193177
v -0.17159556 -0.69522681 -0.00860824
v -0.18224712 -0.57331914 -0.15791138
v -0.17318355 -0.50640911 -0.14979821
v -0.19556704 -0.33036730 0.08002674
v -0.17583294 -0.32772334 -0.17471184
v -0.17131082 -0.16730403 0.07275384
v -0.16464117 -0.15172512 -0.17556409
v -0.15403224 0.05133276 -0.19951900
v -0.16467677 0.34072871 -0.16140584
v -0.19060617 0.34828726 -0.08237914
v -0.17223401 0.66451805 0.14894243
v -0.18422765 0.67632207 0.14310415
v -0.18862769 0.74885618 0.14652106
v -0.17063842 0.75836751 -0.21099954
v -0.18694701 0.76175804 -0.20744737
v -0.17999782 0.82990522 -0.17303577
v -0.18304769 0.89589140 -0.11749031
v -0.18281942 0.89606580 0.13007360
v -0.18840168 0.88965621 0.15169111
v -0.17723447 0.91158841 -0.07025719
v -0.17470402 -0.99807967 0.05676068
v -0.18392537 -0.99822087 0.08217305
v -0.19210398 -0.91267361 0.26997395
v -0.19115918 -0.88736943 0.24253740
v -0.16917643 -0.88250332 -0.18580566
v -0.16606193 -0.81104009 0.00555680
v -0.17068213 -0.74204484 -0.20870781
v -0.16643415 -0.72380057 -0.00431055
v -0.18955300 -0.38574076 0.07720562
v -0.16154584 -0.27931550 -0.18275157
v -0.18370599 -0.19142013 -0.15013866
v -0.16606250 -0.17527948 -0.17283655
v -0.16141610 -0.01853927 0.06730426
v -0.17054958 0.33989192 -0.04071550
v -0.17963769 0.49346066 0.01582452
v -0.17584925 0.49127135 -0.00601225
v -0.18327925 0.54363760 0.07472869
v -0.17762786 0.54997426 -0.06590301
v -0.18453490 0.55818977 -0.08501523
v -0.17377471 0.56310646 0.13413128
v -0.18827910 0.58026978 0.10695397
v -0.17621648 0.58316223 -0.13133335
v -0.18222949 0.58746189 0.12361700
v -0.18149684 0.61905423 0.11627869
v -0.18014367 0.63582279 -0.17519274
v -0.17496401 0.64199511 -0.18793417
v -0.17075542 0.74745183 0.15095332
v -0.16719865 0.78781489 0.17877698
v -0.18285834 0.80628759 0.17402809
v -0.17267019 0.80711665 0.19468233
v -0.17419481 0.81777422 -0.18920959
v -0.15893315 0.90715009 -0.13095239
v -0.16894889 0.90557165 0.10232528
v -0.18331866 0.90331994 0.04698954
v -0.18280568 0.91145487 0.08435226
v -0.19628359 -0.99907188 0.02335474
v -0.12261308 -0.99923951 0.25052503
v -0.20148610 -0.89718008 -0.28728046
v -0.15781787 -0.88332978 0.09988049
v -0.17818064 -0.84033848 0.08938259
v -0.15500625 -0.83980037 0.05748151
v -0.18952875 -0.82542940 0.04756478
v -0.17287996 -0.66921919 -0.18583215
v -0.15840768 -0.65274209 0.00593057
v -0.16331341 -0.56960542 0.04500550
v -0.17358276 -0.52144588 0.05133150
v -0.17298234 -0.33010979 -0.15540405
v -0.16237985 -0.25744098 -0.18721521
v -0.17381529 -0.24259564 -0.17748499
v -0.17815184 -0.17806518 0.07275092
v -0.17287919 -0.02669309 -0.17501935
v -0.15668953 0.28992593 0.00867225
v -0.17119320 0.48054081 0.03312763
v -0.17778939 0.51452411 -0.03086858
v -0.16722406 0.57161123 -0.13437866
v -0.16370041 0.57567989 0.14616571
v -0.15646869 0.62018973 -0.18968026
v -0.17447474 0.64899565 -0.20153216
v -0.17256071 0.82939886 0.20635981
v -0.17466780 0.89425709 0.18170279
v -0.16962852 0.91323482 0.15959226
v -0.17880684 -0.99861482 -0.03014622
v -0.18082601 -0.99835694 0.19638597
v -0.26125843 -0.99153227 0.27152769
v -0.16459992 -0.88744803 -0.19292333
v -0.16107639 -0.79294038 0.00699533
v -0.16087806 -0.39902188 0.08047134
v -0.17579914 -0.33561088 0.09747194
v -0.15426527 -0.18023756 0.08725870
v -0.17827146 0.34961053 -0.13800386
v -0.15970004 0.46585154 0.01015621
v -0.16843845 0.53446334 0.12235400
v -0.16911142 0.57572168 -0.15954216
v -0.16906692 0.64110049 0.12471689
v -0.16931475 0.68795310 0.15883663
v -0.16778351 0.72961230 0.14072115
v -0.18121031 0.77647479 0.16996125
v -0.17173727 0.86458488 0.20318654
v -0.16342527 0.85272451 -0.16034920
v -0.18617857 0.86512393 -0.14899320
v -0.16956545 0.92062161 0.12359786
v -0.15736111 -0.99874977 -0.21688052
v -0.16110742 -0.99853020 -0.05117324
v -0.15622874 -0.97348353 -0.30639705
v -0.15607321 -0.91805592 -0.31442947
v -0.18352442 -0.92170960 0.28489964
v -0.15447877 -0.89997044 -0.29706600
v -0.16441616 -0.85300804 -0.19103461
v -0.16637609 -0.81907177 0.02932300
v -0.17072002 -0.78052256 0.00208031
v -0.16694449 -0.60563064 -0.17365740
v -0.16682476 -0.34829968 0.08395798
v -0.18488289 -0.31257027 0.10050038
v -0.17467644 -0.21221260 0.09816528
v -0.17416940 -0.09820704 0.06236901
v -0.16704289 -0.06241935 0.06914541
v -0.15056227 -0.01645798 -0.18923702
v -0.17959875 0.12199808 0.07196360
v -0.16370713 0.32651482 -0.02190342
v -0.16495201 0.35014616 -0.04854071
v -0.15852404 0.36732026 -0.07695398
v -0.16708531 0.49132763 -0.02036275
v -0.15876137 0.52998701 -0.06845659
v -0.15889095 0.70156994 0.15826225
v -0.16580305 0.76023127 0.15815445
v -0.16907987 0.79041026 -0.20709597
v -0.16540020 0.80851538 -0.19950752
v -0.18021979 0.88639682 -0.14213041
v -0.17368718 0.92367226 -0.03245896
v -0.15150731 -0.99946599 0.15147036
v -0.16706590 -0.99792777 0.12461274
v -0.17959166 -0.96070703 -0.31402615
v -0.16001769 -0.82597864 0.04769403
v -0.17629196 -0.44978957 -0.14219013
v -0.15481675 -0.33779999 0.10974997
v -0.11763892 -0.20842687 0.11089087
v -0.16673703 0.17872862 0.06559889
v -0.19373147 0.21244508 0.04000581
v -0.21638320 0.24611159 -0.20835948
v -0.16014920 0.31065249 -0.00709736
v -0.16030926 0.34575497 -0.02021479
v -0.15748040 0.36747677 -0.05205556
v -0.14528458 0.51565518 -0.09592263
v -0.14270119 0.56196320 -0.14643501
v -0.15968043 0.63262104 0.13630782
v -0.16404266 0.64223223 -0.20620311
v -0.15936560 0.65356911 0.14036985
v -0.15984502 0.67166255 -0.21139436
v -0.16578656 0.68873011 -0.20923279
v -0.17077269 0.71204846 -0.20571318
v -0.16204611 0.73863742 0.15474757
v -0.15417202 0.75772307 0.15584399
v -0.15582276 0.80683065 -0.20361328
v -0.15808497 0.88379909 -0.16142267
v -0.15358427 0.92363422 -0.06374576
v -0.16845494 0.91660948 0.03806388
v -0.15219647 0.93577332 -0.04922570
v -0.15302276 -0.99843726 -0.12241293
v -0.15494136 -0.99669865 0.05879026
v -0.15841284 -0.91439053 0.28291111
v -0.15144659 -0.88704060 0.10142981
v -0.15251657 -0.85376145 0.07708072
v -0.14098967 -0.75369461 -0.21703403
v -0.13828321 -0.74396951 -0.00468904
v -0.15101394 -0.61681601 0.01935855
v -0.16827361 -0.61475920 0.02034217
v -0.16366698 -0.54344570 -0.15968128
v -0.15264778 -0.47005410 -0.15205274
v -0.15572206 -0.34362708 -0.16575586
v -0.15614147 -0.33026550 -0.19225241
v -0.16036655 -0.27450758 0.09953928
v -0.17051531 -0.25593465 0.09415127
v -0.15454268 -0.18892195 0.08893176
v -0.15139626 -0.17172025 0.09066653
v -0.15939760 -0.15291263 0.09254409
v -0.16077694 -0.13999055 0.09044420
v -0.14661117 -0.11173530 0.08387194
v -0.16780909 0.03752588 0.06560287
v -0.15777634 0.30908006 0.00706347
v -0.15894426 0.31992670 0.00755463
v -0.15100190 0.45638367 0.05176115
v -0.16421193 0.52902264 -0.08500800
v -0.14624237 0.57204155 0.15644143
v -0.15475092 0.60952618 0.13392202
v -0.13700133 0.68153458 -0.22777824
v -0.16125140 0.73673454 -0.21733320
v -0.15561086 0.75581548 -0.22056480
v -0.15342296 0.78388325 -0.20893103
v -0.15788726 0.84902401 -0.18961216
v -0.14410967 0.88181727 0.19429728
v -0.16211782 -0.99892210 -0.00300348
v -0.15207917 -0.99858009 0.04408039
v -0.14441098 -0.92165905 0.27532087
v -0.13670170 -0.91360497 -0.30337190
v -0.13924862 -0.91238566 0.27014472
v -0.14623735 -0.87921669 -0.19326590
v -0.15613233 -0.83788087 -0.21106546
v -0.15206403 -0.81396142 0.00249430
v -0.14442292 -0.76113097 -0.01457333
v -0.14460493 -0.70375409 -0.01002875
v -0.14654681 -0.35853549 0.08953950
v -0.13160667 -0.12997747 -0.19624564
v -0.14735373 -0.08433218 -0.18661020
v -0.17007468 0.09122870 0.07539618
v -0.15502581 0.29177899 0.02981170
v -0.15199840 0.29139045 0.01588067
v -0.15253606 0.27642328 0.04886519
v -0.15241713 0.29748779 0.03716839
v -0.12874566 0.34065677 -0.17719578
v -0.14827487 0.37523849 -0.10475471
v -0.14751143 0.38498982 -0.09059014
v -0.16013571 0.54269697 0.14593866
v -0.14880272 0.60075902 -0.18186686
v -0.15699669 0.68320717 0.17061017
v -0.15589767 0.71872872 -0.22135967
v -0.14631015 0.73822693 -0.23902002
v -0.14947732 0.79459034 0.20387533
v -0.15052378 0.85032744 -0.19967361
v -0.14796629 0.84293582 0.21053433
v -0.15857928 0.90095968 -0.10554912
v -0.14726514 -0.93851039 0.28223865
v -0.14316997 -0.92164500 -0.31426830
v -0.14214990 -0.85161552 -0.19821244
v -0.13790798 -0.78341089 -0.00181057
v -0.15231918 -0.50493016 0.05870455
v -0.15085026 -0.41139774 -0.15192623
v -0.13602667 -0.38801132 -0.16434998
v -0.16652819 -0.30818450 -0.18668040
v -0.14040779 -0.27083404 0.11052227
v -0.12913064 -0.27380097 -0.20381090
v -0.15687855 -0.24892132 -0.18972314
v -0.15510646 -0.22911538 -0.18154887
v -0.16008372 -0.21511549 -0.17713742
v -0.15038880 -0.16177587 -0.18017470
v -0.14651048 0.27998779 0.02736501
v -0.15098056 0.45635418 0.02427508
v -0.14668044 0.56975470 -0.16676257
v -0.14313577 0.64357834 -0.21502691
v -0.14329185 0.65029224 0.14708797
v -0.15473500 0.64801347 -0.20749135
v -0.11910231 0.67477297 0.18370128
v -0.15616778 0.72247303 0.16736552
v -0.14101275 0.74661516 0.15661426
v -0.15788157 0.93604479 -0.02803138
v -0.15857770 0.93256204 0.00054076
v -0.15204821 -0.99924657 -0.07276597
v -0.12907469 -0.99854376 0.18254586
v -0.14705342 -0.99788714 0.01056121
v -0.14519125 -0.99839004 0.10786639
v -0.13455564 -0.97263413 -0.30568212
v -0.02890414 -0.89658607 0.25358208
v -0.13745697 -0.84341254 0.03074709
v -0.14139257 -0.82343989 0.00995380
v -0.14710828 -0.80172647 -0.21525503
v -0.14627633 -0.76741885 -0.01332650
v -0.15256009 -0.67243320 -0.19287342
v -0.14292337 -0.60253158 -0.17912502
v -0.13874060 -0.35420458 -0.17372986
v -0.10145372 -0.22079765 0.12137260
v -0.12735622 -0.21443673 -0.19458229
v -0.14193885 0.13560581 0.08536207
v -0.14849286 0.12453200 -0.21659600
v -0.13573772 0.26130670 0.03735814
v -0.14027446 0.27273364 0.03367976
v -0.14332474 0.27278469 0.05360638
v -0.11230893 0.32832351 -0.19120317
v -0.14936701 0.46955646 0.08638653
v -0.15367028 0.55575101 0.15573492
v -0.12877372 0.57069791 -0.18053142
v -0.14701656 0.66740294 -0.22137376
v -0.13228107 0.68595141 0.18597113
v -0.14750536 0.71641936 -0.23787610
v -0.15509287 -0.99907718 -0.27396724
v -0.15794338 -0.99666961 -0.03423564
v -0.16128417 -0.99862478 0.26572870
v -0.13050572 -0.96506880 -0.30606504
v -0.13951314 -0.97080692 0.27165724
v -0.14320308 -0.96289970 -0.31695706
v -0.14192705 -0.96420965 0.28497721
v -0.15479630 -0.89765042 -0.29320436
v -0.13012843 -0.89505269 0.25042310
v -0.14302972 -0.88587077 0.08005417
v -0.14642600 -0.87046053 0.08084511
v -0.12693787 -0.76581643 -0.21632882
v -0.12895878 -0.73828264 -0.00559555
v -0.13439575 -0.54951625 -0.16593348
v -0.16559548 -0.22987631 0.10793189
v -0.13629705 -0.19997175 -0.18781423
v -0.11312247 0.22484809 -0.22502966
v -0.15335031 0.31455080 0.02154864
v -0.12761186 0.43693688 0.06902145
v -0.14297588 0.49673054 0.13447335
v -0.14302308 0.51033208 -0.08911844
v -0.14132589 0.51406388 -0.07425295
v -0.13889642 0.53554950 -0.12756261
v -0.12507865 0.59951512 0.14871012
v -0.13577657 0.65898264 0.15318440
v -0.14184353 0.80714154 -0.20958672
v -0.13248119 -0.91721443 0.28547853
v -0.14207148 -0.79778241 0.00455192
v -0.13485579 -0.52241425 0.05219333
v -0.12546392 -0.37662153 0.08005318
v -0.13366251 -0.36786173 0.10500352
v -0.12984890 -0.36248464 0.11296582
v -0.12697998 -0.29001324 0.11289182
v -0.13218079 -0.24694065 0.12446819
v -0.12081031 -0.23501209 -0.19571381
v -0.13284578 -0.16293820 0.10963826
v -0.11960330 -0.16169977 0.11601770
v -0.13840513 0.02451711 0.08200497
v -0.14143074 0.19215672 0.07070223
v -0.12506408 0.17156775 -0.22552536
v -0.13031795 0.27439803 0.04597143
v -0.13735247 0.38966046 -0.11417257
v -0.11033619 0.70618028 0.18768534
v -0.14529013 0.70330980 0.17065456
v -0.13696929 0.88221173 0.19913718
v -0.14081611 0.92536539 0.08253981
v -0.14611651 0.93363913 0.01105592
v -0.15136743 0.93153730 0.04365953
v -0.15629281 0.93021137 0.06546071
v -0.13540767 0.94195217 0.04184528
v -0.13049204 0.94706692 0.09871511
v -0.12279084 -0.99456058 -0.02188104
v -0.13528086 -0.88661653 0.07019334
v -0.13830128 -0.88355804 0.06885793
v -0.13354727 -0.86947418 0.05074829
v -0.12278489 -0.50470495 -0.15802872
v -0.14475145 -0.36411378 0.08346480
v -0.13437585 -0.17120716 -0.18661522
v -0.13356686 0.29433388 0.05913071
v -0.12954516 0.37909334 -0.13061242
v -0.12272902 0.54628053 -0.15358667
v -0.12623993 0.55124302 0.16671696
v -0.14367073 0.83202960 -0.21132704
v -0.14635718 0.86018234 0.20567354
v -0.14016419 0.86521176 -0.17397450
v -0.14604286 0.91159249 0.17616011
v -0.14184920 0.92781587 0.02724024
v -0.13255484 0.94073077 -0.06473247
v -0.13822960 -0.99911999 0.08042159
v -0.12357062 -0.99589575 -0.11612209
v -0.12218802 -0.99853665 -0.08735356
v -0.12753228 -0.95527269 -0.31459787
v -0.13442190 -0.94441318 0.28450927
v -0.12052271 -0.90878193 -0.30188250
v -0.12471289 -0.88234356 0.03097875
v -0.09942605 -0.88684960 0.10985610
v -0.12752427 -0.67375208 -0.19442235
v -0.12556803 -0.66329732 -0.00505110
v -0.14614985 -0.56859923 0.04411059
v -0.12285538 -0.45597524 -0.15629722
v -0.11515458 -0.35990115 -0.19271519
v -0.12693846 -0.32613668 -0.20341216
v -0.14237701 0.10147358 0.08997516
v -0.10870496 0.09242941 -0.21940713
v -0.13109047 0.37888832 -0.00615910
v -0.12196097 0.41294298 -0.03978368
v -0.14891888 0.47282713 -0.01685394
v -0.12195839 0.49957587 -0.10287532
v -0.11502602 0.49819056 -0.08855492
v -0.12675996 0.53091689 0.16437868
v -0.12789227 0.55594120 -0.16908343
v -0.12726956 0.59194235 -0.20423374
v -0.13084140 0.62335991 0.15336904
v -0.13273828 0.68927682 -0.24376794
v -0.13613869 0.72544874 0.16834312
v -0.13109620 0.75369365 -0.24384923
v -0.13814800 0.77666088 -0.22441857
v -0.13523504 0.79675060 -0.22190545
v -0.13904794 0.81325670 0.21311125
v -0.11935665 0.80924760 -0.22713405
v -0.12440902 0.88945761 0.22329168
v -0.12178090 0.90664424 0.17719391
v -0.14108163 -0.99839710 -0.17935680
v -0.14364751 -0.99743696 -0.15661809
v -0.12204347 -0.91578579 -0.31584359
v -0.12685842 -0.91067557 0.27096765
v -0.13636645 -0.88639951 -0.19548453
v -0.12048968 -0.84156667 -0.20853692
v -0.13323955 -0.82855661 -0.21575665
v -0.12762135 -0.80539383 -0.00282743
v -0.12302099 -0.77207299 -0.01686492
v -0.11053133 -0.71165313 -0.02486325
v -0.12128588 -0.60593009 0.01807338
v -0.13662884 -0.34209481 -0.19841439
v -0.12664460 -0.25899443 -0.20341486
v -0.11649718 -0.19859544 0.10920882
v -0.11988164 -0.12477934 0.09977990
v -0.11355801 -0.08957084 -0.20031619
v -0.12681167 -0.03484636 -0.19796431
v -0.12092576 0.29454138 -0.20836324
v -0.12303756 0.39261859 -0.13405322
v -0.12682712 0.39774745 -0.02176601
v -0.12310323 0.41903225 -0.06424093
v -0.11150222 0.44339682 -0.00240845
v -0.11972867 0.47183580 -0.04975715
v -0.11988144 0.62074696 -0.21554208
v -0.13426289 0.64742820 -0.22418990
v -0.11576400 0.63529846 0.15787511
v -0.11495221 0.90856562 0.21491257
v -0.13148363 0.89936055 0.18027638
v -0.13089487 0.91118151 -0.11650060
v -0.12428726 0.93075362 0.15923781
v -0.10004833 -0.99790646 0.09128112
v -0.11190672 -0.99865895 0.21299721
v -0.12015679 -0.99539172 -0.17808930
v -0.12538856 -0.99696948 -0.06183952
v -0.08350745 -0.97711679 0.27051103
v -0.11396750 -0.96129758 -0.31500991
v -0.12101075 -0.88710921 0.04120397
v -0.12730052 -0.84798721 0.01301025
v -0.13041159 -0.82067669 -0.01119606
v -0.11850831 -0.79939410 -0.00651730
v -0.12065101 -0.56226931 -0.16778871
v -0.12226562 -0.36131295 -0.18022943
v -0.14845561 -0.34492595 -0.18600676
v -0.09939797 -0.36811170 0.11979357
v -0.10288758 -0.29427114 0.12145118
v -0.08862876 -0.23843117 -0.20286573
v -0.08933869 -0.17396404 -0.20152642
v -0.09595739 -0.14185858 0.11367061
v -0.13238118 -0.03680845 0.08496055
v -0.10874008 0.04203002 0.09633062
v -0.12266543 0.29222525 0.05845081
v -0.11506985 0.37158465 0.02176776
v -0.12608783 0.47073561 -0.03926556
v -0.12031989 0.52730958 -0.13876406
v -0.11350689 0.66159432 -0.23606286
v -0.13101851 0.71455402 -0.25221984
v -0.13624063 0.76117512 0.16812423
v -0.14076402 0.77786304 0.19225961
v -0.12546227 0.83022047 0.23001653
v -0.13572978 0.84542820 -0.21419962
v -0.11548220 0.84699119 0.23918740
v -0.12897010 0.86659724 0.23037060
v -0.12323283 0.86199747 -0.21124137
v -0.13845715 0.86340056 -0.19524784
v -0.13583251 0.93373375 0.15489572
v -0.12521573 0.94792362 -0.05626112
v -0.11526631 -0.99833187 -0.13798714
v -0.10357310 -0.99898903 0.16187088
v -0.11415128 -0.96699021 -0.30797431
v -0.11808172 -0.94699353 0.28440141
v -0.11785468 -0.91734261 0.28579840
v -0.10806515 -0.88523971 -0.00952909
v -0.15321575 -0.88688100 0.16572044
v -0.09962378 -0.77864248 -0.02783405
v -0.12583661 -0.37018699 0.08725423
v -0.10820529 -0.19256184 -0.20013008
v -0.09670706 -0.00301101 -0.20823364
v -0.11225100 0.20258389 0.07635342
v -0.11774781 0.31328380 0.06213361
v -0.10505946 0.43622225 -0.10942877
v -0.13696738 0.51015408 0.15082560
v -0.11326574 0.55450602 -0.17766785
v -0.10081029 0.66429072 -0.25573998
v -0.11587582 0.69207704 0.19326307
v -0.10800229 0.68601281 -0.25744447
v -0.12051897 0.76099932 -0.24094742
v -0.11403800 0.87400103 0.23879189
v -0.11134394 0.89421354 -0.18156878
v -0.11861404 0.93507759 0.01426127
v -0.09085656 0.95789014 -0.05130059
v -0.13102081 0.94697888 -0.03721204
v -0.11677980 0.94733058 -0.02067189
v -0.10462506 0.95334902 0.03896383
v -0.14227767 0.94144561 0.12993289
v -0.11032417 -0.99955626 -0.16491717
v -0.10768232 -0.99776618 -0.05780679
v -0.09001241 -0.99939852 0.12305829
v -0.10408573 -0.99876636 0.03749651
v -0.10768541 -0.91994574 0.28193647
v -0.04586366 -0.88862215 0.24636495
v -0.11308073 -0.88739729 0.01368800
v -0.12419228 -0.85398925 -0.19750987
v -0.11588399 -0.84629357 -0.01298575
v -0.11520043 -0.80255539 -0.20916523
v -0.12200260 -0.82198179 -0.02153354
v -0.13049262 -0.45143650 0.06857147
v -0.10268315 -0.39049125 0.07348729
v -0.10460481 0.13036500 0.09830181
v -0.12389191 0.23317380 0.05844557
v -0.11480713 0.30665709 0.06447077
v -0.11146107 0.39091882 0.00235383
v -0.11556549 0.42898539 -0.08535415
v -0.11888749 0.43951162 0.11132058
v -0.10133522 0.62418390 0.15863510
v -0.11027764 0.91782503 0.20072130
v -0.11606158 0.91589200 0.16532997
v -0.10183213 0.93543601 -0.09625885
v -0.14131822 0.92156610 -0.09571212
v -0.10814284 0.94140342 0.06827126
v -0.09950106 0.95812744 0.08850665
v -0.09149239 0.95109652 -0.08054830
v -0.14412664 -0.99896348 -0.28999542
v -0.11748382 -0.99936012 -0.24760050
v -0.12184114 -0.99868434 -0.04061100
v -0.11517120 -0.99623213 0.14706196
v -0.10257644 -0.95479938 0.28459130
v -0.10576644 -0.80703804 -0.01642105
v -0.11427677 -0.73180271 -0.20531987
v -0.10303978 -0.55308840 -0.16086091
v -0.09923715 -0.38433412 0.11511705
v -0.10037886 -0.31629130 0.11874991
v -0.11428548 -0.18435086 0.11300532
v -0.10027174 -0.17634533 -0.19852664
v -0.09652290 -0.14978808 -0.20103878
v -0.12083368 0.01653077 -0.20418075
v -0.11080558 0.22516998 0.07761938
v -0.12080321 0.25349090 0.06037298
v -0.11930019 0.28550836 0.04461249
v -0.11605609 0.29571209 0.04033758
v -0.10496741 0.32577842 0.06636432
v -0.10164153 0.37837398 -0.15134200
v -0.09468492 0.42283484 -0.13882739
v -0.11128577 0.41801184 -0.04911844
v -0.11410499 0.45294325 -0.02509501
v -0.12096897 0.46472323 0.13478748
v -0.10615193 0.46477280 -0.07130377
v -0.09857345 0.63040778 -0.24074822
v -0.10490008 0.73144728 -0.25236671
v -0.11768720 0.78774925 -0.23564449
v -0.13451100 0.90636740 -0.16025639
v -0.11017148 0.91621316 -0.12192342
v -0.10359957 0.96011369 0.10755840
v -0.10659778 -0.99887073 -0.12423348
v -0.10842636 -0.94430434 0.27492285
v -0.11145539 -0.94335046 -0.31501623
v -0.13558090 -0.90017065 0.26588431
v -0.15143114 -0.89010734 -0.27724932
v -0.09847203 -0.88628514 -0.03225461
v -0.10441405 -0.83128677 -0.04833005
v -0.10719961 -0.76056573 -0.01665632
v -0.10868663 -0.68727814 -0.19279918
v -0.09917050 -0.50252854 -0.15252873
v -0.11981611 -0.41563302 -0.16033107
v -0.09566570 -0.37075683 -0.18421785
v -0.09371337 -0.27115381 0.13444900
v -0.10369105 0.30753998 0.02506371
v -0.10381062 0.31212264 0.03416265
v -0.09944936 0.32078650 0.07038681
v -0.10490565 0.39679061 -0.01623354
v -0.10083811 0.42141811 0.07117311
v -0.09444333 0.41900220 0.11113291
v -0.10342739 0.43742145 -0.10851042
v -0.10328657 0.43299741 -0.07605937
v -0.11092643 0.43829860 0.12071129
v -0.10909273 0.44464244 -0.03457452
v -0.10928312 0.49633793 -0.11345304
v -0.10379462 0.56700125 -0.20023856
v -0.11241536 0.77310405 0.19640729
v -0.10303456 0.79308309 0.22740501
v -0.10856620 0.83487280 -0.21910746
v -0.09804271 0.87670644 0.24249121
v -0.10530869 0.90115738 -0.17896200
v -0.11097768 0.91661869 0.16691256
v -0.10370031 0.92155233 0.15815077
v -0.09888479 0.93927446 -0.00398834
v -0.10949200 0.94715251 0.05327263
v -0.09788449 0.95075932 -0.02693770
v -0.11371943 -0.99818066 -0.00820269
v -0.09638842 -0.93811907 0.28346121
v -0.09391165 -0.94090181 -0.30910695
v -0.10059910 -0.87530086 -0.03470682
v -0.08892572 -0.28709647 -0.21466514
v -0.10365240 -0.10847428 0.10608824
v -0.10006694 0.16564087 0.09090348
v -0.08497192 0.15423103 -0.22841328
v -0.08539494 0.20632511 -0.22821866
v -0.10153951 0.35806242 0.04407744
v -0.09927735 0.39411239 -0.01959232
v -0.10420895 0.40387768 -0.02700868
v -0.09479903 0.44120526 -0.11959737
v -0.10579776 0.42688919 -0.05109643
v -0.09919615 0.43693624 -0.09348046
v -0.10710439 0.60260790 0.15250548
v -0.10100658 0.65022896 0.15878063
v -0.07837399 0.68115418 0.20504031
v -0.10396807 0.75582164 0.18229700
v -0.11673052 0.91860669 -0.14346009
v -0.09062599 0.94129113 -0.01179127
v -0.09745930 0.95024697 0.13728199
v -0.07039303 -0.99844499 0.19204683
v -0.11721325 -0.99755485 -0.20797150
v -0.10155791 -0.99759454 0.07285337
v -0.09426799 -0.99602551 0.18624995
v -0.10591904 -0.96945071 0.27295067
v -0.08903212 -0.96637415 -0.30606295
v -0.11014296 -0.96365053 0.28388894
v -0.09091822 -0.95677711 -0.31459484
v -0.06935839 -0.89683902 -0.28560606
v -0.09802542 -0.88874035 -0.01884125
v -0.10892406 -0.88836013 -0.19354618
v -0.09303377 -0.75084688 -0.02318089
v -0.09979232 -0.67689865 -0.02211075
v -0.10381136 -0.62273456 -0.17909572
v -0.10611026 -0.56124667 0.03316134
v -0.09400189 -0.48019987 0.04893973
v -0.10036827 -0.42161444 -0.15816159
v -0.10571168 -0.38530631 0.10099908
v -0.08013777 -0.33803611 -0.21160453
v -0.09007717 -0.27260602 -0.21466271
v -0.08979031 -0.21004443 -0.20834934
v -0.10005737 -0.16971768 0.12212358
v -0.09914545 0.19396638 0.09364815
v -0.09261269 0.28679297 0.03487885
v -0.10235062 0.41454095 -0.03203988
v -0.09277416 0.42507799 0.02967699
v -0.09987289 0.49047889 -0.11398221
v -0.10710579 0.53987441 -0.16014810
v -0.09826702 0.76520227 0.19835228
v -0.09599409 0.79061907 0.23065262
v -0.11267443 0.81115582 0.22649729
v -0.10188400 0.83022188 0.23534497
v -0.09337035 0.92675788 0.14996869
v -0.06298355 -0.99885563 0.16440664
v -0.10742955 -0.99741799 -0.10009896
v -0.08856523 -0.99560665 -0.05593752
v -0.10405119 -0.92512797 -0.31182230
v -0.05744584 -0.89491915 -0.28253051
v -0.09653901 -0.89811660 0.26215030
v -0.10091579 -0.88337554 -0.18442804
v -0.10544878 -0.76561608 -0.20349753
v -0.07993701 -0.68473945 -0.17061658
v -0.07857835 -0.20258078 -0.21049491
v -0.08613515 -0.06186856 -0.20816640
v -0.09790314 0.27292124 0.05131289
v -0.08740214 0.33573113 0.06740062
v -0.09627359 0.34741963 0.05565498
v -0.09634128 0.37498264 0.01571847
v -0.09552761 0.37495425 -0.01091598
v -0.09064656 0.38149488 -0.01335754
v -0.09564509 0.39945729 -0.01732817
v -0.09638019 0.42555042 0.00044844
v -0.09152077 0.48593896 -0.10355271
v -0.09077274 0.50034568 -0.13280435
v -0.09295138 0.62114501 -0.23849772
v -0.09981691 0.65566535 0.16209319
v -0.09908239 0.73861677 0.18799354
v -0.10571365 0.88292906 -0.18796233
v -0.09881099 0.94331186 0.06239692
v -0.07811407 -0.99922487 0.02681582
v -0.08179340 -0.96261572 0.28567967
v -0.08852247 -0.88693564 -0.05380969
v -0.08091653 -0.84085548 -0.08697819
v -0.08263539 -0.74176323 -0.03665961
v -0.09722809 -0.70322998 -0.18872112
v -0.08328917 -0.64495183 -0.17013881
v -0.08502049 -0.61624576 -0.16616004
v -0.11047606 -0.29927884 -0.20319053
v -0.10570617 0.29091941 -0.21174630
v -0.09160611 0.30977729 0.02784405
v -0.09275565 0.31396236 0.04865529
v -0.08693276 0.35057230 0.04677636
v -0.07813327 0.37858381 -0.16214440
v -0.09464402 0.44537916 -0.09265930
v -0.09904521 0.61100370 -0.22208069
v -0.08672586 0.65484360 -0.25893890
v -0.10775155 0.76426221 -0.24641218
v -0.08162788 0.79763594 -0.26076914
v -0.09172302 0.81154118 0.24530037
v -0.10356279 0.87666251 -0.20454575
v -0.07885140 0.91646983 -0.17063940
v -0.07679940 0.91652935 -0.12598499
v -0.07941408 0.92186096 -0.15742337
v -0.08753218 -0.99807645 -0.23382756
v -0.06691652 -0.99782152 -0.20927042
v -0.09280476 -0.99849699 -0.18301862
v -0.04346556 -0.99002060 -0.30711179
v -0.08022132 -0.95938428 -0.31612501
v -0.08316162 -0.92886344 -0.31505751
v -0.08573041 -0.84971365 -0.17765963
v -0.08264484 -0.78130335 -0.17855698
v -0.08563047 -0.76273905 -0.02943875
v -0.08076760 -0.72012938 -0.16956584
v -0.08479255 -0.55477519 -0.15059701
v -0.07052116 -0.46120757 -0.13756574
v -0.08770078 -0.39212547 0.11272626
v -0.08393671 0.14806031 0.11053442
v -0.08974137 0.29634769 0.02931569
v -0.08891697 0.34367707 -0.00758328
v -0.09280985 0.45553513 0.14701471
v -0.08322809 0.53417414 -0.16628921
v -0.08740400 0.54312237 0.17583432
v -0.08800850 0.54679744 -0.18681517
v -0.07330200 0.67151134 0.20518848
v -0.07346995 0.70762723 0.19937453
v -0.07802898 0.75028828 -0.25722099
v -0.08247854 0.85277170 -0.21909817
v -0.09169778 0.84502140 0.23680894
v -0.07917157 0.86166920 0.23267433
v -0.09187840 0.87163190 -0.21471739
v -0.09529087 0.90565029 0.23517304
v -0.09123956 0.92869601 0.21146534
v -0.09178163 0.94094353 -0.00596384
v -0.08140565 0.95882499 -0.06576528
v -0.08260997 -0.96907260 0.27482290
v -0.07387465 -0.96709551 -0.30915809
v -0.08383759 -0.91639191 0.28498208
v -0.10519074 -0.91569051 -0.30423707
v -0.08806176 -0.90532003 0.26840649
v -0.08192508 -0.88350980 -0.16778103
v -0.08396047 -0.83751064 -0.19018474
v -0.09431884 -0.81885045 -0.03443339
v -0.08758036 -0.72097019 -0.04215675
v -0.08877071 -0.63013654 -0.01125379
v -0.08376087 -0.50946675 -0.14555501
v -0.08431735 -0.41241977 0.06150959
v -0.09131914 -0.44902044 -0.15049251
v -0.07737059 -0.15438216 0.12049938
v -0.08754751 0.01316755 0.10247189
v -0.09019013 0.02117011 -0.21140439
v -0.08820522 0.13466425 0.10225265
v -0.09104787 0.16946337 0.10353696
v -0.10365508 0.25857361 -0.22094280
v -0.07724307 0.23691924 0.06559019
v -0.07178944 0.29140877 0.04424099
v -0.09495192 0.31567459 0.06471503
v -0.07547267 0.31053738 0.07076884
v -0.06964408 0.31120777 0.06797249
v -0.07767278 0.33118775 0.03333035
v -0.08059693 0.36023166 -0.00554888
v -0.08441674 0.44448570 -0.12829274
v -0.08875707 0.44288395 -0.10503771
v -0.07150886 0.48436922 -0.12062196
v -0.08962505 0.50997188 0.16740987
v -0.08025462 0.64152489 0.15534886
v -0.06935803 0.69086017 -0.26115996
v -0.08052251 0.71201149 -0.26086166
v -0.08820567 0.77922819 0.21718058
v -0.07055510 0.80295622 0.24353208
v -0.07698278 0.83227348 0.25762949
v -0.07268450 0.88900955 -0.19775579
v -0.09433403 0.93167321 0.18300072
v -0.07993120 -0.94323942 0.28486960
v -0.08395833 -0.91150487 0.27229656
v -0.07311101 -0.88706200 -0.08536686
v -0.07485737 -0.86299313 -0.08916769
v -0.07852716 -0.84759296 -0.16749604
v -0.09093282 -0.82690766 -0.19920320
v -0.06903727 -0.81640045 -0.17111720
v -0.07868412 -0.74461598 -0.17028365
v -0.07643536 -0.65236487 -0.03289592
v -0.07872234 -0.38690053 0.08551204
v -0.08846027 -0.36503028 -0.20198352
v -0.07642141 -0.09376782 0.11429241
v -0.08363085 -0.04441993 0.10591082
v -0.08013379 0.10818852 0.10810029
v -0.08290617 0.22566651 0.07988312
v -0.07407189 0.28537914 0.03970920
v -0.07983660 0.32522901 0.00699977
v -0.07314716 0.33272830 -0.00212020
v -0.07377003 0.42262112 0.14546202
v -0.08273670 0.46182226 -0.10691813
v -0.07289433 0.54635424 -0.17924622
v -0.06859761 0.56049924 -0.20365304
v -0.07439800 0.62123013 -0.24541310
v -0.08154477 0.61336435 0.15230376
v -0.07906130 0.76385211 0.19032837
v -0.07931145 0.77506446 0.21204229
v -0.07150509 0.79320712 0.22379453
v -0.09401056 0.83373768 -0.23489466
v -0.05644120 0.90027671 -0.19703310
v -0.07712341 0.90529840 0.23707587
v -0.06449522 0.91521029 -0.12883325
v -0.08388130 0.93097771 0.14788582
v -0.06660055 0.96358725 0.09168982
v -0.07247564 -0.99848453 -0.00273261
v -0.06290448 -0.96824145 0.27138529
v -0.07538041 -0.88857712 -0.16648714
v -0.08228333 -0.82792627 -0.06049323
v -0.06434728 -0.76549918 -0.05625585
v -0.07356310 -0.72393384 -0.06254105
v -0.06799465 -0.63179048 -0.03649544
v -0.07976670 -0.41788010 -0.15501837
v -0.08040438 -0.37216668 -0.19169827
v -0.09947446 -0.35219876 -0.20745396
v -0.07849078 -0.24405337 0.13200183
v -0.10607715 -0.21844235 -0.20275516
v -0.07760350 -0.21395443 0.12838229
v -0.07207880 -0.12727251 0.12239540
v -0.07332906 -0.09058854 0.11850667
v -0.07290593 -0.04306225 0.13985483
v -0.07335743 -0.08418504 0.14662973
v -0.07316895 -0.04521127 0.11288023
v -0.08417117 0.25879259 0.05243928
v -0.07912856 0.38140331 0.00358605
v -0.06153535 0.61364879 -0.24142812
v -0.08839709 0.67796280 -0.26401873
v -0.07510790 0.81909094 0.25783289
v -0.05953775 0.88199416 -0.20567631
v -0.07021265 0.94216145 -0.01849165
v -0.06507488 0.94672546 0.05521160
v -0.08690642 -0.99813443 -0.08239557
v -0.07436622 -0.99943861 0.22372169
v -0.07832437 -0.99420846 0.09785025
v -0.06962031 -0.94016999 0.28233663
v -0.06771215 -0.93386937 -0.31550294
v -0.08652064 -0.91982328 -0.31445007
v -0.07101010 -0.88349194 -0.14576918
v -0.06864971 -0.84404077 -0.11979928
v -0.06337875 -0.82614802 -0.09150611
v -0.07321836 -0.81799450 -0.05982483
v -0.06554069 -0.67792623 -0.14598200
v -0.06790516 -0.55271616 -0.13159751
v -0.07201770 -0.39579166 0.09543159
v -0.06370476 -0.38133936 0.12260016
v -0.07153350 -0.16601497 0.12832545
v -0.06642807 -0.15799234 0.16193652
v -0.07222011 -0.16382713 0.15255824
v -0.07198407 -0.11970478 0.15308797
v -0.07263851 -0.10013848 0.12606936
v -0.06684876 -0.09111587 -0.20945994
v -0.06966241 -0.03952694 0.11553353
v -0.06849622 -0.03519803 0.13985472
v -0.07309465 0.09074127 0.11114272
v -0.06947228 0.09308160 0.11944972
v -0.07477699 0.12341150 0.11856235
v -0.07076825 0.31880527 0.01087216
v -0.07856730 0.41010427 0.02526917
v -0.08685750 0.39483507 -0.16103318
v -0.06831590 0.41314791 0.05368734
v -0.05503729 0.43135702 0.16845580
v -0.06742374 0.44865407 -0.12449738
v -0.06663087 0.53763416 0.18356991
v -0.08032151 0.56363108 0.17645862
v -0.07920158 0.57620274 -0.21011264
v -0.06635522 0.58912852 -0.22725873
v -0.09028483 0.58390044 0.16641478
v -0.07969316 0.60532496 -0.22747478
v -0.06965976 0.62347888 0.15440917
v -0.07153480 0.65535888 -0.26039532
v -0.07110976 0.70753454 -0.26431156
v -0.07280969 0.75883204 0.19186658
v -0.06064494 0.75082050 0.19677453
v -0.07069889 0.76313467 0.21504560
v -0.07833697 0.77648893 -0.26569336
v -0.08002016 0.87881827 0.23556616
v -0.06533919 0.94439030 0.18389070
v -0.07783506 0.94710204 0.05323126
v -0.06924620 0.95657247 0.03607353
v -0.07479331 0.95772430 0.01377040
v -0.08501418 0.96272362 0.11675772
v -0.06742618 -0.99883467 -0.17031343
v -0.07526326 -0.99746699 -0.04227807
v -0.06694269 -0.99597520 0.01587638
v -0.08675073 -0.99031186 0.27090813
v -0.06705135 -0.91900734 0.28150438
v -0.06378596 -0.91235563 -0.30344230
v -0.06359368 -0.88869248 -0.13584524
v -0.06543087 -0.88864706 -0.09951581
v -0.07138579 -0.88893606 -0.06420077
v -0.06684559 -0.88355909 -0.11864569
v -0.06689292 -0.86455678 -0.11363315
v -0.06856695 -0.84520613 -0.14087132
v -0.07461965 -0.78667047 -0.05276781
v -0.06680179 -0.72457081 -0.14243674
v -0.07145801 -0.62429817 -0.15244784
v -0.07397349 -0.57298289 0.00284010
v -0.06265929 -0.39953328 0.10200283
v -0.08320280 -0.38673391 0.07708350
v -0.06701800 -0.37530189 -0.17980051
v -0.06516614 0.20318263 0.08215765
v -0.04678725 0.37742295 -0.16886164
v -0.04575162 0.40766760 0.07319797
v -0.06663622 0.44727792 -0.13970770
v -0.06052036 0.49122528 -0.13247299
v -0.05650765 0.51626872 -0.16717476
v -0.06568985 0.66035184 0.19824451
v -0.06573779 0.68992889 0.20162403
v -0.06520024 0.77731099 0.22964904
v -0.06868259 0.78884455 0.22181353
v -0.07559140 0.80569897 0.24935657
v -0.04316622 0.92900534 -0.16320357
v -0.07757357 0.93463840 -0.10727585
v -0.05942664 0.93741188 0.13889086
v -0.08915457 0.95183670 0.00835743
v -0.06559844 -0.99864450 -0.23073646
v -0.05536864 -0.99567553 -0.02445732
v -0.05669892 -0.96173992 -0.30843571
v -0.06989679 -0.95880078 0.27355972
v -0.06025936 -0.94581398 -0.30739599
v -0.05953345 -0.82919183 -0.12124918
v -0.06807110 -0.75950412 -0.15363551
v -0.05957200 -0.75033483 -0.12765138
v -0.06226227 -0.72879586 -0.11923768
v -0.06210682 -0.68506152 -0.13414325
v -0.06480372 -0.67532957 -0.06066644
v -0.05999713 -0.61681369 -0.04912233
v -0.06334223 -0.58409005 -0.12663213
v -0.05905543 -0.58193222 -0.02910830
v -0.06349166 -0.51665661 -0.12657826
v -0.06355799 -0.48079129 0.02474233
v -0.05938128 -0.43378686 0.03887274
v -0.06347324 -0.39287319 0.11785866
v -0.05944137 -0.38136845 0.09000212
v -0.04724358 -0.29391888 -0.21924507
v -0.05242659 -0.18585812 -0.20992780
v -0.07312264 -0.17287690 0.12609282
v -0.06415602 -0.12105093 -0.21235570
v -0.04740029 -0.03708138 0.12175160
v -0.06532911 -0.03389642 0.11191743
v -0.06375582 0.11839255 -0.22543606
v -0.06572108 0.17099785 0.10372226
v -0.05274092 0.16818657 0.09554326
v -0.05920049 0.30624598 0.02865262
v -0.07223453 0.32063179 0.05908518
v -0.07908953 0.28543024 -0.21487912
v -0.05328535 0.38078624 0.02638257
v -0.06167033 0.40620898 0.04371010
v -0.06393739 0.45095283 -0.12248485
v -0.05621209 0.57579895 -0.21878803
v -0.05655598 0.63696317 0.17895130
v -0.04904962 0.66433641 0.19994562
v -0.05651226 0.71530131 -0.27609482
v -0.06711768 0.76031403 -0.26009212
v -0.04619286 0.81880221 -0.25819826
v -0.05198645 0.85085289 -0.23774586
v -0.05764398 0.86086867 0.25653530
v -0.07296433 0.86808008 0.22962851
v -0.06909067 0.92111850 -0.14435937
v -0.06949265 0.93833365 0.13622223
v -0.06128105 0.93093363 0.22250899
v -0.03143474 0.95862279 0.02083770
v -0.07002719 -0.99987645 -0.06813551
v -0.05532548 -0.99916713 0.00360539
v -0.06273196 -0.99916008 0.12717341
v -0.06840022 -0.99860446 0.08699808
v -0.05665155 -0.96221645 0.28422272
v -0.03152953 -0.88878786 -0.08482258
v -0.06285991 -0.83010194 -0.15260922
v -0.06205854 -0.75589196 -0.06714918
v -0.06397797 -0.73354811 -0.09429868
v -0.05869163 -0.68577882 -0.11627518
v -0.05788333 -0.67183768 -0.08355869
v -0.05596566 -0.60995772 -0.06654932
v -0.05821032 -0.58449752 -0.10923780
v -0.06475147 -0.42877219 -0.14008507
v -0.05580895 -0.37928899 0.08403011
v -0.08192233 -0.24836462 -0.20632061
v -0.05030972 -0.19680834 0.13484478
v -0.07386204 -0.14274304 -0.20772102
v -0.06340263 -0.10261182 0.15442165
v -0.04985494 0.00169352 0.11278813
v -0.05663233 0.05552776 0.11596562
v -0.05451313 0.14459131 0.11224434
v -0.04598364 0.28798130 0.05890964
v -0.04255307 0.40190112 0.05234058
v -0.06190230 0.44062639 -0.14855166
v -0.06378952 0.55668868 0.18917198
v -0.05329659 0.66354176 -0.25650600
v -0.05445150 0.67834516 -0.26069793
v -0.05504014 0.88090578 0.21630907
v -0.06448725 0.89907576 0.23258140
v -0.04769566 0.95609236 -0.08590325
v -0.04679735 0.95631434 0.11923084
v -0.04214313 -0.99826139 -0.23485631
v -0.06629237 -0.99761649 -0.12717159
v -0.05630148 -0.99897358 0.04222326
v -0.05290119 -0.99751545 0.19362250
v -0.06725631 -0.91617915 0.27379547
v -0.05057383 -0.91017876 0.26968260
v -0.05711194 -0.79214622 -0.09599094
v -0.05357211 -0.77422391 -0.12828511
v -0.05326092 -0.76327838 -0.09771552
v -0.05511903 -0.60007317 -0.08861653
v -0.05189276 -0.47783161 -0.11303522
v -0.05266660 -0.39040896 0.10626793
v -0.04947216 -0.37116580 -0.17586990
v -0.04627576 -0.35296910 0.12744876
v -0.05489335 -0.30906825 0.13204838
v -0.03624959 -0.25927889 -0.21352867
v -0.06645858 -0.05908585 0.14783180
v -0.05654879 0.26938552 0.05265182
v -0.06646942 0.40863475 0.12210769
v -0.04250205 0.45652468 -0.13034518
v -0.06570243 0.47851980 0.16530784
v -0.05405808 0.63891616 -0.24761856
v -0.05017454 0.69954489 -0.27613402
v -0.05285562 0.73991416 -0.27566679
v -0.05016855 0.75210335 0.22727018
v -0.04715828 0.77664638 -0.25955413
v -0.03743923 0.85841548 -0.22396344
v -0.04898768 0.88501255 0.21343546
v -0.05307926 0.91478614 -0.11779718
v -0.05091504 0.94515650 0.04630531
v -0.06207096 0.94257937 0.20398004
v -0.04616929 0.94295511 0.13057638
v -0.05119189 -0.99420286 -0.22372353
v -0.05181943 -0.99571902 -0.17534899
v -0.04138081 -0.99860217 -0.13725571
v -0.05540005 -0.99793171 -0.10698201
v -0.07335961 -0.97560285 -0.30615936
v -0.04719395 -0.91794423 -0.31500146
v -0.04623543 -0.52176454 -0.04024041
v -0.04860086 -0.51986718 -0.09068056
v -0.05135800 -0.51745760 -0.01515683
v -0.05022743 -0.48601502 0.00179411
v -0.03518847 -0.41529804 -0.11324594
v -0.05374417 -0.39121117 -0.16207749
v -0.04299271 -0.36286980 0.12318279
v -0.04660898 -0.27433645 0.13956697
v -0.05680414 -0.24192443 -0.20953596
v -0.04542489 -0.22574957 0.13750926
v -0.05335721 -0.16838495 0.13406264
v -0.04491536 -0.04211002 0.14450615
v -0.05961815 0.04954779 0.11135121
v -0.05211419 0.06373264 0.13057278
v -0.06274625 0.09335332 0.12529191
v -0.04328208 0.10900946 0.12154247
v -0.05008399 0.28648344 0.06516334
v -0.04694746 0.34795326 0.01387730
v -0.04432708 0.45071477 -0.13517211
v -0.04367219 0.44749900 0.17522468
v -0.05543811 0.58883096 0.18010607
v -0.04244726 0.60205359 -0.23814461
v -0.04546262 0.74091652 0.20497013
v -0.05092855 0.76605489 0.23818862
v -0.06319789 0.79832827 -0.26637114
v -0.04893093 0.86567641 -0.20554772
v -0.04945857 0.91412732 -0.12015908
v -0.05633434 0.94317628 -0.10407492
v -0.04043405 -0.99932021 -0.28970104
v -0.09315798 -0.99895078 -0.26496654
v -0.04930771 -0.99856699 -0.20402173
v -0.03580163 -0.99754893 -0.12567334
v -0.03685265 -0.42878090 0.01735322
v -0.04834061 -0.43197997 -0.11891316
v -0.04993545 -0.40552199 -0.14343730
v -0.06401094 -0.40439186 0.05992733
v -0.02542888 -0.37586065 -0.15876808
v -0.04980527 -0.36923284 0.09470672
v -0.03407068 -0.29844994 0.13969817
v -0.03488397 -0.19529309 0.14194545
v -0.05041044 -0.17409063 0.13059523
v -0.03722498 -0.11353493 0.15488944
v -0.03911273 -0.03281672 0.11841788
v -0.04639580 -0.00351407 0.13362207
v -0.04514078 -0.00701989 0.11716403
v -0.04565653 0.03351070 0.12800233
v -0.07960898 0.31714625 -0.20174724
v -0.02933363 0.45022161 -0.14761589
v -0.04507006 0.48358870 -0.12958146
v -0.03894682 0.60730743 0.19409738
v -0.04212573 0.66013117 -0.25643011
v -0.04524285 0.68397388 -0.27013041
v -0.03025175 0.72530110 0.20669414
v -0.04637543 0.80047091 0.22785150
v -0.04940375 0.81876963 0.26350814
v -0.03469676 0.87680749 0.24781001
v -0.06412737 0.95720275 0.07150861
v -0.04920463 0.96103445 -0.06028731
v -0.04276961 -0.99663410 0.15225160
v -0.03114891 -0.97447698 0.27051677
v -0.04238452 -0.96948138 0.27309526
v -0.02983875 -0.93548952 -0.31608293
v -0.03823781 -0.91361579 0.27324334
v -0.05523829 -0.88780170 -0.01051831
v -0.04863261 -0.54592709 -0.07012289
v -0.03449691 -0.46699197 -0.05764182
v -0.04819289 -0.41493235 0.04398664
v -0.04260793 -0.37114574 -0.18029356
v -0.03913146 -0.35121141 0.09930143
v -0.06210335 -0.35661250 -0.21134288
v -0.03873579 -0.22868331 -0.22013910
v -0.03942910 -0.09004140 0.14769461
v -0.05191562 0.04893307 -0.21800489
v -0.04500464 0.02681917 0.11666907
v -0.04217784 0.13407214 0.10857607
v -0.04700825 0.22821795 0.07441497
v -0.05955644 0.28238284 0.06375256
v -0.04648076 0.29206021 0.03814850
v -0.00564667 0.34211357 -0.18863678
v -0.02823249 0.40392422 0.12084781
v -0.02976028 0.47892072 0.18106433
v -0.05535762 0.49971035 0.18837258
v -0.04724647 0.54481726 0.22009981
v -0.04342486 0.56900980 -0.20415771
v -0.05236560 0.65301076 0.19329996
v -0.05106067 0.80370967 0.22856174
v -0.04521682 0.83106494 0.27059866
v -0.03339925 0.91619173 -0.18905005
v -0.03460551 0.92352065 -0.12320273
v -0.04366595 0.92940989 -0.14491177
v -0.02036696 0.96111944 0.09398453
v -0.02550736 -0.99888593 -0.25136922
v -0.02668883 -0.99814574 0.19087922
v -0.03395217 -0.99870465 0.20816582
v -0.02703590 -0.91621670 0.28201348
v -0.03849099 -0.90064705 0.26575794
v -0.03299003 -0.42240898 0.02233352
v -0.04258682 -0.37030214 0.11261193
v -0.03769724 -0.33183936 0.13216998
v -0.04310265 -0.31545170 -0.21044913
v -0.01080615 -0.13420932 -0.20816836
v -0.04832014 -0.08102706 0.14958295
v -0.03841145 -0.03237752 0.13920045
v -0.03756732 -0.02491329 0.12114699
v -0.03811346 -0.02107415 0.13651366
v -0.04143198 0.20143458 0.08687058
v -0.03672438 0.21718055 0.08759059
v -0.02921427 0.26667396 0.06101909
v -0.03088211 0.32519900 0.01348226
v -0.02171030 0.37274112 -0.17245738
v -0.03961621 0.41124298 0.15386570
v -0.04115265 0.54877288 -0.19023600
v -0.04507031 0.56069577 0.22238148
v -0.03894649 0.59031368 0.20149963
v -0.02525495 0.72958049 0.23580681
v -0.02103457 0.74583267 0.24881504
v -0.02670131 0.81805328 0.26521003
v -0.03880701 0.90936473 0.22020295
v -0.04041290 0.92336538 0.22161414
v -0.03453929 -0.99841288 -0.17202086
v -0.04098774 -0.99676079 0.05232009
v -0.03360224 -0.97370695 -0.30635338
v -0.03087479 -0.95890787 -0.31868352
v -0.03375553 -0.94314595 0.28011292
v -0.08748607 -0.88649220 0.23827951
v -0.03381308 -0.43833036 -0.08410302
v -0.03450465 -0.35937510 0.09313051
v -0.01822275 -0.19047430 -0.21106283
v -0.03097355 -0.03745891 0.14762460
v -0.05637533 -0.01668118 -0.21190933
v -0.03285612 -0.01285815 0.15490929
v -0.03789467 -0.00109916 0.14773483
v -0.03253722 0.25806568 0.06779896
v -0.04337409 0.38387992 0.03320941
v -0.01719203 0.40502620 0.06879080
v -0.02889098 0.47166035 0.17731596
v -0.03711719 0.52628619 0.19346385
v -0.03672201 0.55204273 0.22961972
v -0.03378979 0.71237539 -0.28129176
v -0.03758541 0.77928973 0.24572581
v -0.02384295 0.88141410 -0.20179705
v -0.03852577 0.92834753 -0.11540026
v -0.00756131 0.94652321 -0.10633401
v -0.04294522 -0.99673000 -0.08053625
v -0.03715312 -0.99832500 -0.05708039
v -0.02947193 -0.99918650 0.10924506
v -0.03132081 -0.96165076 0.28328060
v -0.02813377 -0.92422671 0.28309624
v -0.03604660 -0.45305215 -0.00773346
v -0.03464853 -0.42699650 -0.09500954
v -0.02220901 -0.40714534 0.04931323
v -0.02063573 -0.39109022 -0.14326500
v -0.04903677 -0.37844034 -0.18737180
v -0.03978107 -0.37283037 -0.20415925
v -0.01950177 -0.35350801 -0.17034233
v -0.02765966 -0.33945979 0.11972493
v -0.03093594 -0.33510755 0.10677382
v -0.02385276 -0.25101397 0.14508850
v -0.03352621 -0.18631308 0.14637288
v -0.03767224 -0.16423718 0.15508725
v -0.02616146 -0.08878515 0.14022179
v -0.02391871 -0.00576921 0.15901542
v -0.03113966 0.01342508 0.14864163
v -0.04166131 0.03674093 0.13589801
v -0.02358247 0.06362756 0.13060178
v -0.03487632 0.11203067 0.11378751
v -0.03103624 0.23777185 0.07974162
v -0.01875107 0.39391720 0.04815115
v -0.03781112 0.43013540 -0.16056615
v -0.03841684 0.62622963 -0.24321962
v -0.03531625 0.63120542 0.19405071
v -0.03099696 0.63964853 -0.25061182
v -0.02748774 0.68452527 -0.27094490
v -0.01318755 0.76390168 0.25065398
v -0.01679898 0.87517572 -0.21728420
v -0.03683495 0.94822610 0.18111492
v -0.05518120 0.94458162 -0.02349772
v -0.02903034 -0.99952591 0.03039936
v -0.02116280 -0.99471552 -0.05250535
v -0.01386256 -0.96748869 0.27181064
v -0.01939241 -0.89802251 -0.29353484
v -0.02429059 -0.43077941 -0.01413407
v -0.02662068 -0.43670018 -0.03802637
v -0.02311628 -0.42932548 -0.04765054
v -0.02433748 -0.35512245 -0.17581022
v -0.03057392 -0.34014831 0.12629379
v -0.02513914 -0.33279280 0.10923746
v -0.01362829 -0.33889824 0.13246198
v -0.03005149 -0.27934369 -0.21933075
v -0.02824996 -0.09502129 0.14121527
v -0.02022858 -0.04132316 0.14964024
v -0.02092998 -0.02549529 0.15770834
v -0.02585279 0.56535777 0.22722544
v -0.01020704 0.61588005 -0.23596253
v -0.02088400 0.62145984 0.19674527
v -0.02711878 0.76622627 -0.27078935
v -0.02766916 0.80730679 0.23403161
v -0.02895356 0.84285339 0.27337519
v -0.01834134 0.85575222 0.26846146
v -0.01602058 0.92638965 -0.17644559
v -0.01263800 0.94195423 -0.03642368
v -0.03741664 0.94307300 -0.03248240
v -0.02737163 -0.99893734 0.14514048
v -0.01959487 -0.99801109 -0.02934572
v 0.00315303 -0.97507629 -0.30579999
v -0.01705714 -0.91754428 -0.31408459
v -0.01970054 -0.42043199 0.01970457
v -0.02174440 -0.41976149 -0.07187306
v -0.02644553 -0.40635746 -0.11883119
v -0.02192664 -0.38189311 0.08015862
v -0.02831069 -0.27654122 0.15243226
v -0.01133228 -0.19754361 0.14288529
v -0.03251987 -0.16799746 0.15087622
v -0.00700184 -0.09830250 0.14326915
v -0.01253042 0.15534544 -0.22643659
v -0.02625883 0.20937098 -0.22302777
v -0.02523422 0.36372110 0.02484960
v -0.00989311 0.43911371 -0.15665442
v -0.01948937 0.44086757 0.17984863
v -0.02997213 0.50015001 0.19707025
v -0.03313523 0.51450504 -0.16464130
v -0.01997626 0.53690023 0.22558764
v -0.02490876 0.54425348 -0.18394257
v -0.02111187 0.59453848 -0.23008548
v -0.01649614 0.59297205 0.20508567
v -0.02360482 0.65715267 -0.26435871
v 0.00636490 0.81891561 0.26995252
v -0.03234104 0.84085285 -0.25019695
v -0.03313139 0.89864479 -0.20034929
v -0.02932154 0.93911631 0.13728151
v -0.01791136 0.94453667 0.19770078
v -0.02213601 0.95359306 0.06291975
v -0.01777963 0.93911386 0.13125612
v -0.01662681 0.95408070 0.11383631
v -0.01011736 0.96366028 -0.00351373
v -0.01218108 -0.99798150 -0.06503109
v -0.02003067 -0.96126450 0.28417996
v -0.00871451 -0.91929874 0.28318419
v -0.02432386 -0.88808821 -0.18579606
v -0.01703155 -0.42918402 -0.04271916
v -0.01515980 -0.42985833 -0.00563080
v -0.02391933 -0.33625267 0.10224137
v -0.01385093 -0.25496748 -0.21271504
v -0.03206886 -0.22048809 -0.22220077
v -0.02144402 -0.07134523 0.15084669
v -0.01321021 0.25155033 0.07153514
v -0.02611071 0.27315239 0.04965293
v -0.00888916 0.37938275 0.03411873
v -0.05208806 0.39482174 -0.17352097
v -0.03352515 0.42808677 0.17422758
v -0.00541435 0.45128714 -0.13796871
v -0.02080092 0.45445882 -0.13426164
v -0.01856949 0.48025738 -0.13187944
v -0.02757928 0.81042032 -0.25987591
v -0.00854643 0.86567265 -0.22843503
v -0.01765992 0.92817130 -0.12223917
v -0.03257472 0.93801026 0.21288721
v -0.04624960 0.95547695 -0.04807759
v -0.00896734 -0.99849357 -0.07739225
v -0.02003710 -0.99894874 0.07512647
v -0.00365111 -0.99716688 -0.15241522
v -0.00046026 -0.95299036 -0.31394858
v -0.02233242 -0.88886197 -0.11870599
v -0.00993625 -0.40506802 -0.11946905
v -0.02248644 -0.34134275 0.12190950
v -0.01330557 -0.00803051 0.15738041
v -0.00854520 0.02683367 0.14254074
v -0.01908966 0.13970702 0.11532886
v -0.02412842 0.25615415 -0.21609534
v -0.02044597 0.26179357 0.06510923
v -0.01919550 0.31137154 0.02617992
v 0.00146062 0.35621922 0.01859737
v -0.00617946 0.41755229 0.16558933
v -0.03243103 0.49049873 -0.13605558
v -0.01489941 0.64033028 0.19705592
v -0.00998072 0.67721454 0.20405559
v -0.02023082 0.71847578 0.22695230
v -0.03547282 0.89323148 0.21234997
v 0.00343191 0.91045766 -0.18546199
v -0.01030583 0.94167563 0.15817187
v -0.03426951 0.94430866 0.04742907
v -0.00333895 0.94201259 0.17294499
v -0.01948276 0.96021336 -0.01577519
v -0.00513036 -0.99771719 -0.24045552
v -0.00028465 -0.99860815 0.13334060
v -0.01681480 -0.99837318 -0.22333764
v 0.01000233 -0.99662243 -0.19656532
v -0.01622329 -0.93876371 -0.30873233
v -0.00852019 -0.88667786 0.24249361
v -0.01181383 -0.43747642 -0.02291285
v -0.00975244 -0.43134510 -0.06356264
v -0.00645436 -0.42217347 0.02460742
v -0.01319070 -0.41051296 -0.10230932
v 0.01395872 -0.37330053 -0.17930036
v -0.00512912 -0.36528557 0.09261826
v -0.00937176 -0.29470411 -0.21851540
v 0.00986335 -0.23385313 -0.22381160
v -0.00501794 -0.16892226 0.14780487
v -0.00105806 -0.16436968 0.15431247
v -0.00546150 -0.16030164 -0.21155014
v -0.01398497 -0.02757664 -0.21192583
v -0.02262825 0.09415122 0.11295281
v -0.00644085 0.12055550 0.11284307
v -0.02414868 0.16134449 0.10272427
v -0.00849246 0.22281237 0.08812473
v -0.00675491 0.27168322 0.06440813
v -0.01167952 0.27256150 0.05246192
v -0.00865032 0.37938518 -0.17061331
v -0.01633374 0.40150565 -0.17452292
v -0.00975668 0.54942797 0.23094236
v -0.00708130 0.60062775 0.19689502
v -0.02219331 0.71149747 0.20584313
v -0.00901893 0.70521999 -0.27260628
v -0.03195996 0.73401483 -0.28052405
v -0.00503155 0.93680366 -0.15280119
v -0.01865325 -0.99652028 0.09596803
v -0.00271532 -0.99635494 0.15653765
v -0.00226069 -0.94652932 0.28066903
v 0.02081147 -0.91130201 0.26961916
v -0.00669279 -0.89381998 0.25043505
v 0.00048090 -0.47294944 -0.01954998
v -0.01453114 -0.41914220 -0.07399144
v -0.00317460 -0.37884758 -0.19212086
v -0.00220640 -0.38907063 -0.15115892
v -0.00190690 -0.37908817 0.10935508
v 0.01335724 -0.33555797 -0.21259575
v -0.01093034 -0.28065808 0.15044611
v 0.00435681 -0.21915325 -0.22270339
v -0.00363744 -0.00545635 0.14806845
v -0.01072276 0.32690386 0.01234142
v 0.00014378 0.39324443 -0.17478574
v 0.00431775 0.40546059 0.12711748
v 0.00863098 0.44637062 -0.14838731
v -0.01243163 0.46748448 0.17710274
v -0.01174345 0.49087899 -0.15168229
v -0.00911570 0.51984319 -0.17245343
v -0.01852894 0.55940999 -0.20449434
v -0.01620826 0.62778566 -0.24556362
v -0.00587535 0.62245200 0.19191479
v 0.00111043 0.70018507 0.20523042
v -0.01405003 0.77928364 0.24576118
v -0.00796684 0.79400997 0.23338974
v -0.00769342 0.81340499 0.26478529
v -0.01238134 0.89747753 0.21261308
v -0.00948742 0.91490990 0.21515301
v -0.01284091 0.94129179 -0.04323133
v 0.00075686 0.95995761 -0.01894272
v -0.00150108 -0.99920130 -0.04445132
v -0.00804440 -0.99807644 -0.11899215
v -0.01619184 -0.99681740 -0.01226297
v -0.00431385 -0.96916726 -0.30691016
v -0.00106383 -0.96172684 0.27336262
v -0.00083971 -0.91372233 -0.30402808
v 0.00593049 -0.41908000 0.03877509
v -0.00432700 -0.40677257 0.05341155
v -0.00938286 -0.36083930 0.12421409
v 0.00886162 -0.37714594 0.09184274
v -0.01251592 -0.34736190 0.10506568
v -0.01179831 -0.29930054 0.13996214
v -0.01006949 -0.18151205 0.14824050
v -0.01265266 -0.15752171 0.16131459
v -0.00269921 -0.02961061 0.12123086
v -0.00073018 0.04526081 0.13416910
v 0.00336093 0.45533390 -0.13052918
v 0.00942781 0.64245603 -0.25512669
v 0.00890218 0.65688839 0.19793110
v -0.00902651 0.75797070 -0.27325447
v 0.02420164 -0.99813834 -0.17884003
v 0.01510880 -0.99876448 -0.00461828
v 0.03753046 -0.99031186 0.27074250
v -0.03388016 -0.88783367 -0.27350220
v -0.00288857 -0.43985354 0.00780078
v 0.01517045 -0.31002207 -0.20900281
v 0.02757991 -0.27748993 -0.21568455
v 0.00357012 -0.20059181 0.13687369
v -0.00562741 -0.03812424 0.14420082
v -0.00296799 -0.02234816 0.13992608
v 0.00557036 0.15512188 0.10084353
v -0.00014679 0.14274956 0.10506324
v -0.01961144 0.19217688 0.09300635
v 0.00799014 0.26261865 0.05757624
v -0.00414957 0.26185636 0.06652262
v 0.00415854 0.29358563 0.03727281
v -0.00028322 0.43681260 0.17613719
v 0.00683049 0.55909757 -0.20275664
v 0.00746412 0.55570905 0.21658452
v -0.00719290 0.56110925 0.22791543
v -0.00214621 0.58630173 -0.21756810
v -0.01034812 0.64143898 -0.25976138
v 0.00364982 0.73603261 -0.27189377
v 0.00955948 0.72246694 0.24210813
v -0.01006886 0.78757038 -0.26021095
v -0.00313087 0.87012296 -0.22581119
v -0.00753639 0.88751485 0.21882079
v -0.00019002 0.92862275 -0.12365602
v 0.00335205 -0.99462069 0.27007025
v 0.00169666 -0.99723302 0.21396315
v -0.00313383 -0.92534822 -0.31611774
v -0.01539828 -0.90116403 -0.29839619
v -0.01949472 -0.39712920 0.06606636
v 0.01667773 -0.37486174 -0.17248006
v -0.00755129 -0.35449254 -0.17331228
v 0.00408764 -0.28269250 0.13950931
v -0.00219131 -0.25354253 0.14068967
v 0.01821735 -0.19984383 -0.21026804
v 0.00423324 -0.11170322 0.15372240
v 0.00205481 -0.03479576 0.13806903
v 0.00267442 -0.03302349 0.11634582
v 0.00231210 0.02902985 0.11613495
v 0.00483876 -0.00037883 0.13155164
v 0.00303652 -0.00374594 0.11915611
v 0.00179144 0.03923033 0.13071136
v 0.01143317 0.07461438 0.12934525
v -0.00538555 0.10059851 0.12420677
v 0.05063658 0.21301353 -0.22660561
v 0.00760141 0.21441571 0.08103255
v 0.00218204 0.27158107 0.06696958
v 0.01663392 0.42868855 -0.15663427
v 0.00969856 0.41255314 0.14963276
v 0.00199206 0.47671728 0.17587507
v 0.02107319 0.49680578 -0.13741501
v -0.01397504 0.52481370 0.19602751
v -0.00768308 0.54026577 -0.18340123
v 0.00075852 0.58165778 0.20001782
v 0.01189689 0.57757906 -0.21251081
v 0.01030889 0.68906628 0.20259131
v 0.01335666 0.70478422 -0.27280811
v -0.00807395 0.70791211 0.21128745
v 0.01987107 0.80165572 -0.26122689
v -0.00710199 0.83066909 -0.25063825
v 0.00541873 0.87716729 0.24740673
v 0.00134867 0.88971415 -0.19198731
v 0.01380262 0.88244584 0.21411517
v -0.00108691 0.92600272 0.21068857
v 0.00844129 0.92724782 0.13466780
v 0.00272649 0.93935961 -0.11332704
v -0.01849413 0.94393297 0.03788019
v -0.02469710 0.95808648 -0.07926280
v 0.01669828 0.95800024 0.01802577
v 0.00974832 -0.99809480 0.02394239
v 0.11616420 -0.99845118 0.26579466
v 0.01609381 -0.91436041 0.27374938
v 0.00184140 -0.88668546 0.19498315
v 0.00517609 -0.49808583 -0.06175744
v 0.00518309 -0.43063754 -0.10754792
v 0.00922876 -0.37979918 0.08420866
v 0.00664719 -0.38797901 0.11818830
v 0.02822484 -0.25645210 -0.21162064
v 0.00782648 -0.16826893 0.13359612
v 0.00974904 0.01644875 0.11232529
v 0.00734397 0.04701557 0.11583710
v 0.01887769 0.19476830 0.08699055
v 0.01187353 0.37456461 -0.16989542
v 0.02729505 0.38213679 -0.16504370
v 0.01353313 0.40964281 0.06262321
v 0.01624804 0.44918880 -0.14147405
v -0.00222167 0.54205618 0.22431826
v 0.02252151 0.58920647 -0.22541688
v 0.00736979 0.62650461 -0.23902890
v -0.00539349 0.67351354 -0.26954913
v 0.01161661 0.82787905 -0.25125370
v 0.01597732 0.83674858 0.26969643
v 0.02495226 0.94722442 0.09549554
v 0.02528914 0.96238787 0.00284669
v 0.00968283 -0.99606693 -0.06205923
v -0.03629211 -0.99857269 0.26589727
v 0.03218208 -0.99822987 -0.22055495
v 0.02121704 -0.91862293 -0.31364507
v 0.01244962 -0.49816097 -0.00560153
v 0.02009399 -0.56002422 -0.08707151
v 0.01678782 -0.50669722 -0.09976763
v 0.01047310 -0.42106135 -0.12270417
v -0.00186173 -0.36592935 -0.20908541
v -0.01409437 -0.34001816 -0.21397728
v 0.02044083 -0.18970539 -0.20779891
v 0.00361372 -0.07899053 0.14997265
v 0.00491246 -0.08868848 -0.21141173
v 0.01270567 0.14756016 0.11293596
v 0.02927312 0.46629387 -0.11783363
v -0.00075704 0.48379359 -0.13060362
v 0.00917258 0.58250958 0.18563542
v 0.02065349 0.61806004 0.16031063
v 0.02004620 0.67608135 0.20762792
v 0.02234126 0.71957066 -0.26920294
v 0.00733433 0.75610276 0.24363831
v 0.02015852 0.83811712 -0.23658686
v 0.02341908 0.87003857 -0.22431386
v 0.00218961 0.93585360 0.19939186
v 0.01697891 0.95237908 -0.09492806
v 0.03644088 -0.99919688 -0.28843740
v 0.01758836 -0.99851920 0.09342996
v 0.01708738 -0.97382304 0.27046548
v 0.01200889 -0.53442181 -0.04843790
v 0.03101752 -0.40379637 0.06216544
v 0.01976734 -0.36453144 0.12454443
v 0.02530583 -0.29328630 -0.21441332
v 0.00379261 -0.03814118 0.11936668
v 0.00820501 0.28896359 0.06804878
v -0.01925702 0.29837235 -0.20633617
v 0.01329916 0.30517915 0.02813471
v 0.01212232 0.36633351 0.01858501
v 0.01179796 0.47335625 0.17057449
v 0.00166561 0.49951644 0.19415539
v 0.01565992 0.52271545 -0.16437329
v 0.01519841 0.53318562 0.18706548
v 0.03356040 0.63910775 0.15475048
v 0.00315967 0.64395537 0.19145380
v 0.02302842 0.68353815 -0.26498233
v 0.02974906 0.72197441 0.23542186
v 0.01290067 0.77223852 0.23166727
v 0.02940151 0.87212219 0.23505070
v -0.00561435 0.95517659 -0.06090213
v 0.02396358 0.95605332 0.07105010
v -0.01392776 -0.99564200 -0.30612057
v 0.01887635 -0.99776626 -0.07641368
v 0.01418929 -0.99955197 0.18898417
v 0.02289731 -0.99856934 -0.12743599
v 0.02693975 -0.99574024 0.00020066
v 0.02296412 -0.99523743 0.02125972
v 0.01980329 -0.99821316 0.14293508
v 0.02330063 -0.99029569 -0.30696638
v 0.01424581 -0.97088071 -0.30814563
v 0.01146471 -0.96050089 0.28315144
v 0.02626885 -0.96319106 0.28326514
v 0.02280483 -0.93095587 -0.31461397
v 0.02537888 -0.90024500 0.26553209
v 0.01960170 -0.48211872 0.01709700
v 0.01321012 -0.42977622 0.03663068
v 0.02808669 -0.16406678 0.15567695
v 0.01431792 -0.11662840 -0.21124198
v 0.02808983 -0.10066793 0.15412843
v 0.02791455 0.06466983 -0.21896148
v 0.02409193 0.08484850 0.11662309
v 0.02751402 0.08646412 0.11338366
v 0.01445220 0.28088112 0.06481427
v 0.02233666 0.30713293 0.06996332
v 0.02611060 0.44920986 -0.12373863
v 0.03174648 0.48525242 0.16383514
v 0.02187582 0.56071686 0.18486878
v 0.02632590 0.58919834 0.17232975
v 0.02957504 0.69293302 0.20375992
v 0.00237332 0.70686518 0.23027067
v -0.01294615 0.84928460 -0.23396118
v 0.01475826 0.88374010 -0.20685118
v 0.02719586 0.89112461 -0.18145269
v 0.02666235 0.93098029 -0.11305607
v 0.01583533 0.94998782 0.04161415
v 0.02214111 -0.99856231 0.05979906
v 0.00835304 -0.99941710 0.24992764
v 0.02646418 -0.96975619 0.27275582
v 0.01332039 -0.96409392 -0.31605448
v 0.01998235 -0.91945634 0.28269253
v 0.02440363 -0.41632470 -0.14198904
v 0.01317015 -0.39818973 0.10120494
v 0.04428689 -0.35549567 -0.20857295
v 0.05003452 -0.22745791 -0.21840805
v 0.02806152 -0.15511404 0.16185998
v 0.02762159 -0.04207235 0.14525158
v 0.02192579 0.10105805 0.12498655
v 0.02958553 0.12341294 0.12067438
v 0.02436061 0.17351085 0.10545767
v 0.01794002 0.27952392 0.05129710
v 0.03149888 0.30254400 0.06949474
v 0.01189359 0.39790937 0.04121709
v 0.01242098 0.44052198 0.17094310
v 0.03427258 0.48438212 -0.12204612
v 0.02398669 0.54771449 0.18623718
v 0.02103402 0.75842282 0.22401699
v 0.03642777 -0.99942335 -0.05938958
v 0.03118979 -0.99901548 0.03411845
v 0.03374898 -0.99778200 -0.09560746
v 0.03121355 -0.99502008 0.10012889
v 0.02683803 -0.93902966 0.28100591
v 0.03167896 -0.92246008 0.27308691
v 0.04885192 -0.91651104 -0.31379479
v 0.05252218 -0.91284257 -0.30393946
v -0.00615506 -0.88725495 -0.23863125
v 0.02378228 -0.60239748 -0.06962904
v 0.02550949 -0.60401870 -0.05004172
v 0.02531825 -0.61213601 -0.08500016
v 0.03220783 -0.53649776 0.01052295
v 0.03336458 -0.50401735 -0.12764745
v 0.02074642 -0.41494151 0.05050006
v 0.01756205 -0.39982727 0.10720272
v 0.04068706 -0.39140228 0.09978031
v 0.04473247 0.14574815 -0.22710210
v 0.03576309 0.23910156 0.06624708
v 0.02225082 0.27318007 0.04970653
v 0.03488875 0.31673824 0.07343647
v 0.03949425 0.32980032 0.07114543
v 0.02275875 0.31424202 0.01779799
v 0.01783593 0.39625065 -0.17118030
v 0.03991208 0.55941877 -0.19175407
v 0.02693506 0.62238093 0.15156882
v 0.03543665 0.69945850 -0.26107172
v 0.03668080 0.69993652 0.22503710
v 0.03782908 0.88595590 -0.19432902
v 0.02957238 0.92370780 -0.11930749
v 0.02073504 0.92412064 0.12548755
v 0.02225400 0.93943767 -0.03501956
v 0.02703955 0.95566687 -0.06620191
v 0.04255182 0.95803794 0.03999760
v 0.03916396 -0.99928993 0.01846259
v 0.04154291 -0.99855025 0.20237102
v 0.03959782 -0.99690750 0.18927053
v 0.02405611 -0.88869097 -0.08020887
v 0.03134467 -0.75905628 -0.10176675
v 0.03200223 -0.69057863 -0.08580598
v 0.03338752 -0.70124017 -0.12307676
v 0.02674847 -0.58511567 -0.10464242
v 0.02803692 -0.57558188 -0.01787759
v 0.03221646 -0.53599938 -0.12266605
v 0.03076450 -0.38543838 0.08000805
v 0.02285494 -0.38952634 0.12015649
v 0.03961203 -0.37534693 -0.18003493
v 0.04521627 -0.28685212 0.13449942
v 0.02974524 -0.16123794 0.15986997
v 0.03506503 -0.14841550 0.15764088
v 0.03407194 -0.07932003 0.14856801
v 0.03097023 0.00202812 0.10853746
v 0.03775856 -0.00360302 -0.21103404
v 0.02324135 0.06425635 0.11214438
v 0.03414151 0.20798608 0.09079284
v 0.03190680 0.32385754 0.02648328
v 0.02066867 0.32749100 0.00454740
v 0.04534340 0.45516147 0.15093461
v 0.04363451 0.47869768 -0.10788063
v 0.04173605 0.48608611 -0.11402635
v 0.03208446 0.61916940 -0.23767402
v 0.03235881 0.62277999 0.15092638
v 0.03303460 0.63170790 -0.24100079
v 0.03296114 0.65144103 -0.25913732
v 0.03057869 0.74658517 0.21170933
v 0.03847029 0.73467194 -0.25653002
v 0.03333732 0.75051507 0.21451010
v 0.01059127 0.77461620 -0.26104073
v 0.04090201 0.76108458 0.23489748
v 0.02434416 0.78700150 0.24302534
v 0.02903661 0.81980975 -0.25079527
v 0.02343064 0.86061568 -0.23105944
v 0.02129123 0.86382650 0.25535118
v 0.01500194 0.92302575 -0.17065422
v 0.02994631 0.93949415 -0.03932673
v 0.04484315 -0.99645193 -0.11509759
v 0.03688990 -0.97428791 -0.30578554
v 0.03356259 -0.96819669 -0.30758197
v 0.04084378 -0.96048768 -0.31502092
v 0.03620394 -0.93919592 0.27302564
v 0.03756750 -0.92399056 -0.31616687
v 0.15480877 -0.89708861 0.25274681
v 0.03445621 -0.72948927 -0.09542476
v 0.03579524 -0.73399140 -0.11727693
v 0.03445429 -0.64298317 -0.04771457
v 0.03704640 -0.37286003 -0.19609762
v 0.05883742 -0.37287587 0.12335089
v 0.04852948 -0.23952405 -0.21568921
v 0.02892953 -0.17158943 0.12575139
v 0.03259030 -0.16725576 0.12959629
v 0.03652666 -0.16137252 0.14841127
v 0.03564641 -0.10992284 0.12167094
v 0.03730375 -0.10102046 0.11672193
v 0.03678621 -0.10946874 0.14653899
v 0.03689778 -0.05497495 0.13913239
v 0.03552199 -0.04653647 0.11389426
v 0.03530280 -0.03836112 0.13724479
v 0.03322319 -0.04267938 0.14349165
v 0.03240962 -0.03895560 0.11603734
v 0.04416473 0.02808824 0.10664414
v 0.03497997 0.14046519 0.11637901
v 0.03067157 0.28665333 0.04084995
v 0.03661458 0.32398638 0.00569688
v 0.02496867 0.31857819 0.05082004
v 0.03419927 0.37305314 0.00534390
v 0.04233069 0.39549365 -0.16268709
v 0.04461627 0.51222973 0.16938637
v 0.04333371 0.51294059 -0.14732292
v 0.03790801 0.54351143 -0.17592309
v 0.03178533 0.57424534 -0.20459113
v 0.02553792 0.66601196 0.20324820
v 0.03093033 0.73205576 0.23178816
v 0.03193724 0.87719720 0.20853277
v 0.03859993 0.90044645 0.20671887
v 0.04261163 0.93722351 -0.03226367
v 0.03549779 0.93908352 -0.02829604
v 0.04749771 0.94850045 -0.05307078
v 0.02739564 0.95598113 -0.01419205
v 0.04027579 -0.99856336 0.08512995
v 0.03475759 -0.99863733 0.13770356
v 0.03838220 -0.99820686 0.11420700
v 0.04964106 -0.96903406 -0.31146835
v 0.04978638 -0.96179163 -0.31583124
v 0.03857298 -0.95709510 0.27549372
v 0.03973276 -0.91706118 0.28094075
v 0.04373255 -0.83092451 -0.10006438
v 0.03904703 -0.80098333 -0.12722543
v 0.03532829 -0.77492545 -0.13806481
v 0.03951407 -0.75988193 -0.06590227
v 0.03957794 -0.72181365 -0.07408906
v 0.04954375 -0.73277937 -0.15382290
v 0.03133635 -0.45775195 -0.13196157
v 0.04463433 -0.42978609 -0.14860394
v 0.03185416 -0.38484358 0.08733947
v 0.03826387 -0.17265112 0.12173642
v 0.03709373 -0.03615421 0.10915413
v 0.03691002 0.11239231 0.11172974
v 0.04201271 0.34717643 0.05100766
v 0.04143565 0.34370267 -0.00774342
v 0.04779960 0.36294900 0.02005089
v 0.04637309 0.36482688 -0.01018901
v 0.04012603 0.37605826 -0.16333118
v 0.01924633 0.42651370 0.16096298
v 0.04812238 0.56913737 0.17213654
v 0.04133361 0.65196414 0.16420060
v 0.03601619 0.67771311 0.20552524
v 0.04229594 0.73910476 0.20060470
v 0.06496650 0.78866531 0.24632497
v 0.03568134 0.87028866 0.21079238
v 0.03367641 0.86902496 -0.22372031
v 0.03079637 0.89187824 0.21147648
v 0.05693926 0.91185490 -0.15017424
v 0.04570945 -0.94596608 -0.31003938
v 0.04446998 -0.88927510 -0.10336924
v 0.04991634 -0.88754296 0.01388818
v 0.04524685 -0.81668072 -0.07695181
v 0.04316137 -0.79313112 -0.07796652
v 0.04106889 -0.74590641 -0.13675946
v 0.03410476 -0.58841787 -0.12645970
v 0.04478965 -0.56900753 -0.14061637
v 0.05507724 -0.55604047 -0.14899093
v 0.03587994 -0.47069665 0.03994809
v 0.05726514 -0.36508116 -0.20068380
v 0.02443096 -0.21917637 0.13459154
v 0.04995862 -0.19377374 -0.20147291
v 0.04508987 -0.13850871 -0.20335482
v 0.03875612 0.29548976 0.03508660
v 0.04047348 0.30334209 0.03749725
v 0.04328491 0.31149539 0.06510004
v 0.03297536 0.41201796 0.03540459
v 0.04543364 0.41979894 0.04552996
v 0.06686268 0.65757665 0.15927769
v 0.05402772 0.69267444 0.19959080
v 0.03630423 0.73689771 0.20599864
v 0.04557606 0.76685205 -0.25645263
v 0.04479864 0.85145071 -0.23182269
v 0.05183789 0.86715484 0.19910229
v 0.06217997 0.87316195 -0.20346049
v 0.05009878 0.91324578 0.18170170
v 0.06101952 0.93458330 -0.01343989
v 0.04790952 0.95059904 -0.07335323
v 0.04986853 0.96028891 0.01604700
v 0.06378543 0.96093269 0.04880612
v 0.05164690 -0.99916521 0.07061035
v 0.05407939 -0.99393769 -0.23197406
v 0.05144460 -0.99832401 -0.14328492
v 0.05349443 -0.99675834 -0.05077327
v 0.04754170 -0.99787901 0.16649063
v 0.04275269 -0.97086487 0.27041913
v 0.05193060 -0.94043368 -0.31250880
v 0.04569049 -0.94229947 0.28213484
v 0.04414493 -0.93026040 -0.31512123
v 0.04194929 -0.90632081 0.26927495
v 0.04847582 -0.88856484 -0.13272655
v 0.05134238 -0.88850878 -0.09162934
v 0.05526527 -0.83507690 -0.17231037
v 0.04827751 -0.71697498 -0.05539500
v 0.04362327 -0.60449526 -0.14643883
v 0.01796897 -0.32386265 0.12819532
v 0.05674894 -0.11702860 -0.20590827
v 0.04081773 -0.10730680 0.11435031
v 0.04993974 0.18039483 0.10219944
v 0.03809465 0.27320184 -0.21723721
v 0.05404275 0.31374526 0.02965972
v 0.05026581 0.33376830 0.07039943
v 0.03230617 0.44029674 -0.14285661
v 0.04672436 0.41985342 0.01876360
v 0.06976363 0.39779834 -0.14480474
v 0.04526247 0.44438465 -0.10885549
v 0.06316849 0.66057002 -0.23524853
v 0.04951258 0.68578199 -0.26018147
v 0.04915603 0.72466919 0.21640454
v 0.04788205 0.78845817 -0.25135903
v 0.06582046 0.88143606 -0.17107653
v 0.02943470 0.91967438 0.13574789
v 0.03635909 0.92191193 0.16246991
v 0.05118828 0.92233729 -0.13622749
v 0.02347864 0.94457284 -0.10635668
v 0.07970130 -0.99838733 -0.30129261
v 0.06763483 -0.99814758 -0.08047782
v 0.03545024 -0.99794256 -0.02490023
v 0.04757150 -0.99498685 -0.09635991
v 0.05735808 -0.99633416 0.03418510
v 0.04684114 -0.99653086 0.12774451
v 0.05668819 -0.94886404 -0.31555861
v 0.02848668 -0.88814762 -0.18490067
v 0.05280952 -0.88346605 -0.10420352
v 0.05144817 -0.86652519 -0.12356526
v 0.04562957 -0.83493881 -0.14700488
v 0.04939848 -0.78987305 -0.05667667
v 0.05070341 -0.76177936 -0.04202811
v 0.05975121 -0.71509932 -0.04108437
v 0.04955225 -0.64738960 -0.02561446
v 0.05791065 -0.61172802 0.00093421
v 0.04263477 -0.56812748 0.01078225
v 0.06428208 -0.56831408 0.02923141
v 0.05992604 -0.51102454 0.04423212
v 0.04408256 -0.42059003 0.06153962
v 0.06022860 -0.04095112 -0.20541355
v 0.04471527 0.05397979 0.11988476
v 0.04680105 0.14478655 0.10593212
v 0.04884574 0.31478942 0.06710714
v 0.04654578 0.33932852 -0.00145005
v 0.05730780 0.38504925 -0.01080671
v 0.05367895 0.39062560 -0.01429680
v 0.04132639 0.54614470 0.17698193
v 0.04815582 0.60709680 0.15383367
v 0.05539579 0.70022169 0.21870079
v 0.05146268 0.72745537 0.19436413
v 0.05402773 0.73359971 0.19597180
v 0.04526864 0.91455874 0.12913878
v 0.07832244 -0.99869488 -0.03501360
v 0.04964524 -0.99516404 -0.17622048
v 0.05673878 -0.97124283 0.27137966
v 0.09900648 -0.88802920 -0.20012401
v 0.05715591 -0.88858009 -0.16179556
v 0.06084626 -0.88680095 -0.07068052
v 0.05452660 -0.86631620 -0.09987182
v 0.05256196 -0.88280379 -0.13393939
v 0.05329506 -0.84784980 -0.12317282
v 0.05490927 -0.82502207 -0.05817195
v 0.04749654 -0.78876825 -0.16239489
v 0.06328023 -0.75848242 -0.02742342
v 0.04416268 -0.68898697 -0.15367831
v 0.06477584 -0.37533207 0.08865130
v 0.06576122 -0.32581960 -0.20615633
v 0.07162596 -0.26979710 -0.20808909
v 0.05652889 -0.18521636 -0.19779290
v 0.08156239 -0.12246006 -0.19788749
v 0.05830371 -0.11621769 0.10955098
v 0.05229429 -0.08977475 -0.20484203
v 0.06826100 0.01813353 -0.20788717
v 0.06312586 0.05623316 0.11750837
v 0.07749447 0.12754902 -0.22225816
v 0.04553661 0.26955881 0.04696631
v 0.05344133 0.30870316 0.02572974
v 0.06749630 0.30503853 0.06530702
v 0.06338470 0.40242103 -0.02429806
v 0.07003346 0.42539539 0.08852511
v 0.03375558 0.41553053 0.13312675
v 0.06081791 0.55941780 -0.18035402
v 0.04415416 0.64512287 0.15816011
v 0.06302300 0.67514907 -0.25036713
v 0.06015818 0.70424294 -0.25902858
v 0.06004036 0.85394610 0.23299367
v 0.05023158 0.89997486 -0.16569086
v 0.04962020 0.91610228 0.12000422
v 0.08942354 0.91918737 -0.12039751
v 0.08245573 -0.99830807 -0.15149000
v 0.06133623 -0.99799148 -0.10268090
v 0.05391151 -0.96279169 0.28302699
v 0.05228479 -0.91675735 0.28394921
v 0.04495143 -0.90095770 -0.29795558
v 0.02512996 -0.88700567 0.09586800
v 0.05704340 -0.88333743 -0.15036716
v 0.05962465 -0.84325738 -0.09342062
v 0.06582896 -0.81963728 -0.03608864
v 0.06149806 -0.80492141 -0.03447569
v 0.05805255 -0.67490854 -0.17303027
v 0.06834944 -0.61205401 -0.16985925
v 0.05268271 -0.50590892 -0.14393598
v 0.05534330 -0.39507995 0.07285327
v 0.03669959 -0.25173916 0.13246992
v 0.05054530 -0.24418518 0.12851735
v 0.06682886 -0.20537887 0.12378738
v 0.06111339 -0.14997175 0.11036620
v 0.05680700 0.16976299 0.09408245
v 0.04804671 0.24567748 0.07095135
v 0.07953895 0.26109198 0.05978407
v 0.05680149 0.27540314 0.05096530
v 0.06256970 0.31158244 0.02801126
v 0.06113979 0.31754019 0.07016999
v 0.05630664 0.37830470 0.01620839
v 0.05359653 0.36989664 0.03105122
v 0.05352310 0.45431238 -0.09281117
v 0.06040013 0.49178568 -0.11430606
v 0.06611707 0.58609936 -0.19598691
v 0.05872221 0.73378314 -0.26131909
v 0.03052062 0.77576908 0.24061523
v 0.06225972 0.81218928 -0.22575786
v 0.07518234 0.87384456 -0.18688022
v 0.07484814 0.91275749 0.14819544
v 0.05039537 -0.99873234 -0.25838148
v 0.06494332 -0.96012084 -0.31525267
v 0.06230982 -0.94897431 0.28155115
v 0.06990891 -0.93862415 0.27145472
v 0.06229370 -0.88899270 -0.04035221
v 0.06058200 -0.84980128 -0.16081747
v 0.06411763 -0.82102616 -0.18823780
v 0.07502206 -0.74152704 -0.18739708
v 0.06676040 -0.22834411 -0.21188076
v 0.04217637 -0.16169627 -0.20588154
v 0.06086204 0.20683795 0.09047242
v 0.07212099 0.24009182 0.07230757
v 0.05633075 0.29841594 0.02825654
v 0.08036975 0.28979920 0.05945433
v 0.06723202 0.30548695 0.03756059
v 0.05741660 0.35579488 0.04835555
v 0.06707955 0.39088353 0.00405212
v 0.05776187 0.40942281 -0.01840161
v 0.05626340 0.44235787 -0.11717410
v 0.04494391 0.41429539 0.09607435
v 0.05787575 0.42476728 0.11688693
v 0.05740603 0.43850153 -0.09150740
v 0.06186403 0.47259691 0.15027643
v 0.05723320 0.48939191 -0.10021584
v 0.06890614 0.50942550 -0.12823084
v 0.06627693 0.61313283 -0.21982270
v 0.05709697 0.63350823 -0.22939436
v 0.06102706 0.67303124 0.18850352
v 0.07172199 0.70425006 0.20949162
v 0.06599330 0.75986471 0.23500538
v 0.05840914 0.86005073 0.20059196
v 0.06245334 0.86549798 -0.21404643
v 0.06247176 0.94535593 0.08332023
v 0.05197389 0.95093381 0.07741961
v 0.05564013 0.94984464 0.00111647
v 0.07109163 -0.99915151 0.16360103
v 0.06851558 -0.99512151 0.08261388
v 0.06854650 -0.99731325 0.19432886
v 0.06653549 -0.92050223 0.27159482
v 0.06751118 -0.88684579 -0.04851927
v 0.07455710 -0.88355874 -0.17553144
v 0.06528714 -0.78219185 -0.03431613
v 0.06575476 -0.31629795 0.12042175
v 0.07015127 -0.16863460 0.11021835
v 0.08962968 -0.14932710 -0.19190354
v 0.06899523 -0.01273841 0.09696200
v 0.06904455 0.03344380 0.11443075
v 0.07816236 0.37020753 0.01968941
v 0.07311954 0.38576010 0.01019558
v 0.06535621 0.42194283 -0.04825354
v 0.06549883 0.42927124 -0.06803366
v 0.06892254 0.44556292 -0.02178512
v 0.05917466 0.44446587 0.13805604
v 0.07167598 0.53917420 -0.15959297
v 0.05796380 0.59490836 -0.21458476
v 0.05415372 0.81318298 0.25932192
v 0.04484469 0.82425518 -0.23445161
v 0.10245944 0.89188303 -0.15588881
v 0.05752195 0.91857016 -0.11094554
v 0.07864875 0.94188311 -0.02963662
v 0.07676691 0.95844906 0.04228137
v 0.06212811 -0.99461143 -0.30651933
v 0.09399509 -0.96410530 -0.31355659
v 0.05810714 -0.88919955 0.24614998
v 0.07101488 -0.88318836 -0.04398417
v 0.08128901 -0.85161352 -0.18438861
v 0.07322373 -0.65979243 -0.01138528
v 0.05293277 -0.46007219 -0.14614031
v 0.05276885 -0.41685727 -0.15784399
v 0.06665535 -0.36927211 -0.18171798
v 0.06415561 -0.25057380 0.12611779
v 0.07419661 -0.23182938 0.11717968
v 0.04778131 -0.19275447 0.12527840
v 0.06581710 0.01564772 0.09988876
v 0.06527859 0.13748980 0.11003491
v 0.07152980 0.29338144 0.04348808
v 0.06773490 0.41315511 -0.03884886
v 0.07560656 0.42846495 -0.09108955
v 0.07626171 0.44936944 -0.00910438
v 0.06767618 0.45172276 -0.05645949
v 0.06841077 0.48032522 -0.07830700
v 0.05965474 0.60220718 0.15398118
v 0.06955793 0.68660294 -0.25051502
v 0.07407795 0.69493087 0.19220561
v 0.07922400 0.70927035 0.19388279
v 0.07196983 0.73655154 0.21797756
v 0.07644684 0.77815577 -0.23557321
v 0.06178357 0.83235422 0.25274195
v 0.08056992 0.91419360 -0.09789693
v 0.07974339 0.94530672 -0.05061939
v 0.09492066 -0.99955663 -0.08807412
v 0.07198672 -0.99947015 0.23564928
v 0.05871012 -0.99927482 -0.20342168
v 0.09682178 -0.99685417 -0.01000385
v 0.07349453 -0.99744012 0.14493007
v 0.06811489 -0.96909153 -0.30624775
v 0.07110072 -0.95840521 0.27480180
v 0.09043669 -0.95842306 -0.31437477
v 0.08362922 -0.93712639 -0.31536675
v 0.07873707 -0.88377171 -0.01470997
v 0.07916795 -0.88767745 0.01053176
v 0.07058194 -0.86081128 -0.05156197
v 0.07452223 -0.83577322 -0.05903437
v 0.09000787 -0.80916884 -0.00807954
v 0.07497303 -0.79045995 -0.19135636
v 0.07325310 -0.54826295 -0.15736428
v 0.08028308 -0.37436504 0.08397282
v 0.05981534 -0.29911700 -0.20256699
v 0.08788590 -0.26994652 0.12953340
v 0.05592908 -0.28293146 -0.21103083
v 0.06957253 -0.24922718 -0.20357800
v 0.08216894 -0.20226414 0.11793070
v 0.09056954 0.05642186 0.11029410
v 0.08650647 0.27686640 0.05060521
v 0.04903291 0.31414351 -0.20301417
v 0.08018485 0.32364103 -0.19265113
v 0.07718496 0.38003654 -0.14128762
v 0.07556515 0.42676414 -0.07332225
v 0.09774630 0.44491317 0.05741813
v 0.08301531 0.53575892 0.16716636
v 0.08258762 0.61966644 -0.20927267
v 0.07702168 0.65428830 -0.22661920
v 0.09118396 0.84626359 0.22813042
v 0.07394243 0.85323754 0.21939259
v 0.07614143 0.90844631 0.17089676
v 0.08395567 0.91189990 -0.10116799
v 0.07405880 0.91529738 0.12999677
v 0.07043793 -0.99856017 0.06481542
v 0.07979912 -0.99886019 0.12510160
v 0.09665810 -0.99863973 0.15296614
v 0.08681437 -0.99646207 0.09092069
v 0.11464309 -0.99451548 0.27003032
v 0.08102343 -0.95416662 0.28216582
v 0.07829062 -0.91852683 0.28288896
v 0.09065331 -0.88707496 0.05482138
v 0.07829651 -0.83576290 -0.19833929
v 0.08729340 -0.73828962 -0.19814823
v 0.08041653 -0.68830007 -0.18863950
v 0.08338136 -0.51952729 0.05237047
v 0.06260491 -0.38160575 0.11441584
v 0.09286854 -0.35350468 -0.19185539
v 0.08510359 -0.34142191 -0.20192463
v 0.09842126 -0.26932819 -0.19910124
v 0.05644955 -0.21319885 -0.21412889
v 0.08649165 0.17167684 -0.22428803
v 0.07175624 0.20904695 0.07710422
v 0.08443852 0.30226880 0.06245231
v 0.08152803 0.40472323 -0.02369911
v 0.07695952 0.41268581 -0.03615226
v 0.08157997 0.42147274 -0.06833741
v 0.08228969 0.46944545 -0.03996644
v 0.08195446 0.72508874 -0.25230211
v 0.07637954 0.72330394 0.18997666
v 0.08026084 0.74629117 -0.25072465
v 0.10438102 0.76138260 0.22450413
v 0.06956598 0.77567737 0.23198052
v 0.08405300 0.82119397 -0.21063371
v 0.06585911 0.88727079 0.19760188
v 0.06719556 0.91928222 0.11778394
v 0.06468856 -0.99779143 -0.22211243
v 0.08459174 -0.97410633 0.27006017
v 0.08246923 -0.91158406 -0.30261265
v 0.08050352 -0.89666081 -0.28571891
v 0.06823160 -0.89509173 -0.28257380
v 0.02094404 -0.89005988 -0.27826502
v 0.11073524 -0.88723990 -0.22733106
v 0.07551116 -0.88748196 -0.27290910
v 0.08419421 -0.79917091 -0.01052055
v 0.08388275 -0.71515539 -0.01986843
v 0.08800592 -0.62128270 0.01394641
v 0.07358938 -0.50357242 -0.15325646
v 0.09244819 -0.48403193 -0.15438496
v 0.07596099 -0.45176515 0.06812545
v 0.07380795 -0.35123105 0.12372167
v 0.11270411 -0.25239662 -0.19230855
v 0.09029703 -0.23087321 0.10894117
v 0.07984364 -0.13913582 0.10102506
v 0.09245059 0.02487639 0.10616865
v 0.08210380 0.45837533 0.12678047
v 0.07868001 0.68574455 -0.23344656
v 0.08750722 0.74080272 0.22318249
v 0.10521124 0.90443706 0.16893118
v 0.08403208 0.92968152 0.01114236
v 0.08227274 0.94749022 0.02830469
v 0.15088740 -0.99017196 0.27052494
v 0.10045233 -0.96908928 -0.30819323
v 0.08310631 -0.91648626 -0.31560654
v 0.09494567 -0.88398751 -0.18831399
v 0.09149925 -0.88444816 0.03992242
v 0.08849954 -0.82312149 -0.02460138
v 0.08556324 -0.74664000 -0.01092110
v 0.07462282 -0.44142818 -0.15435857
v 0.08299613 -0.35893105 0.12184343
v 0.07937701 -0.29961118 0.11887883
v 0.09229268 -0.25521285 0.12468038
v 0.09525941 -0.08764164 0.09249981
v 0.06663847 -0.04492514 0.09909381
v 0.10440902 -0.01946203 0.08094977
v 0.07932472 0.15994588 0.09271427
v 0.07370633 0.26753153 -0.21770829
v 0.08317296 0.34789483 -0.17345829
v 0.08805964 0.40845370 -0.04616152
v 0.06129833 0.43629537 0.00452207
v 0.08524173 0.52219925 -0.12829155
v 0.09374038 0.58118313 -0.19128190
v 0.07281576 0.62467549 0.15878058
v 0.08105389 0.64100958 -0.21538039
v 0.08911365 0.71871575 -0.23447098
v 0.08219959 0.70855770 0.18395563
v 0.09983470 0.72282196 0.19808214
v 0.10257576 0.83541406 -0.20226634
v 0.09060462 0.84348033 -0.21114827
v 0.09060965 0.86037198 -0.19619055
v 0.08290208 0.86574300 0.18538534
v 0.10431930 0.88648602 0.17659835
v 0.08279002 0.92851536 -0.08520882
v 0.11684155 0.93903379 -0.00087235
v 0.09135149 0.95317309 0.06665784
v 0.07861685 -0.99983608 0.02797419
v 0.09269557 -0.99846471 0.10610701
v 0.10064749 -0.99822736 0.00634991
v 0.08394770 -0.83438969 -0.03338490
v 0.10802061 -0.65398937 0.00724225
v 0.09118845 -0.56923142 0.04261272
v 0.09728056 -0.51685224 0.05702286
v 0.09335667 -0.35739927 0.09305372
v 0.08765650 0.00767103 0.09124215
v 0.07915844 0.14932040 0.10357056
v 0.08536903 0.19728293 0.07898085
v 0.11183561 0.45948792 0.01777735
v 0.06762672 0.68317299 0.19452219
v 0.09698535 0.72097867 0.17533219
v 0.08782779 0.79089478 0.24402755
v 0.07954640 0.93298085 0.01256800
v 0.08998116 0.94338889 0.09010991
v 0.10302239 0.93010911 0.12043837
v 0.09470494 -0.99868053 -0.22475728
v 0.09238436 -0.99723442 -0.11390554
v 0.10454032 -0.99868547 0.17720129
v 0.09627241 -0.99853470 0.07664846
v 0.11055462 -0.99791138 0.20882616
v 0.09410149 -0.94096592 -0.30310550
v 0.09381630 -0.82663848 -0.01826200
v 0.09872337 -0.83596151 -0.20850930
v 0.08742580 -0.77100246 -0.02079811
v 0.08341409 -0.69884999 -0.01902266
v 0.08416734 -0.55978707 -0.16341210
v 0.08771731 -0.36667856 0.10625392
v 0.09853586 -0.20191358 -0.19334984
v 0.09146744 -0.18492037 -0.18568416
v 0.10404019 -0.15342753 0.09175055
v 0.09197527 0.10165284 0.10633880
v 0.10173287 0.08909517 -0.21085637
v 0.08913420 0.14005063 0.10539130
v 0.10138821 0.27247778 0.05402739
v 0.07151065 0.37415766 -0.15176577
v 0.09057644 0.52454865 0.16039714
v 0.09570936 0.55742603 -0.14562950
v 0.09461525 0.60250949 0.14612358
v 0.09874304 0.65018178 0.14954344
v 0.09399883 0.67185442 -0.22585948
v 0.10353875 0.72771438 -0.22215718
v 0.10913574 0.74498519 0.22192950
v 0.10646867 0.80740632 0.24263014
v 0.10214631 0.85884205 -0.17112286
v 0.09015667 0.86139423 0.18536981
v 0.07182570 0.89344445 0.19286976
v 0.09170604 0.91694239 -0.13211040
v 0.09778272 0.94586445 0.05097805
v 0.10987535 -0.99808210 -0.03346609
v 0.09855415 -0.94236098 0.28075548
v 0.09319742 -0.53405084 -0.15998167
v 0.10532246 -0.45656450 -0.15231982
v 0.08098968 -0.41565900 -0.15946218
v 0.10279716 -0.35630786 0.08897980
v 0.09618629 -0.35719530 -0.17413381
v 0.11331749 -0.31772822 0.11833106
v 0.10771458 -0.29275207 0.11096303
v 0.08328747 -0.21397975 -0.20452872
v 0.10286692 -0.17913186 0.10368358
v 0.08731063 0.24990660 0.05148325
v 0.09603204 0.27134312 0.04072821
v 0.09131749 0.38686230 -0.01433248
v 0.09951388 0.39096195 -0.10920136
v 0.11873727 0.47436875 -0.00613055
v 0.08847740 0.50380555 -0.09712832
v 0.08473252 0.50442111 -0.08156973
v 0.10200209 0.54675706 0.16066143
v 0.08082580 0.55291419 -0.16915790
v 0.08546584 0.60933562 -0.20257334
v 0.09025304 0.66194966 0.15692276
v 0.09540637 0.74522852 -0.22949692
v 0.09312411 0.76239445 -0.22783240
v 0.09926526 0.78355269 0.21680205
v 0.08353863 0.77922715 0.22798666
v 0.11758201 0.80273077 -0.20237677
v 0.10300576 0.91641191 0.14981670
v 0.10431366 0.92150338 0.03717946
v 0.10849602 0.93818556 0.10014052
v 0.18976371 -0.99023416 -0.30739469
v 0.08591729 -0.96112976 0.28286848
v 0.10556729 -0.91814341 0.28240828
v 0.09442663 -0.91891548 -0.30292605
v 0.10452840 -0.91382089 0.27319914
v 0.08976689 -0.90345775 0.26720700
v 0.10256807 -0.88448940 0.07340697
v 0.09618536 -0.87104910 0.04538203
v 0.10771531 -0.83788146 0.03305134
v 0.10530000 -0.81717545 -0.00590624
v 0.09925944 -0.79858835 -0.20637804
v 0.10829019 -0.76326475 -0.01475428
v 0.10184355 -0.43550173 0.07780631
v 0.10176516 -0.28678269 -0.19065839
v 0.09006464 -0.17616709 -0.18494505
v 0.10174163 -0.07678178 -0.18865859
v 0.10320432 0.27011598 0.03281167
v 0.10442825 0.28217130 0.05846474
v 0.09581717 0.37956256 -0.12347309
v 0.09358058 0.45545955 0.10275454
v 0.11157239 0.51799616 0.13768028
v 0.09957281 0.51200840 0.14824897
v 0.12058962 0.61607782 0.12925544
v 0.10655746 0.65918591 -0.21011542
v 0.10198709 0.68881371 0.17917186
v 0.10456950 0.70103931 0.17076085
v 0.09399309 0.70584690 -0.22767768
v 0.11058864 0.72882450 0.20944664
v 0.09678939 0.77706811 0.21795985
v 0.08541845 0.79874536 -0.22615109
v 0.11555163 0.83038564 0.23460992
v 0.11397805 0.85410545 0.21595775
v 0.11140194 0.93773233 -0.04617690
v 0.09117168 0.92839427 0.02612110
v 0.10883038 0.94083463 0.07515589
v 0.10955094 -0.99715130 -0.22175405
v 0.09595804 -0.99747329 -0.19286839
v 0.11285126 -0.99388629 0.16239494
v 0.11111997 -0.96093505 0.28296732
v 0.11070123 -0.94082191 0.27466203
v 0.10753783 -0.91394158 -0.31257122
v 0.10875562 -0.81845363 -0.00126665
v 0.10380964 -0.77195903 -0.20975517
v 0.10783622 -0.74582898 -0.20992665
v 0.09556545 -0.61690614 -0.18023851
v 0.11844590 -0.34376682 -0.16415649
v 0.11048990 -0.28327794 0.10873411
v 0.09709403 -0.01305347 -0.19464973
v 0.11759364 0.04257551 -0.19580575
v 0.10466799 0.28049017 0.03005949
v 0.12892869 0.35040271 -0.14725997
v 0.11040011 0.51775837 -0.08824345
v 0.10117970 0.57124303 0.15905252
v 0.11508135 0.58979522 -0.18216558
v 0.10628804 0.72320458 0.16529931
v 0.10874584 0.78354855 0.20421263
v 0.11300494 0.79101064 0.20123701
v 0.11642195 0.79815130 0.23396512
v 0.10982775 0.87060754 0.17040730
v 0.11445160 0.90237695 -0.14157630
v 0.11863180 0.91265271 -0.11125945
v 0.12982489 -0.99911326 0.20926589
v 0.11957673 -0.97024171 0.27214035
v 0.17250782 -0.89583922 0.24956204
v 0.13601375 -0.88654866 0.20522604
v 0.11017970 -0.69970371 -0.00764319
v 0.12449197 -0.66725932 -0.18949475
v 0.11309907 -0.56860087 0.04931918
v 0.10063587 -0.40857510 -0.15615555
v 0.11309324 -0.34954276 0.08877933
v 0.10868945 -0.34700779 0.11378097
v 0.11162516 -0.33423536 0.11904880
v 0.11651993 -0.31703933 -0.19146206
v 0.11813303 -0.24092352 0.11143472
v 0.11340526 -0.20360569 -0.18372140
v 0.10986175 -0.18815566 0.10130465
v 0.09903276 -0.13001982 0.08804929
v 0.11256129 -0.07133115 0.08240265
v 0.13121216 0.14249819 0.08884213
v 0.11095000 0.28533169 0.04081874
v 0.10979578 0.30403219 0.03592904
v 0.11156178 0.38153211 -0.07464779
v 0.11084814 0.57073622 -0.16465330
v 0.11266083 0.65491924 0.14323810
v 0.10315242 0.71784430 0.16557096
v 0.11114432 0.75573059 -0.22323293
v 0.11058436 0.86112153 0.19682608
v 0.11420260 0.91705322 0.14705244
v 0.11318664 0.91846094 0.06608316
v 0.10387276 0.93806563 0.05347865
v 0.11634701 0.93223886 0.10930068
v 0.11402594 -0.99828594 0.04582621
v 0.11350655 -0.92066075 0.28162527
v 0.10401478 -0.92214255 -0.31579587
v 0.10665358 -0.88712605 0.09592433
v 0.10208592 -0.85342545 -0.19391261
v 0.11216826 -0.85933771 0.08065924
v 0.12514120 -0.73945623 -0.00102698
v 0.12731968 -0.69832002 -0.00303953
v 0.09857894 -0.69203127 -0.19545478
v 0.11760501 -0.60643140 -0.17740313
v 0.11165918 -0.52185892 0.05784136
v 0.12017541 -0.21499438 0.08637658
v 0.11264660 0.00636729 0.08084117
v 0.13193912 0.02399334 0.08530757
v 0.11939497 0.15271317 0.09022942
v 0.11841162 0.16579829 0.07830101
v 0.11148428 0.29752046 0.01473522
v 0.11470573 0.30782083 0.01999936
v 0.11733180 0.31368692 -0.00147948
v 0.11516891 0.32518243 0.01144867
v 0.10614149 0.51876466 -0.07184544
v 0.11767095 0.54393762 0.14731246
v 0.11049752 0.63557140 -0.20564783
v 0.11401719 0.72588213 -0.21030363
v 0.11817713 0.72899993 0.15277919
v 0.11927099 0.79434031 0.18913799
v 0.12150575 0.79447638 0.21963172
v 0.11486369 0.90427012 -0.08808328
v 0.12152201 0.90399015 -0.07947302
v 0.11317280 -0.99916952 -0.28489575
v 0.14211917 -0.99906746 -0.13035110
v 0.13758129 -0.99569257 -0.30594227
v 0.11235861 -0.99744535 -0.16226879
v 0.12161582 -0.99828391 0.02341495
v 0.12663341 -0.99494070 0.03980210
v 0.10361110 -0.94765099 -0.31498593
v 0.04309993 -0.89798836 0.26247524
v 0.16751996 -0.89724777 -0.28696703
v 0.12930138 -0.88430257 0.11595347
v 0.11443792 -0.88456670 0.09676558
v 0.12304137 -0.79961215 -0.21065448
v 0.10929497 -0.79501153 0.00603105
v 0.12317115 -0.76049363 -0.21397831
v 0.12063240 -0.52917334 -0.15803602
v 0.11932240 -0.45230455 0.07415839
v 0.11500586 -0.34113531 0.09346736
v 0.12461444 -0.13138279 0.07189209
v 0.11694312 -0.10828053 -0.18156978
v 0.12811797 0.04367536 0.09107853
v 0.11794869 0.35763955 -0.02969597
v 0.12011929 0.46539409 0.03271137
v 0.11931336 0.47051232 0.05514409
v 0.11768324 0.56244898 0.15209944
v 0.10962823 0.67626444 0.16891920
v 0.13282912 0.68300201 0.15283683
v 0.13154906 0.71217124 -0.20378440
v 0.12021382 0.74930797 -0.21700198
v 0.11792265 0.76742948 -0.21823776
v 0.12306320 0.78726099 0.18815997
v 0.12667118 0.82510957 -0.19438790
v 0.12250897 0.86032565 -0.15357099
v 0.13464270 0.90524397 -0.11689006
v 0.12202056 0.90959494 0.09153009
v 0.11834252 -0.99869476 0.17765004
v 0.12071732 -0.99933728 -0.02018249
v 0.14480939 -0.97260070 -0.30597503
v 0.15376825 -0.94281566 -0.31290855
v 0.12916868 -0.91869220 0.28314456
v 0.11046793 -0.90964386 -0.30192757
v 0.15853692 -0.89601882 -0.28162012
v 0.13246628 -0.78234958 0.00612853
v 0.13762735 -0.73263675 -0.20631474
v 0.13335951 -0.56915596 0.04848980
v 0.13202692 -0.26470510 0.09920027
v 0.12252575 -0.26353285 -0.18731704
v 0.10295598 -0.26663773 0.12336874
v 0.10254162 -0.23140461 -0.18726481
v 0.14443435 -0.21590238 -0.15635984
v 0.13715939 -0.18114146 -0.15806339
v 0.11373665 -0.17811476 -0.17252265
v 0.11951686 -0.15478091 -0.17422217
v 0.12831076 -0.09039047 0.06349289
v 0.13420859 0.09860733 -0.20083882
v 0.12298747 0.33684783 -0.02591501
v 0.12361375 0.35532910 -0.05060923
v 0.10675344 0.37805533 -0.10660313
v 0.11686163 0.37119289 -0.08017759
v 0.13100206 0.48302934 0.03710709
v 0.12349672 0.52379438 0.11741991
v 0.12565010 0.62506057 0.12505503
v 0.11770896 0.61746694 -0.18878349
v 0.11893125 0.63595488 0.13884035
v 0.13030577 0.69538696 0.13748516
v 0.13561322 0.75112396 0.21355585
v 0.12314021 0.92053439 0.12016147
v 0.11992619 0.90145294 0.15570290
v 0.11976216 0.91451870 0.06470263
v 0.12977905 -0.99839330 -0.07253335
v 0.12088978 -0.99808421 0.14745037
v 0.13321197 -0.99903771 0.05814937
v 0.08209677 -0.97779411 -0.30595157
v 0.08715079 -0.88684600 0.12463454
v 0.12592969 -0.83728999 0.06117456
v 0.12638238 -0.83494185 -0.21192065
v 0.13187768 -0.79375868 0.01020083
v 0.11941923 -0.72859218 0.00085524
v 0.13755274 -0.67943191 -0.18984591
v 0.12666884 -0.61307952 0.02691053
v 0.13257856 -0.32927928 0.08820380
v 0.12274238 -0.33913586 -0.17877477
v 0.11515804 -0.33402760 -0.19079204
v 0.12684229 -0.05634262 0.07210519
v 0.12637641 -0.02324533 -0.17861012
v 0.14326475 0.35290427 -0.13042650
v 0.13538679 0.48540241 0.00842575
v 0.13139313 0.56113521 0.13421130
v 0.12364905 0.69365266 -0.21006988
v 0.12217461 0.72970510 0.13981981
v 0.12828303 0.74173137 0.13436982
v 0.12500009 0.79793090 0.18148276
v 0.13793821 0.88044240 0.19027476
v 0.11674551 0.87791972 0.16264840
v 0.12320357 0.88952185 0.14695158
v 0.12731663 0.90172201 0.11756523
v 0.13784106 0.90698212 -0.06557540
v 0.14337667 -0.91467073 0.27023672
v 0.13027339 -0.85311776 -0.19499112
v 0.12735973 -0.84445843 0.08350677
v 0.13789375 -0.84090554 -0.20567878
v 0.11190743 -0.82053425 0.01309819
v 0.11898802 -0.81056749 0.00346763
v 0.13716682 -0.59255857 -0.16916499
v 0.12011789 -0.42919954 -0.14649853
v 0.13427348 -0.38929593 0.08364685
v 0.14508157 -0.33581539 0.08595264
v 0.13087275 -0.32714218 0.10465502
v 0.13284049 -0.27029080 0.09842173
v 0.13688684 -0.16646008 0.08093256
v 0.15870416 0.27639351 0.00401163
v 0.08239766 0.29813418 -0.20614700
v 0.11422199 0.29109777 0.01435896
v 0.15777841 0.30944196 -0.02012167
v 0.14346158 0.51355218 -0.02125419
v 0.13782319 0.57882553 -0.12468034
v 0.13259316 0.58352990 0.13490891
v 0.12332271 0.64802397 0.13384096
v 0.12915180 0.65397032 -0.19070751
v 0.12490033 0.67046059 -0.19784077
v 0.12021784 0.72268076 0.18798213
v 0.12108448 0.77166642 0.21170580
v 0.13281668 0.80525304 0.22191733
v 0.13370235 0.80383058 0.19829090
v 0.12373293 0.87203361 0.17471571
v 0.13822547 0.89426444 -0.07629855
v 0.15456326 -0.99863615 -0.05565025
v 0.18103440 -0.99920275 0.22545440
v 0.14175965 -0.99826812 -0.19826099
v 0.14089675 -0.89851242 0.26379068
v 0.12344681 -0.88330525 -0.19287058
v 0.12762082 -0.86880293 0.10840902
v 0.13741685 -0.81822829 0.03168800
v 0.12147253 -0.81408137 0.00628464
v 0.13965234 -0.80499880 0.00632118
v 0.13936663 -0.52049388 -0.15080714
v 0.13443150 -0.33212826 -0.15301516
v 0.12407949 -0.25064551 0.11249250
v 0.12913801 -0.15989683 0.08548755
v 0.13784190 0.01115033 0.06382318
v 0.12947029 0.48826321 -0.01299673
v 0.13271897 0.51938484 0.07598211
v 0.13714826 0.61354183 -0.17183307
v 0.14568712 0.60524566 0.11025409
v 0.13660181 0.66465903 0.14377026
v 0.13206457 0.74856421 0.11672499
v 0.13823676 0.79970404 0.16909073
v 0.13316975 0.87801352 -0.14607194
v 0.12317296 0.91317669 -0.07009007
v 0.12910801 -0.99634189 -0.04455029
v 0.13575275 -0.99645876 0.19138850
v 0.12696640 -0.96055096 -0.31391755
v 0.12444588 -0.94467285 0.28187455
v 0.15391354 -0.91747419 -0.31358976
v 0.15380609 -0.91249559 -0.30073937
v 0.12999983 -0.82406814 0.04938635
v 0.14775387 -0.69884140 -0.00406466
v 0.14012169 -0.39561030 -0.13487818
v 0.14748502 -0.32292366 -0.16443532
v 0.14716116 -0.30884965 0.09309604
v 0.13218447 -0.31773888 0.11243627
v 0.15511839 -0.24600826 -0.16111319
v 0.14585711 -0.08645784 0.04199426
v 0.13796323 -0.06794005 -0.16571179
v 0.14277621 -0.03422934 0.05873866
v 0.14904412 0.01749685 0.05399559
v 0.08257663 0.22413639 -0.22303964
v 0.13791157 0.54384849 -0.05899455
v 0.14273559 0.57053600 0.10949478
v 0.13051455 0.58174388 -0.13691841
v 0.13228507 0.58642377 -0.14763207
v 0.14291588 0.63425800 -0.16880364
v 0.14131617 0.64601019 0.11590084
v 0.14792371 0.67627493 -0.19250905
v 0.13837226 0.70422739 -0.19317770
v 0.14516310 0.73001131 0.16862281
v 0.12980724 0.74595167 -0.19888321
v 0.14248556 0.75921732 0.11871170
v 0.13715985 0.82934202 0.22520018
v 0.14123346 0.87363602 0.17250036
v 0.13693281 0.92531598 0.04251746
v 0.14516135 -0.99806589 0.12284667
v 0.15344530 -0.95932211 -0.31410254
v 0.15326608 -0.89864930 -0.29361930
v 0.15937000 -0.80417461 0.00200668
v 0.15442957 -0.77875224 0.00201804
v 0.13453086 -0.75778912 -0.01435596
v 0.13964575 -0.67890834 0.00156642
v 0.13680675 -0.51135671 0.05634691
v 0.13414866 -0.41276932 -0.13832926
v 0.14403710 -0.31379996 0.08650368
v 0.13864578 -0.29968696 0.11030648
v 0.14500599 -0.25673536 0.09153740
v 0.13858180 -0.20492976 0.07095433
v 0.15088343 -0.11921336 -0.15051082
v 0.13169630 -0.11446709 0.06137312
v 0.13146051 0.07629465 0.08863857
v 0.14139689 0.16687483 -0.21221019
v 0.13947395 0.55470644 -0.06894350
v 0.13649766 0.55218353 -0.09160325
v 0.14995627 0.58687711 -0.09989947
v 0.14523445 0.66840572 0.13375373
v 0.13473979 0.76935844 -0.19629316
v 0.14477723 0.79481114 -0.19317713
v 0.13465306 0.81080566 0.16815269
v 0.14314222 0.81869352 0.21430306
v 0.13998911 0.81116275 0.19739989
v 0.14183282 0.83797186 -0.17227724
v 0.14517369 0.85902178 0.20676332
v 0.15882685 0.89119052 -0.09198581
v 0.13958000 0.90819597 0.09934636
v 0.14499581 0.92929927 -0.01408551
v 0.13569182 0.93674982 -0.00100397
v 0.16524269 -0.99741810 0.09519612
v 0.15850053 -0.88745626 0.24280922
v 0.15272609 -0.72258680 -0.00222705
v 0.15815869 -0.64734259 0.00216761
v 0.14852845 -0.54060331 -0.15127058
v 0.15491804 -0.51427081 -0.14200788
v 0.15169796 -0.29761619 0.10085670
v 0.15399763 -0.28322209 0.09915997
v 0.14262084 -0.27151189 -0.16875490
v 0.14362273 -0.14167637 0.06776170
v 0.14965836 -0.01635662 -0.16080622
v 0.14499471 0.04794398 -0.17863116
v 0.15617967 0.03225289 0.06218449
v 0.15018896 0.05027644 0.07349982
v 0.15996153 0.14642305 0.06978967
v 0.15751547 0.16175252 0.06165999
v 0.15625382 0.52543056 -0.04534080
v 0.14141764 0.50439765 0.02447872
v 0.15122382 0.60228707 -0.14488925
v 0.14465156 0.66685553 0.11459009
v 0.13948488 0.73339017 0.10733924
v 0.14742514 0.73323681 0.09916445
v 0.15536649 0.76915208 0.20162929
v 0.14605920 0.82401163 0.14852800
v 0.14654199 0.83835863 0.17249027
v 0.14348300 0.84578875 -0.14460783
v 0.14625589 0.87734070 0.18840283
v 0.13619937 0.87574976 0.16285121
v 0.13041841 0.89102263 0.14000206
v 0.15510333 0.91288924 0.08617883
v 0.13736801 -0.99972057 0.02227137
v 0.15061826 -0.99645620 -0.22876744
v 0.15174244 -0.99818026 -0.15819797
v 0.14548967 -0.92016731 0.27880483
v 0.15627173 -0.86194819 0.13250677
v 0.17083813 -0.82669818 0.04893419
v 0.14841149 -0.80971664 0.00798179
v 0.14974575 -0.79138689 -0.20568260
v 0.15805976 -0.71948844 -0.19536022
v 0.14771981 -0.65638739 -0.18001178
v 0.14613174 -0.32370754 -0.14217423
v 0.14493751 -0.30806204 -0.17680521
v 0.16382871 -0.25960067 0.08697254
v 0.14978094 -0.19196616 -0.14590508
v 0.15734687 -0.13467564 -0.13918478
v 0.15388908 -0.09854821 0.03845455
v 0.16363288 0.20610482 -0.21039851
v 0.18666127 0.33205907 -0.06601558
v 0.14788774 0.52010360 -0.00972838
v 0.15157732 0.56845177 -0.07289409
v 0.14681822 0.55012329 0.04925896
v 0.14919861 0.59412634 0.09857666
v 0.15943664 0.60881356 -0.09775104
v 0.15348851 0.60602996 -0.11929577
v 0.15637381 0.61566254 -0.15024465
v 0.15138249 0.70883724 0.08403151
v 0.14846304 0.75428961 -0.18549080
v 0.15139302 0.77641747 0.19881656
v 0.15442817 0.82955079 -0.13957000
v 0.15013359 0.83782183 0.19429281
v 0.14621689 0.86183129 0.16945344
v 0.15080766 0.84324939 0.20453069
v 0.15147150 0.86219135 0.18652978
v 0.13998419 -0.99891988 -0.24339445
v 0.14824033 -0.99835613 -0.08358981
v 0.17593894 -0.99868515 0.16251289
v 0.15187797 -0.88733239 -0.27287947
v 0.15291283 -0.88743759 -0.19060502
v 0.16348019 -0.87867663 -0.17595384
v 0.14990164 -0.85122709 0.11949309
v 0.16434378 -0.81752065 0.03968584
v 0.14142986 -0.46250572 0.06603406
v 0.16006771 -0.42335390 -0.12234750
v 0.15728328 -0.29358509 0.09342772
v 0.15629016 -0.23938419 0.08957664
v 0.15313605 -0.16713930 -0.14320824
v 0.16508597 -0.00030437 0.03395373
v 0.15508888 0.04196003 -0.16798781
v 0.18778489 0.25379783 -0.20187631
v 0.15326755 0.54932010 -0.00452654
v 0.15011558 0.57203593 -0.02418712
v 0.15548647 0.59846881 0.04787746
v 0.15083699 0.63229310 0.09589383
v 0.15653801 0.65167917 -0.18174948
v 0.15758334 0.70559343 0.07545904
v 0.15368587 0.76149679 0.11523615
v 0.15396327 0.81086035 -0.18154962
v 0.15287562 0.81861400 0.14963975
v 0.15533014 0.82983153 -0.16135844
v 0.15413340 0.85472414 0.15222032
v 0.15562108 0.88251351 0.14090292
v 0.15810855 0.87990413 -0.06407287
v 0.16296052 0.89321069 -0.04976215
v 0.16856306 0.91847592 0.02552166
v 0.16582139 -0.99838841 0.02396918
v 0.16017771 -0.99614709 0.00530151
v 0.16450577 -0.95642489 0.28138577
v 0.16587621 -0.92150544 -0.31037009
v 0.16217382 -0.93753257 0.28086668
v 0.16203526 -0.91626574 0.28014272
v 0.15561854 -0.85267364 -0.18402485
v 0.15600739 -0.78809100 0.00679822
v 0.15086560 -0.60458296 0.02137737
v 0.16218870 -0.46436547 0.04890029
v 0.16079810 -0.39415053 0.07082606
v 0.15538097 -0.30131997 0.08273782
v 0.15967403 -0.15485135 0.05460083
v 0.15312260 -0.05374946 0.03357157
v 0.16462643 0.13252794 -0.19005974
v 0.15152576 0.18103109 0.05982270
v 0.17501669 0.53473673 -0.03417650
v 0.15707415 0.57197249 0.00764324
v 0.15393594 0.57752798 0.03372834
v 0.15418901 0.58164231 -0.08008254
v 0.15505297 0.58605633 -0.03458452
v 0.15704579 0.58747153 -0.01173372
v 0.15801301 0.67683108 0.06625436
v 0.15979211 0.72595855 -0.16570793
v 0.15160969 0.73507167 0.19188347
v 0.16350727 0.78210850 -0.16283401
v 0.15601649 0.76574794 0.12006333
v 0.15473742 0.78777466 0.18595901
v 0.15455104 0.83309659 0.13576517
v 0.16062679 0.84017361 0.12598023
v 0.14379974 0.88811084 -0.13134829
v 0.19175406 -0.99886272 -0.22970839
v 0.16244667 -0.96555869 -0.30443278
v 0.15966989 -0.96628811 0.27427107
v 0.16375772 -0.94209612 -0.31029575
v 0.18715362 -0.89912311 0.26168504
v 0.15650277 -0.82072695 -0.20481969
v 0.14838282 -0.81275574 0.02233104
v 0.15363576 -0.75112489 -0.20421404
v 0.16207634 -0.30706664 -0.12513590
v 0.16283506 -0.29072418 -0.16040468
v 0.15688153 -0.18189642 0.05286957
v 0.16371581 -0.12962537 0.04755062
v 0.15434584 0.22110100 0.04181843
v 0.17863383 0.29178115 -0.18811886
v 0.15782796 0.58428925 0.02088483
v 0.16623116 0.62492566 -0.11005920
v 0.16539358 0.63446652 -0.13356210
v 0.15880245 0.64196142 0.05330180
v 0.15878380 0.75470059 0.13559335
v 0.15886914 0.78073277 -0.18264110
v 0.16274072 0.81337447 -0.16187589
v 0.16882160 0.84513965 -0.13038834
v 0.16941576 0.87883470 0.12079005
v 0.15828363 0.89783663 0.11890205
v 0.16124630 -0.99561762 -0.07576550
v 0.17240867 -0.99908424 0.06724185
v 0.15676532 -0.88420521 0.13835154
v 0.12408134 -0.88667772 0.24156553
v 0.16085218 -0.69483627 -0.01152606
v 0.17450881 -0.71537696 -0.18407168
v 0.16645194 -0.63654480 -0.16399081
v 0.15961884 -0.50316579 0.04298811
v 0.16501615 -0.30819895 -0.14556117
v 0.16682763 -0.27498003 0.08743968
v 0.17286799 -0.22034276 -0.12529483
v 0.14990622 -0.22862003 0.09114195
v 0.15529177 -0.19862472 0.05801856
v 0.16896153 -0.06016439 0.00594449
v 0.16030891 -0.05267817 -0.14285924
v 0.16325562 0.03131775 0.04092187
v 0.16953053 0.09438845 -0.17094307
v 0.16957433 0.22781213 -0.20913875
v 0.13901121 0.35933306 -0.11071748
v 0.16618053 0.52300269 -0.03604599
v 0.19126334 0.56450701 -0.07805109
v 0.16426984 0.59450799 0.03795503
v 0.17075551 0.65333348 -0.11224092
v 0.16269574 0.65385340 -0.17280880
v 0.16052350 0.65330291 -0.15136908
v 0.16438313 0.68286178 -0.17385088
v 0.16835117 0.71506529 -0.15448053
v 0.16402746 0.74986706 0.10954944
v 0.17816138 0.74455352 -0.15600382
v 0.17130323 0.80771874 -0.12779263
v 0.16389978 0.85494248 0.11512702
v 0.16496002 0.91924900 0.05296569
v 0.19014843 -0.99862550 -0.21585400
v 0.17397177 -0.99830029 -0.11868864
v 0.18362581 -0.99837088 -0.08991668
v 0.17632876 -0.97009589 0.26910560
v 0.17410228 -0.96071073 0.27056923
v 0.16640887 -0.95256540 -0.30537129
v 0.17024809 -0.93796511 0.26868084
v 0.17299037 -0.91833299 0.27760251
v 0.16751496 -0.91179237 0.26883957
v 0.16904918 -0.91156298 -0.29955404
v 0.18808157 -0.89881244 -0.29010020
v 0.17648524 -0.85263059 -0.16476160
v 0.16694849 -0.52922814 -0.13458342
v 0.15458566 -0.56117518 0.04059976
v 0.18181154 -0.40342636 0.04851888
v 0.18501315 -0.28770306 -0.12718314
v 0.16484014 -0.28886504 0.07841327
v 0.17271144 -0.25664706 -0.13761513
v 0.17192943 -0.18302831 0.03213626
v 0.17990443 -0.07789157 -0.00080801
v 0.16940519 -0.10664624 -0.12248616
v 0.16437697 0.01823675 -0.14984995
v 0.17425455 0.03728566 0.02079370
v 0.16997499 0.06676953 -0.15785034
v 0.17852168 0.04468242 -0.13458644
v 0.17016877 0.05364907 0.05032302
v 0.16933016 0.11322902 0.05517021
v 0.16883139 0.13815304 0.05955671
v 0.17635397 0.19835270 -0.20314771
v 0.17211864 0.32210372 -0.03908641
v 0.17281089 0.33979226 -0.13331390
v 0.17372901 0.54033741 -0.06573508
v 0.16171887 0.55970389 -0.03424188
v 0.17426527 0.62039335 -0.07675396
v 0.16434874 0.60874242 0.01202641
v 0.16735125 0.64353204 0.04765090
v 0.17092877 0.67947533 -0.13785613
v 0.17313501 0.68849137 -0.15109483
v 0.17884705 0.73074853 -0.15341770
v 0.17451459 0.75287592 0.16441789
v 0.16503268 0.75412371 0.19456840
v 0.16571199 0.77387540 0.10719601
v 0.17417061 0.79437229 0.17853314
v 0.17422462 0.81468380 0.16202897
v 0.16863073 0.85211887 0.10552551
v 0.16422514 0.88273732 -0.05482637
v 0.17407333 -0.99836304 -0.00875187
v 0.18212361 -0.95793177 -0.31302394
v 0.18286606 -0.95181049 -0.31371708
v 0.16169079 -0.88483207 -0.18016866
v 0.16308726 -0.83919518 -0.19638336
v 0.16844200 -0.80994382 0.00292397
v 0.16137701 -0.75547733 -0.02423425
v 0.16532851 -0.73386918 -0.01054303
v 0.17791075 -0.62639558 -0.15100778
v 0.16572171 -0.39134149 -0.11314515
v 0.17856362 -0.31425862 -0.09551162
v 0.17391601 -0.28785702 -0.10447245
v 0.16822407 -0.29919401 -0.15452901
v 0.17678242 -0.26853906 0.06616510
v 0.17647383 -0.24784694 0.07610201
v 0.17211279 -0.25740509 0.04604946
v 0.18286043 -0.20944193 0.05272111
v 0.17714120 -0.12320581 0.02763746
v 0.18076565 -0.01820523 -0.10745015
v 0.17363787 0.06549233 0.03242258
v 0.17449750 0.10154161 -0.17172615
v 0.17367442 0.09743575 0.04014091
v 0.17620290 0.16079852 -0.19016790
v 0.14152484 0.33026297 -0.16692484
v 0.19074521 0.58660866 -0.08273766
v 0.16377906 0.59310482 -0.07908925
v 0.16410232 0.61166790 -0.03368283
v 0.16619490 0.61525980 -0.08148769
v 0.16872110 0.59925953 0.02804156
v 0.17481204 0.64805934 -0.00325827
v 0.17568860 0.64034260 0.03907737
v 0.17374420 0.66123763 -0.12972316
v 0.17276435 0.70042554 0.06837450
v 0.17497333 0.70165376 -0.13600623
v 0.17491976 0.71945387 0.08533400
v 0.18374753 0.78561855 0.08322517
v 0.16671073 0.79871290 -0.15145335
v 0.17613445 0.85537443 0.08616363
v 0.17225622 0.86194678 0.08931007
v 0.17341880 0.86288410 -0.05379820
v 0.17218278 0.87023498 -0.11191540
v 0.17991115 0.86725380 -0.07743263
v 0.17726723 0.89907778 0.08557622
v 0.20816758 -0.99853089 0.01269458
v 0.15916517 -0.88696829 0.14896317
v 0.17862894 -0.85509106 0.13845428
v 0.19090276 -0.84040879 -0.16914309
v 0.17389225 -0.82367007 -0.19425254
v 0.19034110 -0.81981103 0.03099388
v 0.17416465 -0.81111135 0.01437763
v 0.17891691 -0.78058781 -0.18379036
v 0.17749720 -0.68960844 -0.02953774
v 0.18115372 -0.49498902 0.02027098
v 0.17887171 -0.38040340 -0.09568321
v 0.18978757 -0.30516120 0.06981006
v 0.18017219 -0.27765863 -0.07938030
v 0.18546737 -0.25430591 0.03435313
v 0.17934395 -0.24631990 0.03677544
v 0.18780731 -0.22440493 0.05796575
v 0.17389510 -0.20204810 -0.12120772
v 0.17369186 -0.15467478 -0.10785097
v 0.18287613 -0.04309915 -0.02614819
v 0.17928515 0.00255929 -0.01063493
v 0.17597363 0.06948868 -0.15551616
v 0.17858476 0.07748996 -0.16525214
v 0.17941378 0.11288206 -0.17664839
v 0.17375905 0.14112019 0.04592045
v 0.18124881 0.15298747 -0.18441110
v 0.17494785 0.16551361 0.04712238
v 0.18879048 0.18775130 0.03696979
v 0.16126915 0.34977366 -0.09056023
v 0.16680379 0.58543218 -0.04477453
v 0.17176218 0.63037197 -0.01089090
v 0.17614866 0.63384172 0.01977797
v 0.17472130 0.64851269 -0.01805349
v 0.17757238 0.68343568 -0.11769246
v 0.17935588 0.70291613 0.06407644
v 0.18630370 0.76258148 0.09582612
v 0.18593615 0.83136816 -0.11266402
v 0.17690010 0.85411955 0.05450346
v 0.17462579 0.90832876 0.00320946
v 0.17425263 0.90890036 0.07460871
v 0.12973832 -0.97685939 0.26973896
v 0.18232827 -0.95902501 0.28031298
v 0.18028895 -0.92956828 0.27904177
v 0.14851649 -0.83187491 0.06652251
v 0.17708542 -0.77976782 -0.01052914
v 0.18370117 -0.76284549 -0.03877289
v 0.17790569 -0.60243102 -0.00785393
v 0.19107928 -0.55812071 -0.00629431
v 0.17725773 -0.56086894 0.01563603
v 0.17804816 -0.54007796 -0.12457591
v 0.17698872 -0.44438721 -0.10890420
v 0.18130699 -0.39978863 -0.09785306
v 0.18113725 -0.26951252 -0.08140568
v 0.18267941 -0.17177351 -0.08855864
v 0.17957011 -0.01742289 -0.02000711
v 0.18514419 0.12201778 0.02503240
v 0.18365700 0.23392738 0.02399591
v 0.19813525 0.33284704 -0.12268503
v 0.17810829 0.63422598 -0.07472787
v 0.17780867 0.63443853 -0.09228037
v 0.17848310 0.65645098 -0.03449991
v 0.18441576 0.65543157 0.02316575
v 0.17770876 0.67474899 0.05545154
v 0.18254997 0.67816707 -0.02652096
v 0.18362074 0.72883521 -0.13152442
v 0.18937293 0.73241664 0.08788457
v 0.17845519 0.77892296 -0.14442123
v 0.17881338 0.78361498 0.18079122
v 0.18445584 0.79160624 0.13188655
v 0.18092006 0.78792986 -0.11778883
v 0.17928643 0.83265386 0.13620192
v 0.18968115 0.84755014 -0.08570265
v 0.18123167 0.85932907 -0.04356593
v 0.18149459 0.88056811 0.08063250
v 0.17553245 0.89649781 -0.01460982
v 0.18304090 0.89824709 0.02893512
v 0.18380696 -0.99840377 -0.30141858
v 0.18672678 -0.99904715 0.09544089
v 0.18426207 -0.99792811 0.13531078
v 0.18821705 -0.99848312 -0.17476891
v 0.19630573 -0.88152373 0.14339418
v 0.17816439 -0.83710539 0.12493133
v 0.19013430 -0.81159777 -0.01405357
v 0.18800542 -0.69472518 -0.16300588
v 0.18760701 -0.55145111 -0.11360007
v 0.18272603 -0.43551056 0.03472681
v 0.18989967 -0.36870239 -0.07131374
v 0.18585515 -0.31512081 -0.07683485
v 0.18283009 -0.27336444 0.04530447
v 0.18568396 -0.27619629 -0.13266457
v 0.19533436 -0.26694786 -0.08881770
v 0.18401414 -0.23858448 -0.11071054
v 0.18407305 -0.24431145 0.05800392
v 0.18489140 -0.23748241 0.02992482
v 0.18950341 -0.20198133 -0.09444755
v 0.18942200 -0.17690246 -0.08062234
v 0.18436353 -0.13356987 -0.08057629
v 0.18669176 -0.02696768 -0.04612172
v 0.18087753 0.03093752 -0.11882563
v 0.18663001 0.02671292 -0.09042378
v 0.18828377 0.08023578 -0.00050320
v 0.17998694 0.13382178 -0.18016318
v 0.19435342 0.15277923 -0.19370538
v 0.18592424 0.14263879 0.03097595
v 0.18401203 0.65006735 -0.06100690
v 0.19902833 0.64651837 -0.04137946
v 0.18750345 0.66189936 -0.08548950
v 0.18136790 0.68590125 -0.01556187
v 0.18854044 0.70175290 -0.10251759
v 0.18274102 0.71066196 -0.01061695
v 0.18422846 0.69317769 -0.08863542
v 0.18164150 0.69926930 -0.00480501
v 0.19130263 0.71233432 -0.11666703
v 0.18549622 0.75842889 -0.10312950
v 0.18568669 0.74699884 -0.14024784
v 0.18525897 0.77301125 0.01137268
v 0.18588824 0.78061712 -0.10645696
v 0.18666945 0.77243968 -0.08050975
v 0.18308467 0.76900353 0.16816238
v 0.17497372 0.78265246 0.11433883
v 0.19058538 0.80282293 -0.11091098
v 0.19301834 0.83711673 0.11728467
v 0.18781142 0.84608619 -0.05874179
v 0.18532038 0.87463668 -0.03187304
v 0.18547249 0.87403756 0.04129892
v 0.18904142 -0.99939944 -0.15015115
v 0.19171561 -0.99891095 -0.04445280
v 0.19887902 -0.99472343 0.07894089
v 0.18391517 -0.99811619 0.08108243
v 0.18185905 -0.99803927 0.20444827
v 0.20797472 -0.96337298 0.27622922
v 0.17923206 -0.91639314 -0.31141808
v 0.18470082 -0.87950491 -0.15071939
v 0.19478243 -0.85105512 -0.13385831
v 0.17873662 -0.79333871 -0.00510784
v 0.19501374 -0.70031254 -0.15168340
v 0.18628954 -0.70134894 -0.04441499
v 0.19103634 -0.60111313 -0.03021999
v 0.19409381 -0.45158852 -0.08188190
v 0.19953697 -0.42120072 0.01139664
v 0.20494648 -0.34523002 0.06019123
v 0.19439566 -0.35342114 -0.05371317
v 0.19040767 -0.33527075 -0.06639443
v 0.19257759 -0.30742896 -0.07039402
v 0.19005563 -0.28592228 -0.07548063
v 0.18839598 -0.26856949 -0.07896093
v 0.19502321 -0.22145216 0.03758568
v 0.19078372 -0.22783333 -0.09181007
v 0.18483783 -0.17629721 0.01005240
v 0.19166874 -0.16413548 -0.02477495
v 0.18161652 -0.15489163 0.00863640
v 0.19080648 -0.13106515 -0.04106406
v 0.18897599 -0.09929188 -0.00936609
v 0.19113592 -0.08893180 -0.02526681
v 0.19063487 -0.07236979 -0.05448277
v 0.18690119 0.01016360 -0.05344688
v 0.19091563 0.04970541 -0.06671743
v 0.20004610 0.00696753 -0.13951148
v 0.18523076 0.04453546 -0.13638528
v 0.19219621 0.03521701 -0.10538694
v 0.19361161 0.03669112 -0.17324336
v 0.19078494 0.05180703 -0.03546968
v 0.19182179 0.21327312 0.02969831
v 0.19286740 0.23646242 -0.20074192
v 0.19132223 0.64635521 -0.05787397
v 0.18781266 0.69234962 0.03799443
v 0.18937956 0.69215875 0.00936923
v 0.19052662 0.72101667 0.00840491
v 0.18787134 0.74423685 -0.05305239
v 0.19062876 0.73179367 -0.01973522
v 0.19295959 0.73440826 -0.07592458
v 0.18531904 0.73460604 -0.00062072
v 0.19220866 0.75290298 -0.04217610
v 0.19058697 0.75956651 -0.01490792
v 0.19307389 0.77269581 0.03122037
v 0.19291009 0.79430620 0.09664135
v 0.19153628 0.80533844 0.13748649
v 0.18791480 0.80078054 0.16143914
v 0.19190781 0.83853017 0.03607418
v 0.19145742 0.85308715 0.02671058
v 0.19165221 0.87129178 -0.01126059
v 0.19339231 -0.99513055 -0.10287705
v 0.20014532 -0.99645367 0.20764750
v 0.18767546 -0.92106455 0.27911992
v 0.19351896 -0.91289637 0.26730152
v 0.21669873 -0.89838634 0.25626159
v 0.19182996 -0.88690195 -0.15369424
v 0.19096791 -0.88492243 -0.14538892
v 0.20768646 -0.83177851 0.11111950
v 0.19941206 -0.79520339 -0.16490755
v 0.19931113 -0.82759499 -0.16473733
v 0.19980755 -0.74820899 -0.04636036
v 0.18405880 -0.72587441 -0.02397863
v 0.19772323 -0.70007215 -0.07295339
v 0.19797152 -0.62178775 -0.05367109
v 0.20189099 -0.38811630 -0.06173616
v 0.19827915 -0.36430611 -0.04396220
v 0.19671709 -0.34266901 -0.05497783
v 0.19397049 -0.32563111 -0.06424430
v 0.19252229 -0.28663415 0.06080699
v 0.19236857 -0.27899847 -0.11278712
v 0.19549978 -0.24272409 -0.09087770
v 0.19775631 -0.23736852 -0.08815372
v 0.19452393 -0.20628304 -0.09334712
v 0.19745537 -0.20025078 0.02162276
v 0.18642740 0.03933272 -0.12236606
v 0.19154461 0.04094876 -0.08240124
v 0.19461088 0.07511764 -0.05009853
v 0.19487046 0.06951687 -0.18994522
v 0.19387965 0.11107427 -0.00803905
v 0.18719202 0.17354118 -0.18761160
v 0.19319719 0.19797350 -0.18974325
v 0.18618453 0.54086342 -0.05529274
v 0.19228398 0.55506104 -0.05429885
v 0.18916955 0.64126695 -0.02122519
v 0.19284547 0.67193603 -0.06453965
v 0.19439442 0.68705696 -0.04819749
v 0.18817509 0.73489944 -0.05741434
v 0.19314482 0.75667405 -0.07442756
v 0.19388767 0.75878517 -0.06000628
v 0.18759798 0.75166904 0.00937644
v 0.20093908 0.74810736 0.02664430
v 0.19223753 0.78006852 0.05513684
v 0.19371807 0.85534152 -0.02388561
v 0.21603255 -0.99759748 0.14394052
v 0.20845437 -0.99723885 -0.06864336
v 0.18691291 -0.96945641 -0.30465800
v 0.19704016 -0.93633461 -0.30877125
v 0.19352856 -0.88719910 -0.26980980
v 0.19997357 -0.65051843 -0.12402513
v 0.20070762 -0.55846171 -0.03583871
v 0.19685899 -0.47959327 -0.00494571
v 0.19053001 -0.47046313 -0.09124311
v 0.18924869 -0.37720514 -0.07692239
v 0.18363209 -0.33139727 0.07421831
v 0.20245283 -0.30082404 0.04811861
v 0.19864348 -0.28386586 0.04787657
v 0.19946067 -0.26275874 -0.08900149
v 0.19658211 -0.26264145 -0.11009096
v 0.19530184 -0.23338616 0.02218255
v 0.19350970 -0.22662033 0.02054680
v 0.20107653 -0.20553011 0.01697350
v 0.19315174 -0.21376615 0.04293738
v 0.19835287 -0.18603235 -0.00612832
v 0.19640034 -0.17924617 -0.08970893
v 0.19345779 -0.17271295 -0.05559097
v 0.19268432 -0.11911393 -0.12413805
v 0.19312089 -0.11069787 -0.10454542
v 0.19654789 -0.12442007 -0.14027323
v 0.19834343 0.04108919 -0.08233562
v 0.20018387 0.09341498 -0.04389194
v 0.19614489 0.11376096 -0.02605057
v 0.19400141 0.13034358 0.00649806
v 0.19402105 0.18473571 0.03288698
v 0.20441801 0.22122372 -0.19040629
v 0.21475935 0.27467312 -0.00677492
v 0.19194780 0.30175922 -0.02461586
v 0.19941364 0.57299097 -0.05968440
v 0.20199081 0.61514760 -0.05317191
v 0.19963435 0.62843016 -0.07119286
v 0.19620041 0.76190285 -0.02055029
v 0.20235439 0.78035410 -0.00416003
v 0.19722745 0.79778411 -0.08280423
v 0.19688324 0.82192658 -0.09070837
v 0.18461320 0.81558377 0.15636402
v 0.19715114 0.84585049 0.06765623
v 0.16898274 -0.99943548 -0.27597512
v 0.20758144 -0.99811677 -0.01128931
v 0.21901200 -0.99842791 0.08562485
v 0.19833757 -0.99774585 -0.12243676
v 0.20574126 -0.99831454 -0.10128733
v 0.21874961 -0.99773432 0.11408962
v 0.22277954 -0.96897692 0.26943027
v 0.20765820 -0.91906792 -0.30988126
v 0.20747062 -0.88660391 -0.11913415
v 0.19997897 -0.88678934 0.23908140
v 0.19825454 -0.87941319 -0.12499033
v 0.19950707 -0.81665453 0.00652407
v 0.19368763 -0.75168746 -0.16385953
v 0.20124036 -0.71856400 -0.07263831
v 0.20019337 -0.73560332 -0.14224321
v 0.20430538 -0.66828652 -0.10626825
v 0.20362741 -0.66779141 -0.08914925
v 0.20243675 -0.62584338 -0.10399034
v 0.20074514 -0.55948166 -0.08364685
v 0.20280171 -0.58495233 -0.06375005
v 0.20198666 -0.30838098 0.06283255
v 0.20526522 -0.21579217 -0.00777310
v 0.19899794 -0.21776473 -0.00101656
v 0.20448075 -0.19605327 -0.01182632
v 0.20214691 -0.18408341 -0.03273966
v 0.19671617 -0.17304319 -0.07591272
v 0.20832183 -0.12908055 -0.10210959
v 0.20241234 -0.09354875 -0.14423060
v 0.20090904 -0.08050512 -0.12396237
v 0.20092286 0.01265729 -0.11202400
v 0.20357684 -0.00097760 -0.15822196
v 0.20736735 0.18349324 0.01696549
v 0.23094137 0.30669163 -0.04493550
v 0.19867709 0.56247621 -0.06829202
v 0.20219682 0.62987313 -0.04177197
v 0.20383166 0.70572568 0.01410080
v 0.20393939 0.71455502 0.05254707
v 0.19820065 0.74361052 0.08559260
v 0.20039404 0.78805586 0.01093978
v 0.20141583 0.79199837 0.00866748
v 0.20069281 0.80191048 0.10046813
v 0.19932353 0.81524278 -0.07052531
v 0.20431848 0.81729603 0.10865731
v 0.20258313 0.81916776 0.01896664
v 0.20029564 0.82737213 0.03106007
v 0.19205203 0.86021482 0.00530641
v 0.21190183 -0.99909278 0.21798021
v 0.19945347 -0.99511219 -0.16220727
v 0.20701529 -0.93708193 -0.30775924
v 0.20633512 -0.91319049 -0.29461344
v 0.21269892 -0.77080735 -0.13944480
v 0.20583687 -0.73707839 -0.05443541
v 0.20291000 -0.70967706 -0.10672611
v 0.20312997 -0.50563285 -0.03936068
v 0.20189173 -0.48803555 -0.05726187
v 0.20442390 -0.43889411 -0.02596788
v 0.20412314 -0.43178791 -0.04478403
v 0.20919828 -0.39657571 0.00686835
v 0.20904221 -0.36880571 0.04166378
v 0.20583998 -0.35266287 -0.03794514
v 0.20876250 -0.19513383 -0.01800628
v 0.20522230 -0.18675342 -0.10732714
v 0.20443860 -0.17155528 -0.04997422
v 0.21223829 -0.09065555 -0.06784028
v 0.20201318 -0.06979102 -0.16052930
v 0.20370978 -0.05778058 -0.12880104
v 0.20199561 -0.02736497 -0.15601538
v 0.20827670 -0.03933073 -0.18346036
v 0.20281789 -0.01772031 -0.12481597
v 0.21058061 -0.01626393 -0.10205765
v 0.21308163 0.02373930 -0.20567540
v 0.21702664 0.04029365 -0.21154137
v 0.20362412 0.12739825 -0.02300842
v 0.20815106 0.59040671 -0.06719997
v 0.20277086 0.58203012 -0.07717342
v 0.19940478 0.60851720 -0.08080700
v 0.20656461 0.63456979 -0.05868234
v 0.20705132 0.70729889 0.02807254
v 0.20607695 0.75188755 0.06091465
v 0.20064042 0.76186814 0.07563208
v 0.21300923 0.79453368 0.03510510
v 0.20975966 0.79435757 0.06391036
v 0.20749729 0.81819748 0.00262542
v 0.20339286 0.81072484 0.02100558
v 0.20434000 0.83874844 -0.04081447
v 0.20454394 0.83928829 0.09465949
v 0.20503180 0.84148786 0.01221660
v 0.20539133 -0.99886210 0.05618159
v 0.20569232 -0.99466628 -0.30656979
v 0.21040743 -0.96317850 -0.30385854
v 0.20825855 -0.95252562 -0.30974512
v 0.21600193 -0.91265722 0.26410517
v 0.21294480 -0.89626088 0.24567661
v 0.21325710 -0.88645328 0.14366723
v 0.20958323 -0.84083404 -0.08345597
v 0.20712188 -0.83672541 -0.14095799
v 0.20259291 -0.82900485 0.03616857
v 0.21012978 -0.82375047 -0.04509650
v 0.20619000 -0.82078088 -0.02941283
v 0.20113931 -0.81368928 -0.02604017
v 0.20018506 -0.79254916 -0.02425099
v 0.20549705 -0.72873655 -0.11111079
v 0.21056481 -0.39605268 -0.02982249
v 0.21928359 -0.36630995 0.02320943
v 0.20896222 -0.36210450 -0.02212026
v 0.21099353 -0.32203972 0.05404436
v 0.21200495 -0.28011616 -0.08455958
v 0.20382112 -0.15588700 -0.10459698
v 0.20863039 -0.13422325 -0.12024668
v 0.21228676 -0.10150350 -0.17048301
v 0.21073910 -0.07569673 -0.08825017
v 0.21185859 -0.04843000 -0.16114345
v 0.22928248 0.01497180 -0.07472888
v 0.19912878 0.06644220 -0.06300948
v 0.20786822 0.18710643 -0.19792615
v 0.21730406 0.25635021 -0.18605887
v 0.21438325 0.24751350 0.00753750
v 0.21094902 0.28116865 -0.18681289
v 0.22797652 0.29250101 -0.02612229
v 0.19243668 0.32552870 -0.14767746
v 0.20996102 0.60718369 -0.07162103
v 0.20966118 0.62048350 -0.05866705
v 0.20446637 0.77835022 -0.06788983
v 0.21373714 0.82741728 0.05528214
v 0.22696026 -0.99913955 -0.00488549
v 0.20539874 -0.95832660 0.27852720
v 0.21293484 -0.93799454 -0.29928272
v 0.21344152 -0.91921181 -0.29403338
v 0.21359386 -0.92816588 -0.29838899
v 0.21341523 -0.89587537 -0.27538018
v 0.19891954 -0.87080338 0.14237456
v 0.21230221 -0.83211105 -0.06091661
v 0.21370599 -0.83505284 -0.10782494
v 0.21777104 -0.82652825 -0.07702544
v 0.21289619 -0.80211255 -0.03978591
v 0.21240056 -0.80763627 -0.12794888
v 0.21378325 -0.78700064 -0.08831720
v 0.20579445 -0.77308334 -0.06645557
v 0.21053338 -0.32418227 0.03811810
v 0.22014227 -0.32106132 -0.05056815
v 0.20853958 -0.30546057 -0.06939086
v 0.20760911 -0.26750420 0.05208754
v 0.21258000 -0.14059865 -0.14382197
v 0.20767612 -0.07550091 -0.18256034
v 0.22133057 -0.05878690 -0.19518020
v 0.21595807 -0.03928396 -0.12871941
v 0.21054798 -0.02749804 -0.19266111
v 0.20574065 0.15125186 -0.00924569
v 0.20960841 0.16756231 -0.00275857
v 0.21418106 0.75536252 -0.04665220
v 0.20819802 0.80541651 -0.06156736
v 0.22042037 0.79031806 -0.03334193
v 0.21677634 0.80974016 0.06627153
v 0.21119791 0.83284205 -0.01836921
v 0.22005558 -0.99681066 -0.15673787
v 0.21922439 -0.99826298 -0.05527731
v 0.19888633 -0.99893975 0.18617829
v 0.21071620 -0.97109725 -0.30314136
v 0.21931974 -0.95550212 -0.29988800
v 0.22134863 -0.91864472 0.27683993
v 0.21529945 -0.89706671 -0.28378434
v 0.21144167 -0.88448561 -0.09879634
v 0.22996048 -0.88551064 0.13117568
v 0.21779282 -0.83192688 -0.03221600
v 0.21357841 -0.82991795 0.02342502
v 0.21347664 -0.82337528 -0.12361035
v 0.21981325 -0.81363058 -0.06855316
v 0.21995226 -0.76864075 -0.11616964
v 0.21689150 -0.75425878 -0.11793859
v 0.21906209 -0.76280865 -0.08475012
v 0.21636188 -0.37444590 -0.01896986
v 0.21537362 -0.38548332 -0.01114393
v 0.22087300 -0.36987417 0.00099212
v 0.22150479 -0.35528187 0.02416444
v 0.21678952 -0.34423819 0.04611516
v 0.23210716 -0.26903881 -0.08474134
v 0.21938830 -0.24379183 0.03561370
v 0.20013778 -0.22557711 0.01516060
v 0.21657278 -0.20070801 -0.11619802
v 0.21494487 -0.12044949 -0.07817316
v 0.21902735 -0.12959923 -0.06476752
v 0.20793784 -0.10403343 -0.07136016
v 0.22387976 -0.08356601 -0.20793391
v 0.20471300 0.02202094 -0.09293042
v 0.21427736 0.05423793 -0.06323223
v 0.20871992 0.08599100 -0.20388892
v 0.21970157 0.14801967 -0.01340145
v 0.21350358 0.21143280 0.01640725
v 0.21850873 0.76531866 -0.03146555
v 0.22880600 -0.99726806 0.19686590
v 0.22410165 -0.88657588 -0.07658849
v 0.24256996 -0.88694657 0.16316974
v 0.21165329 -0.83514093 0.11875644
v 0.22343324 -0.83610382 0.05031138
v 0.21661412 -0.82515874 0.00362144
v 0.21758106 -0.74826550 -0.08011699
v 0.21514498 -0.35499059 -0.00011768
v 0.21972034 -0.30216266 0.03044443
v 0.21765096 -0.27799735 0.04737345
v 0.21598968 -0.14441114 -0.13388420
v 0.23126715 -0.00511178 -0.22026572
v 0.21392697 -0.00406511 -0.19214043
v 0.22583053 -0.00515974 -0.07874479
v 0.19664147 0.33554042 -0.09679070
v 0.21911321 0.76545640 -0.04828759
v 0.22573869 -0.99386789 -0.07638984
v 0.22468733 -0.99547696 0.00792191
v 0.23753304 -0.99623422 0.10891677
v 0.23799616 -0.99828861 0.17044235
v 0.21954451 -0.90099879 0.25801541
v 0.21608768 -0.88082884 -0.08012503
v 0.20648645 -0.86092703 -0.10270603
v 0.20998518 -0.84817332 0.13345380
v 0.22301725 -0.85352302 -0.05080861
v 0.22740503 -0.83838584 0.00911901
v 0.20717349 -0.25829847 -0.08772665
v 0.23045622 -0.15100192 -0.15250409
v 0.21363368 -0.14111054 -0.16255013
v 0.23112810 -0.14982015 -0.03586494
v 0.22578006 -0.03169958 -0.11124546
v 0.23131700 -0.01656747 -0.08590644
v 0.22447260 0.06597456 -0.05623989
v 0.22740181 0.23338125 -0.00149916
v 0.22473269 0.26095136 -0.00417960
v 0.21483331 -0.99606000 -0.21785212
v 0.22359242 -0.99851204 -0.08916144
v 0.24433648 -0.84781611 0.04068207
v 0.21643894 -0.34152538 0.01931095
v 0.23351974 -0.24544029 0.02729264
v 0.22773943 -0.15290091 -0.14675151
v 0.22119445 -0.13695300 -0.17696515
v 0.22011698 0.09838584 -0.03973613
v 0.21780955 0.12568917 -0.20697834
v 0.23875519 0.12257120 -0.03364713
v 0.23527949 0.17499559 -0.00874896
v 0.22169799 0.20226621 0.00180198
v 0.22675420 0.22865545 -0.19244782
v 0.23246358 0.25535792 -0.01098573
v 0.22815489 0.28337393 -0.17018120
v 0.22158279 0.30145312 -0.16855734
v 0.23382335 -0.99860070 -0.29994401
v 0.22100402 -0.99877137 -0.19912726
v 0.23462980 -0.99908624 0.06193617
v 0.24670116 -0.99908674 0.20210755
v 0.21155310 -0.99910032 0.26555692
v 0.23729861 -0.99615903 -0.08999421
v 0.23011664 -0.88611624 -0.04739078
v 0.23872029 -0.85826334 0.11734343
v 0.23060780 -0.84649168 -0.01283987
v 0.23206808 -0.31830744 0.00183536
v 0.23145382 -0.11562311 -0.05751375
v 0.23962090 -0.09860422 -0.04474867
v 0.24760430 -0.08507999 -0.04446160
v 0.22279983 -0.02954056 -0.21571307
v 0.23716701 0.01025828 -0.22800001
v 0.23112746 0.31346673 -0.14735374
v 0.23892001 0.31935863 -0.11174262
v 0.23600916 -0.99787881 0.02295575
v 0.24578587 -0.99661806 0.18336669
v 0.22289200 -0.98422475 0.26958920
v 0.23424682 -0.89837550 -0.28389106
v 0.24640763 -0.87943380 0.11240473
v 0.24255409 -0.86253310 0.00419406
v 0.23019864 -0.83749847 0.10066212
v 0.23452471 -0.31462341 -0.02568383
v 0.22957761 -0.29642096 0.02762648
v 0.25137302 -0.26955373 -0.00128109
v 0.24218969 -0.23570992 -0.10759397
v 0.23157145 -0.20397779 -0.12473215
v 0.22724879 -0.20818523 -0.00403283
v 0.23600747 -0.11124635 -0.19907212
v 0.22989015 -0.09037393 -0.21099524
v 0.22472361 -0.04384226 -0.21427690
v 0.24391277 -0.02574962 -0.09824816
v 0.23089449 0.13756789 -0.21066755
v 0.23690245 -0.99981801 -0.15138028
v 0.24247109 -0.99835239 -0.07797702
v 0.24977052 -0.96706719 0.26342718
v 0.24680742 -0.93953594 0.27275497
v 0.24346449 -0.88638537 0.22964677
v 0.21084617 -0.88669367 -0.19993657
v 0.24758899 -0.31357555 -0.00173927
v 0.23355611 -0.29385244 -0.06837398
v 0.23656467 -0.23184308 0.01844308
v 0.23197498 -0.22256179 0.00211265
v 0.24952221 -0.20310603 -0.01075726
v 0.24688443 -0.08955749 -0.22698214
v 0.24124708 -0.06390940 -0.21841041
v 0.22189833 -0.04715709 -0.08744701
v 0.24464705 0.05312860 -0.22623182
v 0.23795999 0.28019144 -0.02894760
v 0.24318138 0.30437905 -0.13759035
v 0.23373916 -0.99313178 -0.30467492
v 0.25149500 -0.99849895 -0.11190953
v 0.25006414 -0.99604436 0.05278360
v 0.23421396 -0.99406161 0.26933436
v 0.23677732 -0.96336345 0.27543070
v 0.24923802 -0.95673249 0.27642153
v 0.24609354 -0.88750968 -0.01990572
v 0.24500182 -0.84854493 0.09163730
v 0.24674675 -0.16733715 -0.02273768
v 0.25827464 -0.11965333 -0.21057743
v 0.23601241 0.04086478 -0.22534432
v 0.24898699 0.02440569 -0.07004761
v 0.23854720 0.20359110 -0.00309311
v 0.23974478 0.25304674 -0.18331191
v 0.24430024 0.27445782 -0.17131399
v 0.24425313 0.29871673 -0.05486008
v 0.23870219 0.31616192 -0.07391891
v 0.27358586 -1.00004393 -0.26478611
v 0.25168673 -0.99876624 -0.05052076
v 0.25782423 -0.99767685 -0.21146780
v 0.26195401 -0.99902859 0.26089223
v 0.24816009 -0.91798045 0.27327045
v 0.25147088 -0.91314399 0.25439768
v 0.24823330 -0.89569611 0.23655094
v 0.24921746 -0.88635319 0.11622205
v 0.24276107 -0.88284913 -0.00846074
v 0.25396389 -0.30660835 -0.01214372
v 0.25169025 -0.30556151 -0.00120267
v 0.25322523 -0.23694429 -0.01010517
v 0.23333574 -0.15161828 -0.17460107
v 0.26221699 -0.07670444 -0.23345585
v 0.26041705 -0.06084390 -0.23600166
v 0.23596437 -0.06989489 -0.06293648
v 0.23465117 -0.04684637 -0.07351418
v 0.25533152 -0.00692265 -0.07445146
v 0.24873613 0.08868017 -0.05136547
v 0.24907859 0.30717052 -0.09352883
v 0.23697855 -0.99902815 -0.02667000
v 0.25846211 -0.99822710 0.00761712
v 0.26881292 -0.99768712 -0.10067653
v 0.24725003 -0.99654933 -0.03381116
v 0.26061337 -0.99378298 0.26586278
v 0.25100076 -0.94047327 0.26113518
v 0.24479909 -0.88705552 -0.25611947
v 0.25918838 -0.88611496 0.09318617
v 0.25398835 -0.86581710 0.08956002
v 0.25111863 -0.28847919 -0.04634767
v 0.25407617 -0.26891456 -0.06695103
v 0.25280590 -0.15811020 -0.17760503
v 0.25492332 -0.14903517 -0.19183469
v 0.25904358 0.17599958 -0.02662248
v 0.26135700 0.21195369 -0.02036927
v 0.24651631 0.23896305 -0.01064168
v 0.25802346 0.28962713 -0.05496316
v 0.25238348 -0.96107299 0.26379644
v 0.25862603 -0.93695181 0.25498187
v 0.23368831 -0.88669654 -0.08256228
v 0.25532257 -0.88397801 0.03375561
v 0.25846663 -0.88030505 0.07523812
v 0.25499334 -0.86136821 0.05721094
v 0.26126637 -0.25063298 -0.00958041
v 0.27857447 -0.15532203 -0.19139589
v 0.25552772 -0.11337895 -0.04628547
v 0.27047747 -0.03868387 -0.06002257
v 0.25947567 -0.01720632 -0.09192078
v 0.26348029 0.02437605 -0.24533635
v 0.23566018 0.17387901 -0.20523567
v 0.26652677 0.15089461 -0.20970335
v 0.27581793 -0.99868303 0.17135529
v 0.26417603 -0.99289891 -0.29800258
v 0.25483890 -0.97358625 0.26363098
v 0.25404494 -0.90131808 -0.28038507
v 0.25074036 -0.89863368 0.24890373
v 0.26235785 -0.88607939 0.05828172
v 0.26455279 -0.28572719 -0.01737819
v 0.25793967 -0.27579023 -0.04824297
v 0.26244487 -0.18974852 -0.14033078
v 0.24699498 -0.16980595 -0.15108643
v 0.24433596 -0.03188526 -0.23552425
v 0.26528329 0.07884853 -0.22708698
v 0.25471482 0.26565924 -0.02850204
v 0.26563902 0.28418649 -0.13796669
v 0.24328425 -0.99913597 -0.24348832
v 0.26906596 -0.99601228 -0.04282086
v 0.25394970 -0.99945843 0.08481371
v 0.26756582 -0.99638811 0.18479652
v 0.27300871 -0.24502281 -0.06237937
v 0.26351238 -0.26057974 -0.04022150
v 0.26200763 -0.24845324 -0.02526014
v 0.25919762 -0.10337350 -0.22844805
v 0.25849727 -0.03159204 -0.07194666
v 0.25593857 -0.00541522 -0.24150585
v 0.27566018 0.25263258 -0.05165024
v 0.25687957 0.28168318 -0.15519183
v 0.26741414 -0.99900440 -0.20337100
v 0.26876380 -0.89600064 -0.26748241
v 0.25584120 -0.89532530 -0.26139435
v 0.28325033 -0.88640353 -0.23255630
v 0.26694694 -0.28373055 -0.02798003
v 0.26973869 -0.26569475 -0.02738019
v 0.26878740 -0.21426970 -0.11855245
v 0.26891758 -0.15267896 -0.03175660
v 0.26370479 -0.06477952 -0.05359233
v 0.25720234 0.00389686 -0.06826235
v 0.25814391 0.06063240 -0.06328271
v 0.27253046 0.17035565 -0.04198850
v 0.26625636 0.23634884 -0.03027997
v 0.26249235 0.29708314 -0.10808159
v 0.26918761 -0.99974856 0.04065462
v 0.25643602 -0.99870992 0.12691949
v 0.26661617 -0.99808400 0.06837140
v 0.28666284 -0.99294316 0.25847727
v 0.28379341 -0.88641581 0.21011226
v 0.27490248 0.03705003 -0.07336946
v 0.26664780 0.12088801 -0.04894582
v 0.27336764 0.21601485 -0.17931259
v 0.26557751 0.29260651 -0.08644488
v 0.27777302 -0.99574656 0.07631986
v 0.25823303 -0.16089037 -0.16284097
v 0.28112557 -0.16299148 -0.17703548
v 0.27840294 -0.11524415 -0.04549364
v 0.27063154 -0.09485127 -0.03538252
v 0.28085071 -0.03589750 -0.24872678
v 0.28849956 0.02199431 -0.25102355
v 0.26745407 -0.99895242 -0.29186444
v 0.27996535 -0.99728406 -0.18079924
v 0.27379080 -0.99855434 0.09363930
v 0.27811428 -0.23412511 -0.05657918
v 0.28274301 -0.02511198 -0.07278233
v 0.26335422 -0.02188663 -0.08854521
v 0.27317108 -0.01123280 -0.09118967
v 0.27800603 0.00241177 -0.07279388
v 0.28247345 0.13453918 -0.20987725
v 0.27919850 0.27011187 -0.10979361
v 0.29939656 -0.99876781 -0.13420112
v 0.27012701 -0.99880413 0.21006771
v 0.28510273 -0.99672653 -0.20989449
v 0.29891503 -0.94709462 0.24242575
v 0.26601990 -0.89774607 0.24441669
v 0.27523541 -0.23639520 -0.08267672
v 0.28014064 -0.18168791 -0.03506113
v 0.28410517 -0.12336710 -0.21280030
v 0.29070606 -0.09254220 -0.03856253
v 0.27857154 -0.08617612 -0.23771633
v 0.27848174 0.01560787 -0.06857016
v 0.29181194 0.05233412 -0.24072291
v 0.28844229 0.04829844 -0.07911638
v 0.28758877 0.09391952 -0.22365567
v 0.28699428 0.08704009 -0.07257893
v 0.29854905 0.22489102 -0.11086039
v 0.25507030 -0.99818901 -0.16881404
v 0.28854417 -0.99550332 -0.11508769
v 0.29357112 -0.99746702 0.04425229
v 0.29300904 -0.99797266 0.12156403
v 0.31748441 -0.89664069 -0.21739925
v 0.28635243 -0.89739071 0.23503413
v 0.30285278 -0.89430694 -0.22428793
v 0.26481011 -0.88697873 0.04333360
v 0.26810766 -0.23435278 -0.09707077
v 0.28369084 -0.20894076 -0.04584174
v 0.29132062 -0.04351096 -0.25016790
v 0.28496245 0.20792471 -0.17247389
v 0.29723144 0.22261830 -0.13477168
v 0.31839086 -0.99918929 -0.26874816
v 0.32677350 -0.99916702 0.19179134
v 0.30156977 -0.99786643 0.06996171
v 0.28394111 -0.99756005 0.13925715
v 0.29680689 -0.99342921 -0.28557233
v 0.28986002 -0.90212780 -0.26440709
v 0.28635975 -0.89606769 0.21838556
v 0.29550840 -0.88646540 0.12792736
v 0.29453912 -0.20855406 -0.08971480
v 0.29823706 -0.12081479 -0.05338402
v 0.30247665 -0.10779310 -0.04453810
v 0.29406706 -0.10170685 -0.23596245
v 0.29660305 -0.00342125 -0.09471675
v 0.29010831 0.15036217 -0.06075358
v 0.28507415 0.20912885 -0.05665809
v 0.28888842 0.22955633 -0.14898400
v 0.29432535 -0.99907787 -0.18724275
v 0.28179817 -0.99835123 -0.07678806
v 0.29401844 -0.99888148 -0.03427666
v 0.29421159 -0.16516140 -0.15439098
v 0.31641955 -0.10256256 -0.22884696
v 0.29829910 -0.89630870 -0.25320017
v 0.30228151 -0.09498384 -0.04241753
v 0.28940442 -0.06805938 -0.05246090
v 0.29824429 -0.03699781 -0.06267450
v 0.28283299 0.25585180 -0.07547827
v 0.30646100 -0.99767732 0.13754501
v 0.30499571 -0.99748057 -0.12046272
v 0.29078082 -0.99856727 0.00940124
v 0.29751091 -0.88653742 -0.18355698
v 0.30415477 -0.18538238 -0.07668223
v 0.31258422 -0.16026988 -0.14259201
v 0.31205823 -0.12415127 -0.20498125
v 0.30952448 -0.06833217 -0.05999500
v 0.30839078 0.01540278 -0.07961833
v 0.29873157 0.14355082 -0.19595881
v 0.34065562 -0.99889620 -0.18367137
v 0.30861764 -0.99848352 -0.15886016
v 0.30257280 -0.99813840 0.18501206
v 0.29783032 -0.99830696 0.25087055
v 0.30435029 -0.90106704 0.22727657
v 0.30497523 -0.89638238 0.22037702
v 0.29900540 -0.15829739 -0.18386233
v 0.30774576 0.16473554 -0.08418067
v 0.30360974 -0.99967802 -0.23068104
v 0.31807810 -0.99478295 -0.14416178
v 0.31444347 -0.99414564 -0.03669803
v 0.31002051 -0.89576528 0.19915967
v 0.30162208 -0.88680793 -0.00857290
v 0.30395096 -0.01550410 -0.09181455
v 0.30359517 -0.00057391 -0.24608310
v 0.31934827 0.04726526 -0.23677763
v 0.31281037 0.10122395 -0.09254678
v 0.30829940 0.11315451 -0.20775075
v 0.30404835 0.17262228 -0.17082797
v 0.31724202 -0.88653047 0.17925612
v 0.31401847 -0.17347921 -0.09890084
v 0.31079721 -0.16123797 -0.15519687
v 0.31548698 -0.15851600 -0.17203452
v 0.32389937 -0.09537229 -0.05697550
v 0.30860959 -0.08173945 -0.23471051
v 0.32560430 -0.03305957 -0.24478783
v 0.32377261 0.00785883 -0.23803950
v 0.31692277 0.06304320 -0.09682900
v 0.31847139 0.07581716 -0.22560076
v 0.31688021 0.14782727 -0.16457911
v 0.33936257 -0.99863507 -0.06287995
v 0.30610932 -0.99812990 -0.02044287
v 0.31925066 -0.96359602 -0.26394203
v 0.31877506 -0.15986007 -0.12803588
v 0.32450235 -0.14169055 -0.09081366
v 0.31739380 -0.13216272 -0.07257637
v 0.31151648 -0.02820811 -0.07438942
v 0.31187585 0.17050464 -0.09609551
v 0.33112001 -0.99779313 -0.04259460
v 0.31960827 -0.99900980 -0.00943478
v 0.32838795 -0.99482451 0.07405367
v 0.32850565 -0.99781713 0.11642906
v 0.31661998 -0.90203982 -0.24417158
v 0.32391716 -0.89546135 -0.19672606
v 0.32485648 -0.15133676 -0.10649944
v 0.33347322 -0.12160582 -0.06941702
v 0.32033129 -0.10756969 -0.05299602
v 0.33900048 -0.03066326 -0.23900808
v 0.33013396 -0.02020852 -0.10544981
v 0.32408099 -0.00189074 -0.10716508
v 0.30966732 0.02817149 -0.07793886
v 0.32678513 0.03273942 -0.08998191
v 0.32667298 0.08756013 -0.10962201
v 0.32149194 0.15129209 -0.13291154
v 0.32592263 0.13222769 -0.12236832
v 0.33976612 -0.99885256 0.12478374
v 0.32338963 -0.89624480 0.20574440
v 0.32899632 -0.89624329 0.17883153
v 0.32561407 -0.12815461 -0.19118851
v 0.32917406 -0.15121964 -0.11899542
v 0.33776596 -0.10719397 -0.20803604
v 0.32642034 -0.04548271 -0.24419175
v 0.33368174 -0.02901506 -0.09548365
v 0.34034192 0.08920733 -0.19475623
v 0.35159699 -0.99909536 -0.23608659
v 0.32204413 -0.99855052 0.23688833
v 0.31528605 -0.98903657 0.24510577
v 0.32791311 -0.90055538 0.20958556
v 0.33020053 -0.88642199 0.15810458
v 0.33649593 -0.12665808 -0.17941016
v 0.34477441 -0.13568483 -0.09679651
v 0.32875789 -0.07303532 -0.07298680
v 0.33876916 0.01139780 -0.10936772
v 0.32258807 0.12327189 -0.18231269
v 0.32646539 -0.99833046 0.01322797
v 0.32077160 -0.99388912 -0.27262240
v 0.34649227 -0.99819244 0.06194608
v 0.33105524 -0.99506613 0.23590075
v 0.32390510 -0.88645512 -0.17902917
v 0.34139770 -0.88677408 -0.11262372
v 0.33421540 -0.15514778 -0.15062795
v 0.33311050 0.02065210 -0.22770595
v 0.33517282 0.04829120 -0.10740938
v 0.33857728 -0.98967253 0.23050039
v 0.33449035 -0.89914943 -0.22217401
v 0.34104838 -0.89609003 -0.15862934
v 0.33933030 -0.89634546 0.18949070
v 0.34876802 -0.09221707 -0.21237062
v 0.34550437 -0.02900266 -0.12337731
v 0.34479667 -0.00719252 -0.12561219
v 0.33208508 0.05976422 -0.22206234
v 0.33161996 0.12228366 -0.15003255
v 0.35025732 -0.99853461 0.21460553
v 0.34877713 -0.88736253 0.01214633
v 0.34524290 -0.88631873 0.10932338
v 0.33952747 -0.15145154 -0.13044249
v 0.33030111 -0.04157080 -0.07636152
v 0.34182707 0.02377200 -0.10653801
v 0.34196262 0.03023191 -0.20847615
v 0.33749347 0.10049714 -0.13121481
v 0.34481598 0.06905922 -0.12602711
v 0.35401990 -0.98976931 0.21673333
v 0.34472763 -0.90022890 -0.20799551
v 0.35243031 -0.89587384 -0.09192601
v 0.34643947 -0.89687082 0.14477991
v 0.35023343 -0.12031505 -0.09997631
v 0.34151822 -0.10673585 -0.07748251
v 0.34916350 -0.07473612 -0.21115238
v 0.35171002 -0.05150732 -0.09749208
v 0.34174192 0.04197053 -0.12235552
v 0.34769203 0.04592841 -0.15620170
v 0.34905052 0.07467216 -0.18648688
v 0.34899013 0.08576814 -0.14996851
v 0.34241458 -0.99806994 -0.14920016
v 0.35186169 -0.98717612 -0.24198472
v 0.36698825 -0.98807978 -0.22014834
v 0.34660389 -0.90141058 0.18996639
v 0.35732430 -0.89950887 -0.17673365
v 0.34667912 -0.89626529 -0.19074661
v 0.34950801 -0.13787701 -0.12655226
v 0.35350363 -0.10218150 -0.19359126
v 0.34543870 -0.08009090 -0.09353223
v 0.35653644 -0.04660239 -0.11047736
v 0.34872587 -0.03762719 -0.23161664
v 0.34904483 -0.00803609 -0.22619542
v 0.34989172 0.03280626 -0.17634806
v 0.35277982 0.08012323 -0.16301415
v 0.36485096 -0.99372825 0.20600401
v 0.36296775 -0.91877682 -0.18125562
v 0.35448146 -0.89686958 -0.16305631
v 0.35338190 -0.89739082 -0.12740953
v 0.35748194 -0.89604949 0.08784558
v 0.35648596 -0.89730328 0.16991050
v 0.35729146 -0.89623339 -0.01518170
v 0.35214119 -0.11451285 -0.15893961
v 0.35581225 -0.09562792 -0.11963686
v 0.35678012 -0.03970663 -0.14379516
v 0.35709648 0.01485170 -0.13270384
v 0.35171738 0.02718446 -0.13122798
v 0.36578311 -0.99930791 -0.15249583
v 0.34319125 -0.99282436 -0.25400906
v 0.37160101 -0.96953187 -0.19968217
v 0.36241233 -0.89734506 -0.14837072
v 0.36029861 -0.89690693 -0.05577345
v 0.36667171 -0.08617802 -0.18509942
v 0.35859652 -0.06371815 -0.10860697
v 0.36126958 -0.06315709 -0.18800843
v 0.36529502 -0.00461494 -0.20044857
v 0.36134251 0.01253668 -0.18202740
v 0.36241053 0.01530488 -0.15529317
v 0.36681645 -0.96484188 0.19017264
v 0.36578424 -0.89594651 0.13089713
v 0.36264227 -0.06062100 -0.11598284
v 0.36034481 -0.02627827 -0.21883871
v 0.36265625 -0.03804189 -0.18562481
v 0.36110812 -0.02206309 -0.16208874
v 0.36424182 -0.99910513 0.05004706
v 0.36756334 -0.90048093 0.14950707
v 0.36671332 -0.89669490 -0.09917929
v 0.36829918 -0.89644869 0.01880641
v 0.36891954 -0.08150842 -0.14965035
v 0.36342720 -0.05503059 -0.17031217
v 0.36732717 -0.02290482 -0.19566858
v 0.36688826 -0.00096892 -0.16583360
v 0.36697340 -0.99623533 -0.21901698
v 0.37713348 -0.99319613 0.18913302
v 0.36568241 -0.89968738 -0.14902714
v 0.37213237 -0.89644780 0.08764026
v 0.37138973 -0.07436245 -0.16827993
v 0.36773261 -0.06995908 -0.13000553
v 0.37034476 -0.06318887 -0.14318305
v 0.37717974 -0.95878438 0.16798499
v 0.37891160 -0.95873777 -0.16568325
v 0.37374191 -0.90139945 -0.08921394
v 0.37327396 -0.89933955 -0.07165473
v 0.37380131 -0.89801661 -0.00607788
v 0.36139881 -0.99917631 -0.03288183
v 0.37340881 -0.99873852 0.18480925
v 0.37921053 -0.99303601 -0.19907252
v 0.39047302 -0.95064360 0.00333820
v 0.37467673 -0.90005718 0.11861772
v 0.37855207 -0.90313795 0.03712281
v 0.37686239 -0.89941734 0.09180977
v 0.38029285 -0.99835229 -0.17768098
v 0.39574271 -0.99881041 0.04520963
v 0.39079710 -0.96800730 0.13083883
v 0.38133311 -0.92317979 -0.04946880
v 0.38971327 -0.99875015 -0.12863618
v 0.39188350 -0.99886290 -0.06144759
v 0.37123680 -0.99903066 0.14796728
v 0.38956797 -0.99681479 0.15378828
v 0.38399040 -0.95320615 -0.12990502
v 0.39179337 -0.99889731 0.00144585
v 0.38598213 -0.99276942 -0.17541092
v 0.38441557 -0.99250474 0.17413346
v 0.39546099 -0.99793254 -0.03262957
v 0.39283496 -0.99232695 -0.14231146
v 0.39649635 -0.99619731 0.12530629
v 0.39475802 -0.99195008 0.14465743
v 0.39272926 -0.95718838 0.07940705
v 0.39536719 -0.99843427 0.09447895
v 0.39629693 -0.99473618 -0.09457749
v 0.39965161 -0.99450639 -0.00760950
v 0.40094207 -0.99538568 0.07150996
v 0.39654900 -0.99008939 -0.09678742
v 0.40029727 -0.99005557 0.10713188
v 0.40139486 -0.98963266 0.03535864
f 11 1 5
f 1 9 2
f 1 3 5
f 2 3 1
f 4 3 2
f 8 4 2
f 8 15 4
f 18 7 3
f 16 18 3
f 16 3 4
f 15 16 4
f 1 11 9
f 14 11 5
f 12 6 2
f 5 7 14
f 3 7 5
f 6 8 2
f 18 21 7
f 11 14 30
f 9 12 2
f 7 10 14
f 17 8 6
f 7 21 10
f 17 20 8
f 8 20 15
f 9 11 71
f 9 71 12
f 19 30 14
f 6 13 17
f 14 10 19
f 10 21 35
f 11 30 39
f 11 99 71
f 30 19 29
f 10 35 19
f 20 17 34
f 36 35 21
f 11 39 99
f 6 12 13
f 19 24 29
f 19 35 33
f 34 17 40
f 18 22 21
f 26 16 15
f 25 26 15
f 25 15 20
f 16 26 23
f 38 29 24
f 13 130 17
f 17 130 40
f 24 19 33
f 22 31 21
f 23 22 18
f 16 23 18
f 23 27 22
f 28 27 23
f 26 28 23
f 25 28 26
f 25 37 28
f 12 71 100
f 31 36 21
f 22 27 31
f 27 42 31
f 28 32 27
f 28 37 32
f 29 113 30
f 34 40 60
f 33 35 53
f 48 20 34
f 25 20 48
f 36 31 41
f 31 42 41
f 27 43 42
f 32 43 27
f 12 100 126
f 13 12 126
f 130 13 126
f 38 24 52
f 40 130 148
f 24 33 52
f 53 35 41
f 36 41 35
f 48 34 86
f 32 37 44
f 25 48 37
f 46 51 45
f 39 146 99
f 52 33 101
f 41 42 54
f 43 55 42
f 43 47 55
f 32 47 43
f 44 47 32
f 37 48 44
f 92 108 45
f 49 46 45
f 78 46 49
f 92 45 51
f 50 46 78
f 46 50 67
f 57 51 46
f 67 57 46
f 109 67 50
f 39 30 113
f 60 40 115
f 101 84 52
f 33 53 101
f 41 54 53
f 42 61 54
f 55 61 42
f 47 63 55
f 56 63 47
f 44 56 47
f 65 56 44
f 45 108 49
f 117 50 78
f 92 51 93
f 119 109 50
f 57 58 51
f 58 69 80
f 68 69 58
f 68 59 69
f 80 69 154
f 29 38 145
f 113 29 145
f 39 113 73
f 73 98 39
f 71 99 114
f 38 52 72
f 52 84 72
f 115 40 148
f 101 178 84
f 86 34 60
f 54 87 135
f 61 87 54
f 55 62 61
f 62 55 63
f 44 75 65
f 48 75 44
f 86 136 48
f 56 65 64
f 64 76 63
f 56 64 63
f 108 138 49
f 107 49 138
f 117 78 66
f 117 119 50
f 93 51 58
f 67 110 57
f 109 110 67
f 58 80 93
f 110 58 57
f 81 93 80
f 68 58 110
f 81 80 154
f 59 68 70
f 120 70 68
f 82 69 59
f 59 70 95
f 39 98 146
f 100 71 133
f 157 72 84
f 53 54 74
f 61 62 87
f 65 75 89
f 136 75 48
f 62 63 76
f 64 65 89
f 77 78 107
f 77 66 78
f 79 66 77
f 78 49 107
f 82 154 69
f 95 82 59
f 94 95 70
f 72 83 38
f 148 177 115
f 53 74 101
f 89 75 103
f 75 104 103
f 88 102 87
f 62 88 87
f 76 88 62
f 64 90 76
f 89 90 64
f 91 77 106
f 79 77 91
f 117 66 79
f 119 117 153
f 93 81 152
f 112 82 95
f 95 97 112
f 96 97 95
f 95 94 96
f 38 83 201
f 145 38 201
f 126 237 130
f 73 113 143
f 71 147 133
f 60 85 86
f 74 54 135
f 136 104 75
f 86 85 136
f 181 87 102
f 76 105 88
f 90 105 76
f 103 90 89
f 106 107 159
f 106 77 107
f 91 127 79
f 138 108 139
f 92 116 108
f 92 93 152
f 119 118 109
f 111 68 110
f 172 68 111
f 70 120 121
f 94 70 121
f 96 94 141
f 128 96 141
f 124 97 96
f 72 129 83
f 165 113 131
f 129 72 157
f 114 99 132
f 237 126 164
f 130 156 148
f 60 115 85
f 136 149 104
f 87 181 135
f 103 230 90
f 117 79 127
f 116 92 152
f 110 109 111
f 68 172 120
f 140 82 112
f 121 141 94
f 112 97 122
f 97 123 122
f 124 96 128
f 83 129 125
f 71 114 147
f 100 133 218
f 113 145 131
f 143 98 73
f 99 146 132
f 84 178 157
f 115 167 85
f 178 101 134
f 74 134 101
f 74 135 134
f 85 211 136
f 159 203 106
f 107 138 159
f 91 106 183
f 204 139 108
f 116 204 108
f 153 117 127
f 208 152 81
f 118 111 109
f 172 111 171
f 120 217 121
f 154 82 140
f 112 122 140
f 141 163 128
f 123 97 124
f 124 142 123
f 113 165 143
f 114 132 219
f 126 100 164
f 148 166 177
f 178 179 157
f 135 168 134
f 181 169 135
f 104 230 103
f 181 102 182
f 230 105 90
f 106 137 183
f 91 183 151
f 91 151 127
f 153 127 185
f 172 216 120
f 81 154 186
f 122 123 162
f 163 141 173
f 128 174 124
f 98 143 144
f 146 98 144
f 133 147 200
f 100 218 164
f 166 148 156
f 169 168 135
f 149 230 104
f 230 316 105
f 106 203 150
f 137 106 150
f 159 138 192
f 185 127 184
f 118 119 170
f 170 247 118
f 118 171 111
f 186 208 81
f 121 196 141
f 175 174 128
f 143 280 144
f 145 191 253
f 131 145 253
f 147 114 224
f 167 115 177
f 167 228 85
f 178 134 158
f 180 149 136
f 102 88 182
f 105 283 88
f 127 151 184
f 153 170 119
f 194 152 208
f 171 118 247
f 217 196 121
f 154 140 186
f 160 186 140
f 140 122 160
f 196 187 141
f 161 160 122
f 187 173 141
f 122 162 161
f 173 198 163
f 123 188 162
f 189 163 198
f 124 199 142
f 124 174 199
f 163 175 128
f 189 175 163
f 83 190 201
f 145 201 191
f 129 157 227
f 131 253 165
f 146 267 219
f 132 146 219
f 219 224 114
f 147 224 155
f 237 164 176
f 134 168 158
f 228 211 85
f 183 137 202
f 192 138 139
f 183 193 151
f 215 139 204
f 195 207 153
f 216 217 120
f 222 173 187
f 189 210 175
f 218 133 225
f 130 238 156
f 143 165 280
f 200 147 155
f 133 200 225
f 156 263 166
f 179 227 157
f 177 228 167
f 178 158 179
f 211 180 136
f 192 203 159
f 192 139 214
f 116 205 204
f 116 152 205
f 194 205 152
f 185 195 153
f 153 207 170
f 171 257 172
f 257 216 172
f 188 123 142
f 198 209 189
f 175 251 174
f 83 297 190
f 191 201 239
f 130 237 238
f 224 266 155
f 241 227 179
f 166 270 177
f 228 177 270
f 180 230 149
f 88 408 182
f 202 137 150
f 139 215 214
f 185 184 206
f 195 185 206
f 257 171 247
f 216 257 233
f 188 261 162
f 198 173 197
f 197 223 198
f 223 209 198
f 209 210 189
f 210 251 175
f 227 236 129
f 83 125 297
f 165 253 373
f 146 144 267
f 156 252 263
f 181 182 169
f 213 202 150
f 231 183 202
f 183 231 255
f 192 244 203
f 150 203 220
f 255 193 183
f 192 214 244
f 306 151 193
f 151 246 184
f 246 206 184
f 194 208 274
f 232 247 170
f 249 161 162
f 249 162 261
f 199 174 264
f 174 251 264
f 190 297 265
f 165 373 280
f 200 266 341
f 225 200 341
f 227 254 236
f 200 155 266
f 168 243 158
f 169 212 168
f 88 283 408
f 344 230 180
f 272 231 202
f 220 213 150
f 203 244 220
f 306 246 151
f 207 232 170
f 217 248 196
f 259 186 160
f 196 248 187
f 160 161 259
f 173 222 197
f 188 276 261
f 210 209 250
f 250 209 234
f 129 236 125
f 253 191 239
f 225 226 218
f 265 201 190
f 179 243 229
f 179 158 243
f 169 182 377
f 105 301 283
f 213 272 202
f 285 231 272
f 287 193 255
f 205 194 334
f 334 194 274
f 216 233 217
f 249 259 161
f 142 278 188
f 223 234 209
f 176 164 262
f 212 243 168
f 169 377 212
f 367 246 306
f 204 289 215
f 289 204 205
f 206 246 273
f 208 186 221
f 186 259 221
f 187 248 222
f 197 222 260
f 197 277 223
f 199 278 142
f 278 199 264
f 277 234 223
f 250 251 210
f 264 251 235
f 239 201 265
f 252 156 328
f 225 341 342
f 237 176 262
f 240 270 166
f 179 229 241
f 180 211 299
f 228 242 211
f 270 242 228
f 230 344 316
f 319 272 213
f 255 231 285
f 245 244 214
f 193 287 306
f 233 352 217
f 352 248 217
f 294 278 264
f 264 235 294
f 253 239 279
f 164 218 262
f 237 313 238
f 156 238 328
f 219 268 224
f 263 240 166
f 270 240 269
f 299 344 180
f 287 255 286
f 245 214 215
f 208 221 274
f 257 247 308
f 221 259 258
f 258 259 275
f 197 260 277
f 293 250 234
f 293 310 250
f 251 250 295
f 310 295 250
f 251 295 235
f 125 340 297
f 279 239 311
f 253 279 373
f 224 268 266
f 225 342 226
f 218 226 262
f 213 220 320
f 320 220 305
f 220 244 305
f 215 256 245
f 289 256 215
f 246 367 273
f 205 334 289
f 307 195 206
f 352 324 248
f 248 290 222
f 259 249 275
f 260 222 291
f 249 261 292
f 188 278 276
f 338 234 277
f 338 293 234
f 295 327 235
f 370 239 265
f 236 254 296
f 227 241 298
f 242 270 269
f 243 212 271
f 344 476 316
f 284 285 272
f 286 255 285
f 244 383 305
f 273 307 206
f 307 207 195
f 247 232 335
f 247 335 308
f 257 308 233
f 260 326 277
f 294 402 278
f 266 329 341
f 265 297 343
f 265 343 370
f 226 342 262
f 263 252 282
f 263 282 240
f 298 254 227
f 241 229 298
f 211 242 299
f 182 408 377
f 105 422 301
f 316 422 105
f 317 303 362
f 362 303 284
f 303 317 302
f 284 272 319
f 285 284 304
f 244 245 288
f 353 222 290
f 401 275 249
f 249 292 401
f 353 291 222
f 292 261 276
f 369 295 310
f 355 327 295
f 267 312 219
f 254 375 296
f 144 280 357
f 281 267 144
f 267 281 312
f 313 237 262
f 282 252 469
f 298 229 314
f 243 315 229
f 212 377 271
f 283 301 300
f 318 302 317
f 362 284 319
f 303 302 331
f 303 304 284
f 331 304 303
f 320 319 213
f 285 304 286
f 286 304 349
f 286 321 287
f 244 288 383
f 366 245 256
f 398 367 306
f 322 256 289
f 323 207 307
f 323 232 207
f 334 274 386
f 385 335 232
f 274 221 350
f 221 258 350
f 258 275 336
f 292 276 309
f 354 310 293
f 294 235 327
f 343 297 340
f 144 357 281
f 268 219 312
f 341 329 330
f 262 435 374
f 262 374 313
f 315 314 229
f 243 271 420
f 301 422 346
f 348 318 317
f 320 305 332
f 233 308 428
f 352 233 428
f 258 336 350
f 276 278 325
f 325 278 402
f 338 277 337
f 294 339 388
f 294 327 339
f 236 296 125
f 340 125 390
f 239 370 407
f 407 311 239
f 262 342 435
f 328 468 859
f 252 328 469
f 328 859 469
f 238 313 371
f 282 269 240
f 243 420 315
f 301 346 300
f 346 422 393
f 361 318 348
f 317 362 348
f 331 302 412
f 319 320 379
f 304 331 349
f 363 349 331
f 349 321 286
f 287 321 384
f 287 384 306
f 288 245 366
f 256 333 366
f 306 384 398
f 333 256 322
f 322 289 334
f 323 385 232
f 274 350 386
f 291 326 260
f 326 337 277
f 354 293 338
f 294 388 402
f 369 310 354
f 295 369 355
f 357 280 373
f 328 238 468
f 281 357 312
f 312 472 268
f 376 375 254
f 377 420 271
f 300 345 283
f 316 506 422
f 346 358 300
f 346 347 358
f 393 347 346
f 347 360 358
f 318 361 378
f 302 318 378
f 362 411 348
f 362 319 379
f 379 320 332
f 349 364 321
f 332 305 365
f 413 321 364
f 383 365 305
f 413 384 321
f 385 532 335
f 324 290 248
f 325 309 276
f 355 369 356
f 389 327 355
f 357 373 433
f 312 357 391
f 342 341 608
f 279 311 372
f 312 391 472
f 341 330 608
f 298 376 254
f 298 314 474
f 419 299 242
f 269 419 242
f 408 345 392
f 283 345 408
f 316 476 506
f 394 347 393
f 347 359 360
f 412 302 378
f 362 379 440
f 380 331 412
f 363 331 380
f 381 363 380
f 363 364 349
f 381 364 363
f 322 334 443
f 460 352 428
f 460 324 352
f 338 368 354
f 447 354 368
f 296 375 404
f 296 404 390
f 279 372 471
f 433 373 405
f 266 268 434
f 329 266 434
f 238 467 468
f 343 340 370
f 329 434 330
f 269 282 684
f 474 376 298
f 300 358 345
f 410 347 394
f 359 395 360
f 410 359 347
f 396 361 348
f 411 362 440
f 424 412 378
f 382 365 383
f 366 333 459
f 367 427 273
f 273 427 307
f 334 386 443
f 323 399 385
f 350 351 386
f 308 387 428
f 335 387 308
f 350 336 351
f 324 400 290
f 275 401 336
f 292 309 401
f 415 326 291
f 337 368 338
f 354 447 369
f 369 447 356
f 339 327 389
f 356 403 355
f 417 389 355
f 373 279 405
f 268 472 434
f 238 371 467
f 357 433 391
f 330 434 608
f 469 1329 282
f 344 299 476
f 476 299 419
f 409 393 422
f 476 804 506
f 345 358 507
f 394 393 409
f 358 360 507
f 361 396 397
f 396 348 411
f 441 379 332
f 412 457 380
f 332 365 425
f 364 482 413
f 384 442 398
f 367 426 427
f 307 399 323
f 335 532 387
f 400 353 290
f 353 446 291
f 401 309 515
f 415 291 446
f 337 326 415
f 402 430 325
f 339 389 431
f 417 355 403
f 296 390 125
f 405 279 471
f 375 406 404
f 311 407 501
f 311 501 372
f 435 342 418
f 406 375 473
f 315 643 314
f 392 421 408
f 360 395 508
f 395 359 478
f 359 410 478
f 361 397 439
f 439 378 361
f 424 378 439
f 424 457 412
f 413 484 384
f 288 531 383
f 288 366 459
f 333 556 459
f 398 426 367
f 333 322 556
f 336 514 351
f 336 401 414
f 309 325 490
f 388 430 402
f 356 447 562
f 431 389 416
f 389 417 416
f 356 448 403
f 407 370 501
f 282 527 684
f 314 643 474
f 345 507 392
f 436 409 422
f 360 423 507
f 394 437 410
f 478 410 572
f 397 396 454
f 440 456 411
f 424 439 511
f 332 425 441
f 481 381 380
f 482 364 381
f 384 484 442
f 398 442 426
f 557 307 427
f 322 443 486
f 514 336 414
f 400 444 445
f 353 400 445
f 401 515 429
f 430 490 325
f 447 535 562
f 431 388 339
f 356 562 448
f 374 609 313
f 371 313 609
f 282 1329 527
f 375 376 473
f 684 419 269
f 315 475 643
f 475 315 420
f 377 408 503
f 421 504 408
f 394 409 437
f 423 360 508
f 410 437 572
f 546 396 411
f 441 440 379
f 481 380 457
f 458 425 365
f 382 458 365
f 382 485 458
f 382 383 531
f 556 322 486
f 307 557 399
f 512 486 443
f 428 387 489
f 489 460 428
f 400 324 460
f 353 592 446
f 337 516 368
f 447 368 462
f 535 447 462
f 491 430 388
f 432 431 416
f 449 520 538
f 449 450 520
f 449 465 450
f 449 463 465
f 465 498 450
f 370 340 568
f 434 567 608
f 609 374 435
f 527 544 684
f 377 475 420
f 392 507 505
f 423 508 573
f 395 451 508
f 395 478 477
f 438 453 452
f 509 453 438
f 452 453 454
f 455 454 453
f 509 479 453
f 479 510 453
f 454 396 546
f 455 397 454
f 510 455 453
f 397 455 439
f 480 439 455
f 480 511 439
f 482 381 481
f 484 413 482
f 459 531 288
f 426 554 427
f 443 487 512
f 513 487 443
f 443 386 513
f 400 460 444
f 592 353 445
f 414 401 429
f 415 461 337
f 515 309 490
f 516 462 368
f 491 388 431
f 492 491 431
f 492 431 432
f 449 538 563
f 538 520 598
f 493 496 463
f 523 464 494
f 496 465 463
f 494 464 522
f 450 498 524
f 522 464 500
f 465 499 498
f 523 500 464
f 370 568 501
f 471 372 501
f 466 405 471
f 1329 569 527
f 408 504 503
f 392 505 421
f 422 506 436
f 395 477 451
f 576 509 438
f 545 479 509
f 546 411 547
f 411 456 547
f 510 480 455
f 482 481 552
f 425 483 622
f 425 458 483
f 484 530 442
f 385 399 587
f 532 385 587
f 488 387 532
f 489 387 488
f 386 351 513
f 513 351 588
f 460 489 589
f 414 429 716
f 490 430 533
f 462 516 632
f 534 430 491
f 417 720 416
f 403 536 417
f 537 449 563
f 463 449 537
f 517 463 537
f 463 517 493
f 520 450 524
f 523 494 495
f 496 499 465
f 522 500 540
f 499 565 498
f 500 523 497
f 500 566 540
f 905 405 525
f 342 608 502
f 435 799 609
f 340 904 568
f 470 471 501
f 471 470 466
f 433 405 640
f 434 472 567
f 799 435 418
f 611 376 474
f 419 684 906
f 614 421 505
f 436 437 409
f 573 508 748
f 452 575 438
f 452 454 546
f 479 620 510
f 620 549 510
f 549 480 510
f 511 529 424
f 457 424 529
f 457 529 481
f 485 382 531
f 554 426 442
f 427 554 555
f 351 514 588
f 460 589 444
f 444 590 445
f 559 514 414
f 337 461 516
f 492 561 491
f 492 432 593
f 720 417 536
f 493 517 518
f 598 520 602
f 494 519 521
f 520 637 602
f 521 495 494
f 740 495 521
f 524 637 520
f 519 494 522
f 604 605 496
f 519 522 601
f 603 495 791
f 523 495 603
f 496 605 499
f 523 603 497
f 498 639 524
f 639 498 565
f 565 499 795
f 566 500 497
f 466 525 405
f 609 800 371
f 640 405 905
f 391 433 640
f 799 418 502
f 502 418 342
f 684 612 906
f 419 906 476
f 421 614 504
f 423 646 507
f 423 573 615
f 748 686 573
f 576 438 575
f 545 509 576
f 528 452 617
f 452 546 617
f 480 529 511
f 440 441 548
f 425 622 441
f 458 657 483
f 580 482 552
f 580 553 482
f 482 553 484
f 484 553 530
f 442 530 554
f 558 399 557
f 558 587 399
f 489 488 713
f 666 444 589
f 590 591 445
f 445 591 592
f 592 560 446
f 415 446 560
f 515 490 533
f 492 593 561
f 955 448 562
f 416 720 432
f 448 841 403
f 598 602 636
f 496 493 539
f 740 791 495
f 522 540 539
f 606 540 566
f 406 541 404
f 859 468 1520
f 568 682 501
f 466 470 525
f 1329 469 859
f 569 526 527
f 542 526 569
f 542 802 526
f 526 543 527
f 802 543 526
f 527 543 544
f 943 376 611
f 544 612 684
f 476 906 613
f 506 685 436
f 476 805 804
f 614 505 806
f 646 806 505
f 507 646 505
f 748 508 451
f 572 747 478
f 653 575 528
f 575 452 528
f 618 547 456
f 620 756 549
f 440 548 456
f 549 550 480
f 480 550 529
f 441 622 703
f 552 481 655
f 458 485 657
f 583 530 553
f 584 657 485
f 554 626 585
f 530 626 554
f 586 427 555
f 427 586 557
f 628 488 532
f 489 713 589
f 560 461 415
f 718 516 461
f 516 718 632
f 781 535 462
f 534 533 430
f 671 534 491
f 561 671 491
f 955 841 448
f 634 537 563
f 564 537 634
f 517 537 564
f 538 598 635
f 493 518 599
f 602 637 792
f 601 522 539
f 496 539 604
f 540 606 638
f 606 566 607
f 404 541 903
f 404 903 390
f 567 472 641
f 608 567 642
f 1329 977 569
f 802 570 543
f 570 571 543
f 543 571 544
f 377 503 746
f 504 644 503
f 504 614 644
f 437 436 645
f 646 423 615
f 645 808 437
f 572 437 808
f 747 477 478
f 653 574 575
f 576 575 616
f 545 986 479
f 546 547 617
f 617 547 618
f 456 548 619
f 481 529 655
f 577 625 578
f 579 552 655
f 551 579 578
f 625 551 578
f 579 580 552
f 581 580 579
f 551 581 579
f 580 582 553
f 581 582 580
f 530 583 659
f 584 658 657
f 584 485 531
f 660 531 459
f 554 585 555
f 459 556 660
f 556 662 660
f 663 556 486
f 557 837 558
f 586 837 557
f 587 628 532
f 665 488 628
f 665 713 488
f 778 588 514
f 444 666 590
f 632 719 462
f 892 562 535
f 561 593 671
f 432 995 593
f 724 594 722
f 724 595 594
f 928 723 594
f 928 594 596
f 594 595 596
f 633 596 595
f 672 596 633
f 729 564 634
f 597 563 538
f 518 517 564
f 493 599 600
f 736 519 680
f 521 519 736
f 601 600 519
f 680 519 600
f 600 601 493
f 539 493 601
f 539 540 604
f 604 540 605
f 639 637 524
f 793 497 603
f 605 638 499
f 540 638 605
f 638 795 499
f 638 681 795
f 855 607 566
f 497 855 566
f 390 942 340
f 568 904 858
f 472 391 641
f 502 608 642
f 406 473 801
f 376 943 1109
f 610 571 570
f 643 611 474
f 475 377 746
f 477 811 451
f 867 748 451
f 616 574 652
f 574 653 698
f 575 574 616
f 653 528 654
f 620 479 821
f 549 756 759
f 441 703 548
f 549 759 550
f 550 621 529
f 578 759 656
f 656 577 578
f 656 623 577
f 624 579 655
f 579 624 578
f 625 577 623
f 581 551 704
f 582 581 830
f 583 553 582
f 830 705 582
f 705 583 582
f 530 659 709
f 530 709 626
f 626 707 585
f 555 585 766
f 556 663 662
f 663 486 512
f 711 587 558
f 587 773 628
f 778 714 588
f 778 514 559
f 629 592 591
f 592 629 560
f 630 560 629
f 429 515 668
f 461 631 718
f 718 631 891
f 719 954 462
f 533 534 670
f 534 671 1195
f 432 720 995
f 722 721 724
f 723 722 594
f 596 673 928
f 596 672 673
f 788 634 563
f 563 597 788
f 564 789 518
f 597 538 635
f 635 598 636
f 736 737 521
f 599 680 600
f 742 792 637
f 743 497 793
f 743 745 497
f 406 801 541
f 682 568 858
f 525 470 501
f 683 567 641
f 642 567 683
f 1010 1329 859
f 544 571 612
f 612 863 906
f 644 803 503
f 613 805 476
f 644 614 806
f 747 572 808
f 811 867 451
f 648 647 615
f 573 648 615
f 686 687 573
f 648 649 647
f 813 650 648
f 650 749 648
f 689 651 688
f 689 690 651
f 652 574 698
f 697 616 652
f 545 576 819
f 545 874 986
f 699 654 528
f 528 617 699
f 550 702 621
f 702 550 759
f 824 656 759
f 656 824 623
f 624 826 578
f 622 483 828
f 483 657 878
f 551 625 704
f 658 760 657
f 581 704 830
f 705 659 583
f 709 708 626
f 708 707 626
f 584 661 658
f 531 710 584
f 707 658 661
f 710 661 584
f 627 707 661
f 707 627 585
f 664 663 512
f 664 512 487
f 711 773 587
f 664 487 712
f 665 664 712
f 714 513 588
f 589 776 666
f 590 666 715
f 591 590 715
f 591 715 667
f 591 667 629
f 414 716 559
f 631 560 630
f 631 461 560
f 668 515 669
f 515 533 669
f 670 534 840
f 840 534 1195
f 671 593 1054
f 403 841 536
f 724 721 782
f 724 843 595
f 633 844 672
f 899 789 729
f 727 677 675
f 564 729 789
f 676 678 674
f 727 679 677
f 734 635 678
f 597 635 734
f 735 635 679
f 678 635 735
f 635 636 679
f 736 680 599
f 740 521 739
f 636 602 851
f 791 852 603
f 603 852 793
f 637 639 742
f 565 1032 639
f 606 607 796
f 609 799 800
f 371 800 975
f 371 975 467
f 501 682 1074
f 1074 525 501
f 475 980 643
f 615 809 646
f 648 573 813
f 813 573 687
f 647 649 812
f 648 749 649
f 650 813 1039
f 689 688 649
f 749 689 649
f 812 688 868
f 691 690 689
f 688 908 868
f 651 908 688
f 692 690 691
f 693 690 692
f 690 694 651
f 693 694 690
f 696 695 750
f 818 697 696
f 696 652 695
f 697 652 696
f 695 698 817
f 652 698 695
f 755 616 697
f 616 755 819
f 754 698 653
f 653 654 754
f 576 616 819
f 874 545 819
f 986 821 479
f 617 618 699
f 456 619 618
f 821 700 620
f 620 700 756
f 757 703 758
f 529 621 655
f 578 826 759
f 703 622 758
f 622 828 758
f 878 828 483
f 623 704 625
f 760 878 657
f 706 659 705
f 708 658 707
f 709 659 706
f 710 531 660
f 661 710 627
f 662 833 660
f 585 627 766
f 766 586 555
f 663 768 662
f 558 769 711
f 665 838 664
f 773 665 628
f 487 513 712
f 665 712 774
f 712 513 714
f 665 774 713
f 589 713 776
f 629 667 780
f 629 780 630
f 717 631 630
f 462 954 781
f 841 1255 536
f 721 925 842
f 721 722 925
f 675 937 848
f 674 784 725
f 849 674 725
f 785 787 726
f 675 728 937
f 674 727 784
f 675 677 728
f 787 729 634
f 732 786 731
f 787 634 788
f 786 732 730
f 730 734 676
f 732 734 730
f 732 788 597
f 677 733 728
f 597 734 732
f 674 735 727
f 734 678 676
f 674 678 735
f 727 735 679
f 518 789 736
f 736 789 737
f 518 736 599
f 790 738 850
f 733 677 679
f 851 679 636
f 739 791 740
f 851 602 741
f 741 602 792
f 744 743 793
f 744 793 940
f 744 797 743
f 681 638 796
f 638 606 796
f 497 745 855
f 525 1074 905
f 391 640 798
f 391 798 641
f 683 641 1105
f 1149 502 642
f 977 860 569
f 569 860 542
f 542 860 802
f 475 746 980
f 803 944 503
f 436 685 807
f 644 806 803
f 436 807 645
f 615 647 809
f 477 747 811
f 647 812 810
f 649 688 812
f 749 650 691
f 749 691 689
f 691 814 692
f 651 815 908
f 750 695 751
f 751 753 752
f 751 695 753
f 816 750 910
f 816 696 750
f 818 696 816
f 695 817 753
f 754 817 698
f 654 913 754
f 618 619 699
f 548 875 619
f 875 548 701
f 703 701 548
f 756 824 759
f 703 757 701
f 757 876 701
f 825 914 758
f 621 826 655
f 759 826 702
f 824 827 623
f 826 624 655
f 760 658 761
f 708 761 658
f 762 761 708
f 708 709 762
f 762 709 706
f 830 916 705
f 660 833 710
f 706 764 762
f 705 832 706
f 706 765 764
f 627 710 834
f 627 834 763
f 762 764 835
f 763 766 627
f 832 765 706
f 836 765 832
f 768 833 662
f 835 764 766
f 765 771 764
f 586 766 767
f 764 767 766
f 586 767 837
f 769 558 837
f 767 764 884
f 836 772 765
f 764 771 884
f 772 771 765
f 768 663 838
f 769 770 711
f 711 770 773
f 838 663 664
f 773 838 665
f 712 714 775
f 774 712 775
f 713 774 775
f 713 775 776
f 775 714 777
f 777 714 778
f 779 666 776
f 666 779 715
f 779 886 715
f 715 886 667
f 887 717 780
f 780 717 630
f 429 668 716
f 924 668 669
f 719 718 891
f 632 718 719
f 669 533 670
f 562 892 955
f 720 1335 995
f 721 842 782
f 723 926 722
f 633 595 843
f 930 672 844
f 672 931 673
f 959 935 896
f 935 726 896
f 845 725 784
f 785 726 935
f 847 786 783
f 726 786 847
f 675 848 784
f 849 676 674
f 783 730 849
f 786 730 783
f 727 675 784
f 730 676 849
f 726 787 786
f 787 785 898
f 729 787 898
f 731 787 788
f 788 732 731
f 790 851 738
f 851 790 733
f 521 970 739
f 852 791 1029
f 852 940 793
f 742 639 973
f 797 744 794
f 743 857 745
f 797 857 743
f 607 854 853
f 607 855 854
f 800 1181 975
f 467 1147 468
f 905 1074 1009
f 1034 473 376
f 506 804 685
f 981 806 809
f 646 809 806
f 864 647 810
f 809 647 864
f 866 867 811
f 748 907 686
f 813 687 907
f 650 1039 814
f 691 650 814
f 651 694 815
f 694 752 815
f 751 752 694
f 909 751 694
f 909 750 751
f 752 870 815
f 869 870 752
f 752 753 869
f 871 869 817
f 869 753 817
f 912 697 818
f 817 754 871
f 912 755 697
f 654 699 820
f 820 699 822
f 875 701 876
f 824 756 700
f 757 758 914
f 825 823 914
f 702 826 621
f 758 877 825
f 704 623 829
f 878 760 831
f 830 704 947
f 760 761 831
f 916 830 947
f 762 879 761
f 832 705 916
f 762 835 879
f 766 763 835
f 836 832 881
f 837 883 769
f 884 917 767
f 770 768 838
f 773 770 838
f 772 839 771
f 839 885 771
f 920 780 885
f 779 776 889
f 780 886 885
f 886 780 667
f 559 952 778
f 559 716 952
f 891 631 717
f 535 781 1053
f 1195 671 1054
f 892 535 1053
f 593 995 1121
f 892 1092 955
f 722 926 925
f 724 782 927
f 926 723 958
f 928 958 723
f 673 929 928
f 673 931 929
f 672 930 895
f 845 848 846
f 897 725 845
f 932 847 933
f 726 847 896
f 896 847 932
f 849 725 934
f 933 849 934
f 847 849 933
f 845 784 848
f 847 783 849
f 936 898 785
f 898 966 729
f 729 966 899
f 786 787 731
f 790 850 939
f 733 790 728
f 521 737 970
f 733 679 851
f 738 851 741
f 850 738 900
f 791 739 1029
f 741 792 1003
f 742 1003 792
f 744 940 794
f 681 1005 795
f 796 607 853
f 856 855 745
f 745 857 856
f 856 854 855
f 797 974 857
f 340 942 1102
f 340 1102 904
f 1105 642 683
f 860 861 802
f 802 862 570
f 570 862 610
f 685 1036 807
f 803 806 1011
f 806 981 1011
f 981 809 864
f 747 865 811
f 945 810 812
f 748 867 907
f 687 686 907
f 907 1038 813
f 1039 813 1038
f 983 868 908
f 693 692 984
f 693 909 694
f 870 1040 815
f 818 816 911
f 913 873 754
f 872 819 755
f 699 619 822
f 700 946 824
f 914 915 757
f 757 915 876
f 988 877 878
f 828 878 877
f 831 988 878
f 831 761 879
f 835 763 880
f 882 710 833
f 834 710 882
f 882 833 768
f 882 768 770
f 769 882 770
f 883 882 769
f 917 883 837
f 917 837 767
f 772 836 950
f 950 919 772
f 771 921 884
f 771 885 921
f 839 920 885
f 885 886 921
f 887 920 1052
f 887 780 920
f 775 889 776
f 779 889 888
f 886 779 888
f 889 775 777
f 952 716 890
f 716 953 890
f 716 668 953
f 924 953 668
f 924 669 994
f 994 669 670
f 954 1383 781
f 840 1195 1384
f 1054 593 1121
f 927 782 893
f 927 843 724
f 957 961 633
f 633 961 844
f 929 931 897
f 845 846 894
f 897 845 894
f 672 895 931
f 897 934 725
f 846 848 964
f 785 935 936
f 848 937 964
f 728 938 937
f 728 790 938
f 899 969 789
f 737 789 969
f 737 969 970
f 900 999 850
f 971 738 741
f 741 1002 971
f 972 940 852
f 1069 1003 742
f 742 973 1069
f 973 639 1032
f 794 1004 797
f 1070 1032 565
f 795 1070 565
f 797 1004 974
f 854 901 853
f 856 1071 854
f 1071 902 854
f 857 1071 856
f 854 902 901
f 1105 641 1301
f 502 1149 799
f 801 473 1034
f 571 1268 612
f 503 1078 746
f 645 1153 808
f 982 747 808
f 867 866 1112
f 868 1012 812
f 908 815 1040
f 1114 984 692
f 1013 909 693
f 1013 693 984
f 910 909 1013
f 909 910 750
f 871 1014 869
f 816 910 911
f 912 818 911
f 872 755 912
f 754 1046 871
f 873 1046 754
f 874 819 872
f 913 1085 873
f 913 654 1047
f 915 822 619
f 915 619 875
f 946 827 824
f 623 827 1017
f 758 828 877
f 623 1017 829
f 947 704 829
f 916 947 948
f 831 879 1193
f 880 1193 835
f 763 949 880
f 949 763 834
f 836 881 991
f 883 834 882
f 950 836 991
f 883 917 990
f 917 884 918
f 884 921 918
f 772 919 839
f 922 918 921
f 1019 920 839
f 921 886 922
f 1052 920 1019
f 886 888 922
f 951 922 888
f 888 889 951
f 777 923 889
f 887 1020 717
f 1020 891 717
f 670 840 994
f 842 925 1024
f 782 842 1025
f 1025 893 782
f 956 925 926
f 843 957 633
f 894 960 929
f 844 961 930
f 929 897 894
f 998 935 959
f 931 934 897
f 895 934 931
f 935 998 936
f 898 936 966
f 938 790 967
f 790 939 967
f 999 939 850
f 970 1232 739
f 738 971 900
f 853 1006 796
f 853 901 1006
f 901 902 1006
f 902 1007 1006
f 1071 941 902
f 974 1072 857
f 390 903 1741
f 798 976 641
f 642 1105 1267
f 642 1267 1149
f 1147 467 975
f 858 1106 682
f 861 862 802
f 643 978 611
f 906 863 979
f 906 979 613
f 685 804 1036
f 1078 944 1011
f 944 803 1011
f 864 810 945
f 865 747 982
f 1012 945 812
f 983 908 1040
f 870 1041 1040
f 870 869 1014
f 985 910 1013
f 1014 871 1046
f 911 910 985
f 1085 913 1047
f 874 1048 986
f 654 820 1047
f 946 700 1191
f 875 876 915
f 825 1116 823
f 825 877 1117
f 988 831 1193
f 879 835 1193
f 834 990 949
f 883 990 834
f 917 918 990
f 1019 839 919
f 1020 887 1052
f 923 951 889
f 778 992 777
f 992 778 952
f 1023 992 952
f 890 1023 952
f 953 924 994
f 1024 1025 842
f 1026 959 1057
f 928 929 958
f 1057 959 896
f 958 929 960
f 998 959 1026
f 962 896 932
f 930 961 963
f 962 932 963
f 930 963 932
f 895 930 932
f 933 895 932
f 933 934 895
f 1059 846 964
f 938 1028 964
f 964 937 938
f 967 1063 965
f 938 967 965
f 1064 899 966
f 1063 967 939
f 939 968 1063
f 1232 1029 739
f 900 1000 999
f 1003 1002 741
f 1030 940 972
f 1030 1004 940
f 940 1004 794
f 1031 1069 973
f 973 1032 1031
f 681 796 1005
f 1004 1033 974
f 796 1006 1005
f 1007 1141 1006
f 857 1072 1071
f 902 941 1007
f 1010 859 1520
f 1103 905 1009
f 1181 800 799
f 975 1181 1008
f 610 1268 571
f 746 1035 980
f 503 944 1078
f 807 1153 645
f 982 808 1153
f 811 865 1111
f 811 1307 866
f 867 1112 907
f 1079 945 1012
f 983 1012 868
f 1080 1038 907
f 1039 1081 814
f 814 1081 692
f 1081 1114 692
f 1041 870 1014
f 912 911 1045
f 1083 1046 873
f 1274 986 1048
f 986 1274 821
f 820 822 1015
f 821 1249 700
f 1249 1191 700
f 915 1016 822
f 914 823 987
f 987 1016 914
f 915 914 1016
f 1018 1117 877
f 1017 1049 829
f 829 1050 947
f 947 1224 948
f 832 916 989
f 881 832 989
f 1088 919 950
f 1088 1019 919
f 951 923 1021
f 923 992 1021
f 777 992 923
f 1023 890 993
f 890 953 993
f 994 993 953
f 1091 840 1384
f 927 893 1170
f 926 958 1128
f 962 1057 896
f 996 960 894
f 996 958 960
f 963 961 1027
f 846 1059 894
f 1062 936 998
f 1063 1134 965
f 1062 966 936
f 938 965 1028
f 1065 969 1064
f 1064 969 899
f 1029 972 852
f 1139 900 971
f 1005 1070 795
f 1007 1073 1141
f 858 904 1144
f 858 1144 1106
f 905 1103 640
f 976 1104 641
f 641 1104 1301
f 468 1302 1520
f 798 1145 976
f 799 1149 1146
f 1146 1181 799
f 1034 376 1109
f 612 1268 1077
f 1269 613 979
f 746 1242 1035
f 1078 1213 746
f 864 945 1037
f 811 1111 1307
f 1112 1185 907
f 1038 1113 1039
f 984 1114 1082
f 1042 1013 984
f 1046 1044 1014
f 1045 985 1043
f 1045 911 985
f 912 1115 872
f 1085 1083 873
f 872 1084 874
f 822 1016 1015
f 987 823 1222
f 1116 1222 823
f 1117 1116 825
f 877 1086 1018
f 877 988 1086
f 1086 988 1161
f 829 1049 1050
f 1161 988 1193
f 1050 1224 947
f 989 916 948
f 1193 880 1223
f 1223 880 1118
f 880 949 1118
f 949 990 1118
f 990 918 1051
f 918 922 1051
f 1089 1019 1088
f 1052 1019 1089
f 1020 1052 1089
f 922 951 1051
f 992 1022 1021
f 992 1023 1022
f 891 1020 1120
f 994 840 1165
f 1053 1167 892
f 1056 1055 1024
f 925 956 1056
f 1056 1024 925
f 1024 1055 1025
f 956 926 1128
f 1057 962 1094
f 996 894 1132
f 962 963 1027
f 1027 961 957
f 894 1133 1132
f 1026 997 998
f 997 1060 998
f 1059 964 1095
f 1060 1062 998
f 1134 1096 965
f 1095 964 1028
f 1063 1061 1134
f 1137 968 939
f 999 1137 939
f 999 1000 1067
f 1000 1068 1067
f 900 1139 1000
f 1001 972 1029
f 1139 1068 1000
f 972 1001 1030
f 1006 1141 1005
f 640 1145 798
f 468 1147 1302
f 1145 640 1235
f 1181 1328 1008
f 860 977 1150
f 860 1150 861
f 1150 1076 861
f 861 1076 862
f 862 1405 610
f 610 1405 1268
f 1109 943 1241
f 611 1303 943
f 611 978 1303
f 612 1077 863
f 643 980 978
f 1152 807 1036
f 805 613 1269
f 807 1152 1153
f 1037 981 864
f 1079 1037 945
f 1245 866 1307
f 1185 1080 907
f 1038 1080 1216
f 1113 1038 1216
f 983 1040 1154
f 1042 984 1082
f 1042 1043 1013
f 1041 1014 1044
f 985 1013 1043
f 1015 1047 820
f 946 1358 827
f 1225 991 881
f 991 1087 950
f 1090 1051 951
f 951 1021 1090
f 1090 1021 1164
f 1021 1022 1164
f 1023 993 1022
f 1120 719 891
f 1165 1022 993
f 994 1165 993
f 892 1167 1092
f 893 1025 1093
f 956 1128 1125
f 1058 927 1170
f 1129 1057 1094
f 1026 1057 1130
f 927 1058 843
f 843 1058 957
f 1026 1130 997
f 958 996 1128
f 1131 962 1027
f 1094 962 1131
f 1027 957 1058
f 894 1059 1133
f 1095 1028 1096
f 1028 965 1096
f 1061 1063 1135
f 1062 1098 966
f 1064 966 1098
f 970 969 1258
f 999 1067 1137
f 1138 1066 1067
f 1067 1068 1138
f 1101 1003 1069
f 1071 1299 941
f 1072 1299 1071
f 941 1143 1007
f 904 1102 1148
f 1009 1074 1180
f 976 1145 1104
f 801 1034 1075
f 977 1107 1150
f 1351 1405 862
f 1078 1243 1213
f 1305 865 982
f 1111 865 1305
f 1081 1039 1113
f 1114 1081 1156
f 1040 1041 1154
f 1042 1187 1043
f 872 1115 1084
f 1048 874 1084
f 1015 1158 1047
f 821 1274 1249
f 946 1333 1358
f 946 1191 1333
f 1049 1160 1050
f 989 948 1224
f 1225 881 989
f 1087 1088 950
f 1051 1162 990
f 1194 1020 1089
f 1164 1022 1228
f 1165 1228 1022
f 955 1255 841
f 1055 1093 1025
f 893 1093 1169
f 1125 1124 956
f 1169 1170 893
f 1027 1058 1131
f 1133 1095 1172
f 1059 1095 1133
f 1199 1060 997
f 1199 1097 1060
f 1097 1199 1173
f 1060 1097 1062
f 1062 1097 1098
f 1135 1063 968
f 1065 1258 969
f 1067 1099 1137
f 1232 970 1258
f 1232 1001 1029
f 1002 1003 1101
f 1030 1100 1004
f 1140 1004 1100
f 1069 1031 1345
f 1033 1004 1140
f 1005 1207 1070
f 1032 1262 1031
f 1300 1072 974
f 1033 1300 974
f 1073 1007 1143
f 390 1741 942
f 904 1148 1144
f 682 1106 1178
f 682 1178 1074
f 640 1103 1235
f 1105 1301 1234
f 801 1211 541
f 1074 1403 1180
f 1009 1180 1103
f 975 1008 1147
f 977 1237 1107
f 1108 1075 1034
f 1109 1108 1034
f 1109 1151 1108
f 1076 1351 862
f 1109 1241 1151
f 1110 982 1153
f 1037 1079 1183
f 1012 983 1215
f 1114 1217 1082
f 1154 1041 1218
f 1187 1042 1082
f 1043 1187 1219
f 1045 1043 1219
f 1220 1045 1157
f 1045 1220 912
f 1046 1083 1044
f 912 1220 1115
f 1221 1085 1047
f 1158 1015 1016
f 1016 987 1158
f 1116 1159 1222
f 1117 1159 1116
f 1161 1193 1276
f 991 1360 1087
f 990 1162 1118
f 1163 1089 1088
f 1051 1090 1162
f 1020 1194 1119
f 1120 1020 1119
f 1120 1363 719
f 1053 781 1166
f 995 1254 1121
f 995 1335 1254
f 1055 1056 1122
f 1056 1123 1122
f 956 1124 1056
f 1126 1094 1169
f 1169 1131 1170
f 1094 1131 1169
f 1129 1094 1126
f 1126 1127 1129
f 1127 1130 1129
f 1057 1129 1130
f 1058 1170 1131
f 1127 997 1130
f 1286 1199 1127
f 1127 1199 997
f 1133 1172 1171
f 1097 1173 1174
f 1098 1097 1174
f 1136 1098 1174
f 1064 1098 1136
f 1099 968 1137
f 1099 1067 1066
f 1138 1260 1066
f 1030 1294 1100
f 1345 1101 1069
f 1100 1176 1140
f 1262 1373 1031
f 1032 1070 1262
f 1005 1141 1208
f 1141 1073 1208
f 1209 1072 1300
f 941 1142 1143
f 1008 1328 1147
f 1107 1076 1150
f 943 1303 1525
f 1242 746 1330
f 1036 1182 1152
f 1078 1011 1243
f 981 1243 1011
f 1214 981 1037
f 866 1354 1112
f 1215 1079 1012
f 1185 1186 1080
f 983 1154 1215
f 1113 1155 1081
f 1155 1156 1081
f 1082 1217 1187
f 1220 1189 1115
f 1190 1048 1084
f 1190 1274 1048
f 1221 1047 1158
f 1161 1192 1086
f 1160 1315 1050
f 1163 1088 1087
f 1163 1194 1089
f 1092 1279 955
f 536 1255 1196
f 1055 1122 1168
f 1123 1056 1124
f 1093 1055 1168
f 1126 1169 1093
f 1280 1126 1093
f 1286 1127 1282
f 1128 996 1284
f 1291 1096 1134
f 1134 1061 1291
f 1231 1135 968
f 1201 1065 1064
f 968 1099 1231
f 1099 1066 1231
f 1065 1292 1258
f 1202 1066 1260
f 1232 1342 1001
f 1001 1294 1030
f 1175 1139 971
f 1002 1175 971
f 1101 1175 1002
f 1100 1203 1176
f 1205 1176 1203
f 1205 1206 1176
f 1206 1177 1176
f 1176 1177 1140
f 1031 1373 1345
f 1206 1264 1177
f 1033 1140 1233
f 1207 1262 1070
f 1207 1005 1208
f 1208 1073 1210
f 941 1299 1142
f 1209 1299 1072
f 1104 1145 1327
f 1104 1327 1301
f 1181 1146 1236
f 1106 1144 1179
f 1145 1235 1327
f 1237 1239 1107
f 1107 1239 1076
f 1077 1867 863
f 746 1213 1330
f 1214 1243 981
f 1110 1305 982
f 1184 1079 1215
f 1354 866 1245
f 1218 1041 1044
f 1219 1188 1045
f 1188 1157 1045
f 1044 1083 1247
f 1247 1083 1248
f 1085 1248 1083
f 1085 1221 1379
f 1312 1158 987
f 1159 1473 1222
f 1159 1117 1018
f 1086 1192 1018
f 1276 1193 1223
f 1050 1315 1224
f 1224 1315 1251
f 1225 1360 991
f 1162 1226 1118
f 1162 1090 1227
f 1228 1227 1164
f 1227 1090 1164
f 1091 1165 840
f 954 1382 1383
f 1091 1384 1534
f 1053 1166 1167
f 720 536 1196
f 1280 1093 1168
f 1126 1280 1127
f 1282 1127 1280
f 1125 1128 1284
f 1284 996 1197
f 996 1132 1287
f 1288 1199 1286
f 1287 1132 1133
f 1171 1287 1133
f 1171 1172 1198
f 1289 1173 1199
f 1289 1229 1173
f 1095 1290 1172
f 1229 1200 1173
f 1200 1230 1173
f 1173 1230 1174
f 1230 1136 1174
f 1231 1066 1202
f 1292 1065 1201
f 1372 1138 1068
f 1296 1068 1139
f 1294 1203 1100
f 1203 1204 1205
f 1345 1175 1101
f 1263 1140 1177
f 1263 1233 1140
f 1177 1264 1263
f 1264 1206 1325
f 1374 1210 1073
f 1073 1143 1374
f 1102 942 1518
f 1328 1181 1236
f 541 1211 1212
f 1103 1180 1235
f 1149 1267 1146
f 1329 1237 977
f 1377 1108 1151
f 1352 1241 943
f 943 1525 1352
f 1526 979 863
f 1036 1692 1182
f 804 1692 1036
f 1244 1214 1037
f 1244 1037 1183
f 1354 1271 1112
f 1185 1271 1186
f 1080 1186 1216
f 1216 1355 1113
f 1154 1272 1215
f 1114 1156 1217
f 1218 1044 1308
f 1308 1044 1247
f 1189 1220 1157
f 1189 1311 1115
f 1084 1115 1311
f 1190 1084 1311
f 1274 1357 1249
f 1357 1333 1191
f 1250 987 1222
f 1312 987 1250
f 1049 1017 1417
f 1018 1192 1314
f 1049 1417 1160
f 1225 989 1251
f 1163 1361 1194
f 1162 1316 1226
f 1361 1278 1194
f 1316 1162 1227
f 1119 1194 1423
f 1119 1423 1120
f 1449 1363 1120
f 954 719 1363
f 1165 1091 1507
f 781 1383 1166
f 1196 1335 720
f 1122 1281 1168
f 1125 1283 1124
f 1197 996 1287
f 1199 1288 1289
f 1172 1290 1198
f 1290 1095 1096
f 1257 1230 1200
f 1136 1230 1201
f 1395 1135 1231
f 1064 1136 1201
f 1342 1293 1001
f 1001 1293 1294
f 1294 1204 1203
f 1175 1261 1139
f 1205 1204 1324
f 1206 1205 1343
f 1262 1207 1465
f 1207 1208 1265
f 1208 1210 1265
f 1102 1518 1347
f 1074 1178 1403
f 1301 1436 1234
f 1105 1266 1267
f 903 541 1212
f 1105 1234 1266
f 1237 1238 1239
f 1377 1075 1108
f 1239 1240 1076
f 1076 1240 1351
f 1377 1151 1350
f 980 1776 978
f 1243 1270 1213
f 1079 1184 1183
f 1112 1271 1185
f 1272 1154 1218
f 1187 1217 1273
f 1187 1246 1219
f 1219 1246 1188
f 1188 1411 1157
f 1248 1085 1379
f 1357 1191 1249
f 827 1358 1416
f 1160 1417 1532
f 1161 1276 1478
f 1160 1359 1315
f 1276 1223 1277
f 1223 1252 1277
f 1223 1118 1226
f 1278 1423 1194
f 1165 1253 1228
f 1166 1317 1167
f 1092 1167 1364
f 1279 1092 1364
f 1365 955 1279
f 1168 1281 1280
f 1281 1122 1319
f 1319 1122 1123
f 1280 1318 1282
f 1319 1123 1124
f 1284 1283 1125
f 1282 1337 1286
f 1171 1198 1338
f 1198 1290 1322
f 1229 1256 1200
f 1257 1200 1256
f 1135 1394 1061
f 1231 1202 1395
f 1202 1260 1259
f 1260 1138 1371
f 1138 1372 1371
f 1296 1372 1068
f 1204 1294 1295
f 1296 1139 1261
f 1324 1204 1295
f 1344 1175 1345
f 1325 1206 1343
f 1262 1297 1373
f 1325 1326 1264
f 1142 1374 1143
f 942 1741 1518
f 1148 1102 1347
f 1106 1179 1178
f 1327 1436 1301
f 1238 1240 1239
f 1151 1241 1350
f 1268 1405 1440
f 1243 1214 1270
f 1152 1110 1153
f 1214 1244 1353
f 1184 1442 1183
f 1272 1218 1308
f 1273 1246 1187
f 1356 1308 1247
f 1379 1221 1471
f 1158 1312 1221
f 1313 1275 1159
f 1416 1017 827
f 1416 1417 1017
f 1313 1159 1018
f 1314 1313 1018
f 1477 1314 1192
f 1532 1359 1160
f 1478 1192 1161
f 1315 1359 1418
f 1251 989 1224
f 1225 1251 1420
f 1252 1223 1226
f 1449 1120 1423
f 1507 1253 1165
f 1167 1385 1364
f 1121 1511 1054
f 1365 1255 955
f 1281 1319 1367
f 1283 1319 1124
f 1283 1284 1427
f 1285 1286 1337
f 1285 1288 1286
f 1288 1321 1289
f 1429 1339 1289
f 1289 1339 1229
f 1096 1291 1290
f 1340 1230 1257
f 1295 1294 1293
f 1324 1343 1205
f 1345 1373 1399
f 1298 1033 1233
f 1298 1233 1263
f 1300 1033 1298
f 1263 1346 1298
f 1346 1264 1326
f 1264 1346 1263
f 1210 1374 1400
f 1142 1401 1490
f 1300 1566 1209
f 1235 1348 1327
f 1234 1436 1266
f 1146 1267 1376
f 1148 1347 1144
f 1179 1144 1620
f 1211 801 1349
f 801 1075 1349
f 1268 1440 1077
f 1526 1269 979
f 1330 1213 1270
f 805 2365 804
f 805 1269 2365
f 1304 1110 1152
f 1270 1214 1353
f 1111 1305 1306
f 1378 1307 1111
f 1186 1331 1216
f 1216 1331 1355
f 1309 1188 1246
f 1188 1309 1411
f 1157 1411 1310
f 1310 1189 1157
f 1356 1247 1412
f 1247 1248 1412
f 1190 1332 1274
f 1332 1357 1274
f 1312 1414 1221
f 1159 1275 1473
f 1251 1315 1334
f 1420 1421 1225
f 1225 1421 1360
f 1163 1087 1360
f 1253 1227 1228
f 1382 1556 1383
f 1317 1385 1167
f 1195 1054 1637
f 1280 1336 1318
f 1336 1280 1281
f 1337 1282 1318
f 1427 1284 1197
f 1368 1283 1427
f 1197 1287 1320
f 1171 1338 1287
f 1285 1321 1288
f 1323 1291 1061
f 1061 1394 1323
f 1257 1256 1459
f 1340 1257 1459
f 1201 1341 1292
f 1431 1202 1259
f 1258 1292 1232
f 1292 1370 1232
f 1232 1370 1342
f 1261 1434 1296
f 1344 1261 1175
f 1207 1265 1465
f 1299 1401 1142
f 1489 1374 1142
f 1180 1491 1235
f 1266 1436 1437
f 1075 1377 1349
f 1240 1466 1351
f 1719 1269 1526
f 1304 1152 1182
f 1304 1182 1406
f 1111 1306 1378
f 1378 1245 1307
f 1113 1355 1155
f 1308 1356 1501
f 1189 1310 1311
f 1311 1470 1190
f 1414 1471 1221
f 1357 1446 1333
f 1333 1380 1358
f 1222 1415 1250
f 1478 1477 1192
f 1418 1334 1315
f 1253 1316 1227
f 1363 1382 954
f 1121 1454 1511
f 1121 1254 1454
f 1367 1319 1368
f 1512 1337 1318
f 1319 1283 1368
f 1285 1457 1321
f 1338 1320 1287
f 1291 1322 1290
f 1256 1229 1392
f 1394 1393 1323
f 1394 1135 1395
f 1201 1230 1369
f 1202 1431 1395
f 1341 1370 1292
f 1295 1293 1677
f 1462 1324 1295
f 1344 1434 1261
f 1210 1400 1265
f 1490 1489 1142
f 1564 1490 1401
f 1348 1235 1491
f 1179 1620 1178
f 1327 1348 1519
f 1146 1376 1236
f 1237 1522 1238
f 1377 1350 1467
f 1775 1077 1440
f 1867 1077 1775
f 1035 1776 980
f 1330 1624 1242
f 1528 1110 1304
f 1110 1407 1305
f 1354 1245 1378
f 1271 1443 1186
f 1156 1155 1444
f 1217 1409 1273
f 1413 1248 1379
f 1312 1250 1414
f 1473 1415 1222
f 1313 1314 1476
f 1477 1476 1314
f 1276 1533 1478
f 1359 1381 1418
f 1533 1276 1277
f 1334 1419 1251
f 1449 1600 1363
f 1195 1637 1384
f 1365 1279 1364
f 1255 1365 1366
f 1196 1577 1335
f 1196 1255 1366
f 1337 1457 1285
f 1429 1390 1339
f 1291 1323 1391
f 1392 1229 1339
f 1391 1323 1393
f 1369 1230 1340
f 1201 1369 1341
f 1396 1370 1341
f 1260 1371 1259
f 1259 1371 1433
f 1398 1371 1372
f 1262 1465 1297
f 1298 1563 1300
f 1299 1209 1401
f 1566 1300 1563
f 1209 1565 1401
f 1565 1209 1566
f 1326 1713 1346
f 1347 1518 1830
f 1375 1328 1236
f 1178 1620 1621
f 1327 1519 1436
f 1266 1437 1404
f 1241 1439 1350
f 1440 1405 1438
f 1866 1303 978
f 1270 1353 1441
f 1110 1528 1407
f 1271 1354 1443
f 1215 1272 1408
f 1355 1500 1155
f 1217 1156 1444
f 1409 1217 1444
f 1272 1308 1501
f 1246 1445 1309
f 1411 1309 1410
f 1502 1356 1412
f 1310 1470 1311
f 1332 1574 1357
f 1662 1414 1250
f 1252 1479 1277
f 1419 1420 1251
f 1425 1364 1385
f 1425 1386 1364
f 1365 1364 1386
f 1386 1387 1365
f 1366 1365 1387
f 1196 1366 1455
f 1336 1481 1318
f 1426 1512 1318
f 1336 1281 1604
f 1281 1367 1604
f 1427 1197 1388
f 1197 1320 1388
f 1389 1320 1338
f 1198 1322 1458
f 1321 1429 1289
f 1392 1339 1390
f 1391 1393 1485
f 1256 1486 1459
f 1394 1395 1460
f 1487 1341 1369
f 1431 1460 1395
f 1487 1396 1341
f 1397 1370 1396
f 1431 1259 1432
f 1433 1432 1259
f 1293 1342 1676
f 1677 1462 1295
f 1296 1434 1463
f 1324 1464 1343
f 1435 1325 1343
f 1297 1769 1373
f 1325 1583 1326
f 1583 1684 1326
f 1265 1737 1465
f 1400 1737 1265
f 1400 1374 1402
f 1402 1374 1489
f 1267 1586 1376
f 1328 1375 1492
f 1328 1492 1147
f 1144 1347 1620
f 1178 1621 1403
f 1375 1236 1376
f 1010 2093 1329
f 1329 2093 1237
f 1523 1349 1377
f 1238 1522 1524
f 1524 1240 1238
f 1405 1351 1466
f 1439 1241 1591
f 1241 1352 1591
f 1303 1837 1525
f 1837 1303 1866
f 1406 1182 1692
f 804 2365 1692
f 1441 1330 1270
f 1353 1468 1441
f 1468 1353 1244
f 1407 1306 1305
f 1443 1354 1498
f 1184 1215 1499
f 1355 1469 1500
f 1155 1500 1444
f 1409 1530 1273
f 1246 1273 1445
f 1310 1546 1470
f 1413 1412 1248
f 1190 1470 1332
f 1379 1471 1413
f 1357 1574 1446
f 1662 1250 1415
f 1360 1422 1163
f 1316 1448 1226
f 1362 1448 1316
f 1362 1316 1253
f 1555 1423 1278
f 1600 1506 1363
f 1382 1363 1506
f 1383 1508 1166
f 1424 1385 1317
f 1450 1424 1451
f 1424 1425 1385
f 1535 1425 1424
f 1386 1639 1387
f 1481 1426 1318
f 1537 1337 1512
f 1538 1539 1427
f 1427 1539 1368
f 1457 1513 1321
f 1321 1513 1428
f 1198 1482 1338
f 1291 1391 1322
f 1390 1484 1392
f 1392 1542 1256
f 1676 1342 1370
f 1433 1371 1398
f 1580 1398 1372
f 1296 1580 1372
f 1296 1463 1580
f 1582 1434 1344
f 1584 1401 1565
f 1298 1346 1563
f 1401 1584 1564
f 1566 1567 1565
f 1491 1653 1348
f 1436 1493 1437
f 1404 1586 1266
f 1267 1266 1586
f 1376 1586 1494
f 1180 1403 1588
f 1491 1180 1588
f 1523 1377 1467
f 1438 1405 1466
f 1441 1624 1330
f 1528 1304 1527
f 1306 1497 1378
f 1545 1469 1331
f 1469 1355 1331
f 1408 1499 1215
f 1530 1445 1273
f 1408 1272 1501
f 1501 1356 1502
f 1596 1546 1310
f 1531 1412 1413
f 1471 1414 1472
f 1414 1503 1472
f 1333 1549 1380
f 1550 1416 1358
f 1475 1275 1313
f 1474 1417 1416
f 1551 1532 1417
f 1575 1277 1479
f 1252 1226 1447
f 1448 1447 1226
f 1361 1668 1278
f 1449 1423 1555
f 1507 1091 1557
f 1166 1451 1317
f 1452 1453 1450
f 1317 1451 1424
f 1453 1424 1450
f 1535 1424 1453
f 1602 1386 1425
f 1335 1577 1254
f 1196 1455 1577
f 1456 1455 1366
f 1456 1366 1387
f 1367 1368 1539
f 1538 1427 1388
f 1337 1537 1457
f 1700 1513 1457
f 1388 1320 1540
f 1320 1389 1540
f 1338 1482 1389
f 1321 1428 1429
f 1515 1393 1394
f 1486 1516 1459
f 1394 1460 1515
f 1460 1430 1515
f 1561 1340 1459
f 1340 1561 1369
f 1369 1561 1487
f 1461 1517 1460
f 1431 1461 1460
f 1431 1432 1461
f 1396 1488 1397
f 1293 1676 1677
f 1464 1324 1616
f 1464 1581 1343
f 1344 1345 1582
f 1343 1581 1435
f 1325 1435 1583
f 1713 1568 1346
f 1348 1653 1519
f 1376 1494 1744
f 863 1496 1526
f 863 1867 1496
f 978 1776 1866
f 1304 1406 1527
f 1441 1468 1721
f 1468 1244 1183
f 1626 1442 1184
f 1498 1354 1497
f 1497 1354 1378
f 1186 1545 1331
f 1596 1411 1410
f 1596 1310 1411
f 1502 1412 1531
f 1725 1332 1470
f 1599 1415 1473
f 1475 1313 1476
f 1417 1474 1551
f 1419 1553 1420
f 1421 1422 1360
f 1163 1422 1361
f 1556 1728 1383
f 1728 1508 1383
f 1451 1166 1480
f 1452 1450 1480
f 1450 1451 1480
f 1386 1602 1639
f 1387 1640 1456
f 1604 1367 1672
f 1198 1458 1482
f 1391 1483 1322
f 1391 1485 1483
f 1542 1486 1256
f 1517 1430 1460
f 1612 1396 1487
f 1370 1397 1676
f 1433 1614 1432
f 1543 1433 1398
f 1462 1616 1324
f 1580 1463 1679
f 1582 1683 1434
f 1769 1399 1373
f 1346 1568 1563
f 1436 1807 1493
f 1521 1349 1523
f 1468 1183 1442
f 1497 1306 1407
f 1184 1499 1626
f 1443 1627 1186
f 1595 1309 1445
f 1548 1333 1446
f 1333 1548 1549
f 1415 1631 1662
f 1631 1415 1599
f 1275 1896 1473
f 1550 1474 1416
f 1552 1632 1476
f 1477 1552 1476
f 1421 1420 1553
f 1636 1448 1362
f 1557 1091 1534
f 1509 1510 1452
f 1480 1509 1452
f 1452 1576 1453
f 1425 1535 1602
f 1456 1559 1455
f 1367 1642 1672
f 1457 1537 1700
f 1607 1513 1700
f 1459 1516 1561
f 1611 1430 1517
f 1488 1396 1612
f 1432 1614 1461
f 1615 1433 1543
f 1616 1678 1464
f 1683 1463 1434
f 1648 1297 1465
f 1297 1826 1769
f 1465 1737 1648
f 1402 1585 1400
f 1684 1713 1326
f 1490 1710 1489
f 1830 1518 1742
f 1653 1743 1519
f 1437 1586 1404
f 1376 1744 1375
f 1211 1349 1495
f 1495 1349 1521
f 1524 1590 1240
f 1240 1590 1466
f 1466 1590 1438
f 1467 1350 1439
f 1571 1527 1570
f 1528 1497 1407
f 1625 1468 1442
f 1443 1498 1658
f 1443 1658 1627
f 1627 1545 1186
f 1499 1408 1529
f 1309 1595 1410
f 1573 1413 1597
f 1359 1532 1504
f 1478 1505 1477
f 1533 1505 1478
f 1751 1553 1419
f 1479 1252 1447
f 1553 1554 1421
f 1421 1634 1422
f 1361 1422 1812
f 1812 1668 1361
f 1668 1555 1278
f 1253 1754 1362
f 1754 1253 1507
f 1600 1727 1506
f 1508 1509 1166
f 1166 1509 1480
f 1576 1452 1510
f 1603 1387 1639
f 1387 1603 1640
f 1426 1481 1536
f 1604 1641 1336
f 1482 1514 1608
f 1514 1482 1458
f 1541 1429 1428
f 1458 1322 1609
f 1390 1429 1610
f 1390 1610 1484
f 1644 1483 1485
f 1485 1393 1644
f 1675 1611 1517
f 1461 1675 1517
f 1561 1612 1487
f 1614 1613 1461
f 1581 1562 1435
f 1582 1345 1399
f 1769 1707 1399
f 1435 1647 1583
f 1436 1519 1743
f 1436 1743 1569
f 1569 1807 1436
f 1586 1437 1831
f 1147 1651 1302
f 1491 1588 1653
f 1523 1467 1589
f 1544 1438 1590
f 1544 1440 1438
f 1406 1593 1527
f 1527 1571 1528
f 1528 1571 1572
f 1528 1572 1497
f 1626 1499 1723
f 1469 1628 1500
f 1501 1594 1408
f 1410 1595 1630
f 1531 1413 1573
f 1725 1547 1332
f 1694 1548 1446
f 1662 1503 1414
f 1896 1599 1473
f 1664 1551 1474
f 1632 1475 1476
f 1359 1504 1381
f 1334 1751 1419
f 1479 1447 1753
f 1554 1634 1421
f 1636 1635 1448
f 1506 1556 1382
f 1508 1558 1509
f 1510 1509 1558
f 1637 1054 1511
f 1577 1455 1559
f 1536 1732 1512
f 1512 1426 1536
f 1537 1512 1732
f 1537 1732 1764
f 1388 1605 1538
f 1607 1579 1513
f 1579 1428 1513
f 1514 1458 1609
f 1610 1429 1541
f 1322 1483 1643
f 1393 1515 1644
f 1484 1542 1392
f 1488 1676 1397
f 1433 1768 1614
f 1615 1768 1433
f 1580 1543 1398
f 1679 1463 1682
f 1683 1682 1463
f 1562 1647 1435
f 1737 1400 1736
f 1684 1583 1649
f 1584 1565 1567
f 1685 1585 1402
f 1402 1489 1685
f 1489 1710 1685
f 1494 1586 1650
f 1147 1492 1651
f 1620 1652 1621
f 1686 1587 1403
f 1403 1587 1588
f 1375 1744 1492
f 1521 1523 1589
f 1439 1622 1467
f 1544 1623 1440
f 1440 1623 1775
f 1624 1839 1242
f 1527 1593 1570
f 1570 1592 1571
f 1572 1657 1497
f 1442 1626 1625
f 1724 1627 1658
f 1723 1499 1529
f 1500 1628 1444
f 1501 1502 1594
f 1630 1596 1410
f 1782 1597 1413
f 1413 1471 1782
f 1547 1574 1332
f 1694 1574 1547
f 1694 1446 1574
f 1380 1550 1358
f 1896 1275 1475
f 1381 1633 1418
f 1418 1633 1334
f 1277 1575 1533
f 1634 1812 1422
f 1448 1635 1447
f 1384 1961 1534
f 1558 1670 1510
f 1670 1576 1510
f 1453 1576 1698
f 1453 1698 1535
f 1602 1535 1671
f 1577 1559 1638
f 1789 1536 1481
f 1537 1764 1700
f 1367 1539 1642
f 1605 1388 1795
f 1578 1389 1482
f 1644 1643 1483
f 1644 1515 1430
f 1613 1675 1461
f 1613 1614 1705
f 1462 1797 1616
f 1615 1543 1617
f 1580 1799 1543
f 1681 1464 1678
f 1681 1581 1464
f 1581 1681 1618
f 1581 1618 1562
f 1400 1585 1736
f 1564 1711 1490
f 1437 1493 1717
f 1831 1437 1717
f 1586 1831 1650
f 1620 1347 1830
f 1403 1621 1686
f 1589 1467 1774
f 1689 1690 1590
f 1544 1590 1690
f 1439 1591 1622
f 1592 1570 1656
f 1441 1721 1624
f 1571 1592 1572
f 1625 1721 1468
f 1657 1498 1497
f 1659 1545 1627
f 1545 1659 1469
f 1502 1660 1594
f 1660 1502 1531
f 1546 1725 1470
f 1471 1472 1782
f 1503 1661 1472
f 1662 1598 1661
f 1661 1503 1662
f 1551 1664 1784
f 1504 1532 1551
f 1751 1334 1633
f 1636 1362 1754
f 1449 1669 1600
f 1508 1728 1756
f 1756 1558 1508
f 1384 1637 1961
f 1757 1670 1558
f 1640 1731 1456
f 1606 1539 1538
f 1540 1673 1795
f 1795 1388 1540
f 1578 1482 1608
f 1643 1609 1322
f 1484 1610 1542
f 1486 1542 1884
f 1430 1611 1674
f 1516 1703 1561
f 1612 1561 1560
f 1488 1825 1676
f 1543 1799 1617
f 1678 1680 1681
f 1399 1707 1582
f 1647 1562 1619
f 1619 1562 1646
f 1297 1648 1826
f 1647 1649 1583
f 1584 1708 1564
f 1584 1567 1708
f 1566 1563 1805
f 1566 1805 1567
f 1492 1744 1687
f 2093 1654 1237
f 1237 1654 1522
f 1835 1522 1833
f 1522 1835 1524
f 1688 1521 1589
f 1467 1622 1774
f 1544 1690 1623
f 1570 1593 1656
f 1572 1722 1657
f 1657 1658 1498
f 1627 1724 1746
f 1628 1779 1444
f 1444 1779 1409
f 1529 1408 1747
f 1595 1445 1629
f 1596 1630 1843
f 1843 1546 1596
f 1472 1783 1782
f 1631 1598 1662
f 1664 1474 1550
f 1552 1477 1505
f 1695 1533 1575
f 1754 1696 1636
f 1555 1669 1449
f 1601 1507 1557
f 1758 1670 1757
f 1729 1576 1670
f 1535 1698 1671
f 1254 1760 1454
f 1641 1481 1336
f 1763 1641 1604
f 1763 1604 1672
f 1540 1389 1673
f 1389 1578 1673
f 1541 1428 2075
f 1610 1645 1542
f 1561 1703 1560
f 1612 1825 1488
f 1580 1679 1799
f 1562 1618 1646
f 1647 1735 1649
f 1563 1568 1738
f 1490 1711 1710
f 1567 1805 1712
f 1518 1741 1742
f 1494 1716 1744
f 1620 1830 1652
f 1714 1621 1652
f 1587 1686 1772
f 1588 1587 1863
f 1524 1689 1590
f 1720 1592 1656
f 1657 1724 1658
f 1469 1659 1693
f 1408 1594 1747
f 1660 1842 1594
f 1725 1726 1547
f 1549 1663 1380
f 1663 1750 1380
f 1750 1550 1380
f 1632 1552 1665
f 1552 1505 2025
f 1666 1575 1479
f 1666 1479 1753
f 1506 1813 1556
f 1698 1576 1729
f 1602 1671 1639
f 1639 1730 1603
f 1559 1456 1699
f 1481 1854 1789
f 1732 1793 1764
f 1642 1539 1606
f 1605 1606 1538
f 1928 1607 1700
f 1608 1856 1578
f 1608 1514 1701
f 1514 1609 1701
f 1609 1643 1903
f 1541 1822 1610
f 1643 1644 1766
f 1645 1823 1542
f 1823 1884 1542
f 1675 1704 1611
f 1560 1885 1612
f 1614 1768 1705
f 1462 1677 1797
f 1616 1797 1859
f 1616 1859 1678
f 1646 1734 1619
f 1647 1619 1735
f 1564 1708 1711
f 1563 1738 1805
f 1713 1771 1568
f 1494 1650 1716
f 1743 1653 1715
f 1493 1807 1717
f 1495 1521 1688
f 1655 1688 1589
f 1689 1524 1835
f 1591 1946 1622
f 1690 1718 1623
f 1692 1593 1406
f 1720 1691 1592
f 1572 1592 1722
f 1722 1724 1657
f 1746 1659 1627
f 1469 1693 1628
f 1628 1693 1779
f 1869 1529 1747
f 1445 1530 1629
f 1747 1594 1780
f 1594 1842 1780
f 1660 1531 1748
f 1531 1573 1748
f 1597 1782 1845
f 1472 1661 1783
f 1548 1694 1846
f 1846 1749 1548
f 1548 1749 1549
f 1631 2023 1598
f 1505 1533 1695
f 1554 1667 1634
f 1754 1507 1958
f 1507 1601 1958
f 1556 1697 1728
f 1756 1728 1755
f 1961 1637 1897
f 1558 1756 1757
f 1639 1671 1730
f 1559 1699 1638
f 1640 1603 1762
f 1699 1456 1731
f 1640 1762 1731
f 1642 1763 1672
f 1606 1765 1642
f 1605 1881 1606
f 1822 1733 1610
f 1674 1766 1644
f 1644 1430 1674
f 1674 1611 1702
f 1825 1612 1885
f 1675 1613 1767
f 1676 1825 1797
f 1676 1797 1677
f 1768 1905 1705
f 1680 1706 1681
f 1582 1886 1683
f 1582 1707 1886
f 1706 1618 1681
f 1737 1770 1648
f 1887 1805 1738
f 1684 1649 1828
f 1711 1804 1806
f 1804 1711 1708
f 1709 1685 1710
f 1713 1684 1828
f 1568 1771 1739
f 1742 1741 2270
f 1587 1772 1863
f 1212 1211 1915
f 1211 1495 1915
f 1655 1589 1774
f 1718 1689 1773
f 1689 1718 1690
f 1839 1624 1868
f 1269 2529 2365
f 1624 1721 1868
f 1592 1810 1722
f 1625 1626 1986
f 1778 1724 1722
f 1723 1986 1626
f 1723 1529 1869
f 1779 1530 1409
f 1841 1595 1629
f 1781 1748 1573
f 1843 1844 1546
f 1844 1725 1546
f 1844 1954 1725
f 1547 1726 2107
f 1547 2107 1694
f 1632 1665 1848
f 1695 1575 1752
f 1751 1554 1553
f 1575 1666 1752
f 1812 1993 1668
f 1993 1957 1668
f 1668 1957 1555
f 1727 1813 1506
f 1556 1813 1697
f 1697 1755 1728
f 1254 1577 1760
f 1760 1577 1638
f 1481 1641 1854
f 1794 1763 1642
f 1642 1765 1794
f 1928 1700 1764
f 1972 1607 1928
f 1673 1578 1856
f 1701 1856 1608
f 1701 1609 1796
f 1609 1903 1796
f 1610 1733 1645
f 1702 1611 1704
f 1859 1797 1798
f 1617 1768 1615
f 1799 2008 1617
f 1859 1860 1678
f 1678 1860 1680
f 1682 1908 1938
f 1682 1683 1908
f 1908 1683 1886
f 1802 1735 1619
f 1736 1770 1737
f 1568 1739 1738
f 1585 1685 1740
f 1771 1713 2089
f 1830 1742 1912
f 1621 1714 1686
f 1652 1830 1914
f 1653 1588 1715
f 1569 1743 1807
f 1651 1492 1832
f 1495 1688 1834
f 1773 1689 1745
f 1774 1622 1865
f 1622 1946 1865
f 1269 1719 2529
f 1035 1242 2611
f 1691 1810 1592
f 1746 1724 1950
f 1595 1841 1630
f 1842 1660 1748
f 1781 1573 1597
f 1598 1783 1661
f 2023 1631 1599
f 1550 1750 1664
f 1475 1632 1811
f 2024 1504 1551
f 2025 1505 1695
f 1635 1636 1872
f 1557 1814 1601
f 1851 1755 1697
f 1755 1873 1756
f 1873 1758 1757
f 1670 1758 1964
f 1670 1964 1729
f 1964 1758 1786
f 1729 1964 1787
f 1759 1698 1729
f 1698 1816 1671
f 1603 1788 1818
f 1730 1788 1603
f 1603 1818 1762
f 1792 1731 1762
f 1789 1790 1536
f 1790 1732 1536
f 1790 1793 1732
f 1641 1763 1880
f 1606 1881 1765
f 1673 1882 1795
f 1673 1856 1882
f 1607 1930 1579
f 1903 1643 1766
f 1613 1705 1767
f 1679 1682 1799
f 1799 1682 1938
f 1680 1800 1706
f 1706 1939 1618
f 1618 1939 1646
f 1707 1769 1801
f 1770 1826 1648
f 1735 1802 1803
f 1619 1734 1802
f 1802 1734 1980
f 1649 1735 1803
f 1708 1567 2123
f 1942 1740 1685
f 1711 1709 1710
f 1492 1687 1832
f 1714 1652 1914
f 1689 1835 1745
f 1865 1809 1774
f 1982 1623 1718
f 1623 1947 1775
f 1720 1838 1691
f 1777 1810 1691
f 1625 1949 1721
f 1693 1659 1746
f 1779 1840 1530
f 1629 1530 1840
f 1747 1780 1893
f 1597 1845 1955
f 1954 1726 1725
f 1694 1990 1846
f 2107 1990 1694
f 1991 1598 2023
f 1475 1811 1896
f 2186 1848 1665
f 1784 2024 1551
f 1552 2025 1665
f 1849 2025 1695
f 1554 1850 1667
f 1447 1635 2146
f 1636 1696 1872
f 1957 1669 1555
f 1600 1994 1727
f 1851 1697 1813
f 1755 1995 1873
f 1757 1756 1873
f 1758 1785 1786
f 2287 1637 1511
f 1729 1787 1759
f 1698 1759 1816
f 1511 1454 1901
f 1671 1816 1730
f 1853 1762 1818
f 1762 1853 1820
f 1792 1762 1820
f 1638 1699 1819
f 1821 1699 1731
f 1792 1821 1731
f 1821 1791 1699
f 1880 1763 1794
f 1820 1765 1792
f 1794 1765 1820
f 1795 1855 1605
f 1605 1855 1881
f 1972 1930 1607
f 1930 2072 1579
f 1579 2072 1428
f 1796 1903 2073
f 1822 1541 2075
f 1733 1823 1645
f 1704 1675 1767
f 1857 1798 1797
f 1906 1905 1768
f 1706 1800 1939
f 1886 1707 1801
f 1769 1826 1909
f 1585 1740 1736
f 1806 1804 1827
f 2089 1713 1828
f 1743 1715 2091
f 1743 2091 1807
f 1716 1687 1744
f 1651 1832 1829
f 1688 1836 1834
f 1655 1836 1688
f 1655 1774 1836
f 1836 1774 1809
f 1773 1745 1808
f 1773 1808 1718
f 2611 1776 1035
f 2560 1719 1526
f 1838 1777 1691
f 1868 1721 1918
f 1949 1625 1986
f 1724 1778 1950
f 1747 1893 1869
f 1952 1630 1841
f 1843 1630 1952
f 1781 1597 1955
f 1782 1783 1845
f 1749 1846 1924
f 1749 1663 1549
f 2023 1599 1847
f 1599 1896 1847
f 1811 1632 1848
f 1667 1812 1634
f 1814 1557 1815
f 1557 1534 1815
f 1851 1995 1755
f 1873 1852 1758
f 1758 1852 1785
f 1786 1785 1899
f 1816 1759 1875
f 1876 1730 1816
f 1877 1817 1788
f 1760 1638 2067
f 1901 1760 2067
f 1876 1788 1730
f 1761 2067 1638
f 1817 1818 1788
f 1638 1819 1761
f 1794 1820 1853
f 1641 1880 1854
f 1792 1765 1902
f 1793 1999 1764
f 1428 2072 2075
f 1822 2004 1733
f 1883 1903 1766
f 1766 1674 1702
f 1904 1702 1704
f 1703 1824 1560
f 1797 1825 1857
f 1768 1617 2008
f 1859 1798 1907
f 1860 1859 1907
f 1936 1680 1860
f 1799 1938 1935
f 1680 1936 1800
f 1980 1803 1802
f 1940 1980 1734
f 1803 1861 1649
f 2123 1804 1708
f 1942 1685 1709
f 1709 1711 1806
f 1567 1712 2123
f 1741 2269 2270
f 1588 2040 1715
f 1717 1807 1888
f 1651 1829 2041
f 2270 1912 1742
f 1588 1863 2040
f 1715 1864 2091
f 1522 1654 1833
f 1835 1889 1745
f 1865 1917 1809
f 1808 1945 1718
f 1946 2045 1865
f 1720 2304 1838
f 1949 1918 1721
f 1722 1984 1778
f 1950 1778 2017
f 1920 1779 1693
f 2052 1846 1990
f 1381 2026 1633
f 2026 1751 1633
f 1554 1751 1850
f 1850 1956 1667
f 1635 1872 2059
f 1696 1754 1958
f 1669 2062 1600
f 1994 1959 1727
f 1727 1959 1813
f 1960 1851 1813
f 1815 1534 1961
f 1873 2032 1852
f 1852 1926 1785
f 2287 1897 1637
f 1898 1899 1785
f 1787 1874 1759
f 1875 1759 1874
f 1876 1877 1788
f 1817 1879 1818
f 1853 1818 1879
f 1794 1853 1880
f 1791 1819 1699
f 1764 1999 1928
f 1929 1856 1701
f 1701 1796 1931
f 2075 2004 1822
f 2115 1486 1884
f 1932 1516 1486
f 1932 1824 1516
f 1516 1824 1703
f 1798 1857 1858
f 2008 1906 1768
f 1798 1858 1907
f 1860 1907 1978
f 1769 1909 1801
f 1646 1939 1940
f 1911 1909 1826
f 1826 1770 1910
f 1940 1734 1646
f 1861 1828 1649
f 2123 1941 1804
f 1714 1914 2090
f 1686 1714 2090
f 1772 2204 2040
f 1830 1912 1913
f 1830 1913 1914
f 1715 2040 1864
f 1831 1717 1888
f 1654 1943 1833
f 1835 1833 1943
f 2045 1917 1865
f 1525 2421 1352
f 1525 1837 2421
f 1839 2479 1242
f 1839 2016 2479
f 1868 1948 1839
f 1692 2365 2683
f 1777 1890 1810
f 1722 1810 1984
f 1984 1891 1778
f 1778 1891 2017
f 1986 1723 1919
f 1919 1723 1869
f 1779 1920 1840
f 1840 1951 1629
f 1629 1951 1841
f 1893 1780 1894
f 1780 1842 1894
f 1895 1842 1748
f 1922 1748 1953
f 1953 1748 1781
f 1845 2021 1955
f 1381 1504 2026
f 2026 1850 1751
f 1849 1695 1871
f 1871 1695 1752
f 1961 1897 2154
f 1785 1926 1898
f 1786 1899 1964
f 2110 1511 1901
f 1900 1876 1816
f 1900 1816 1875
f 1967 1877 1876
f 1877 1878 1879
f 1877 1879 1817
f 1880 1853 1879
f 1761 1819 1969
f 1791 1970 1819
f 1821 1970 1791
f 1792 1902 1821
f 1821 1902 1970
f 1881 1902 1765
f 1795 1882 1855
f 1882 1856 1929
f 1701 1931 1929
f 2076 1903 1883
f 1702 1904 1766
f 1975 2035 1704
f 1975 1704 1767
f 1560 1933 1885
f 1767 1705 1905
f 1825 2005 1857
f 1858 1857 1976
f 1978 1936 1860
f 1937 1800 1936
f 1800 2010 1939
f 1826 1910 2167
f 1736 2121 1770
f 1804 1941 1827
f 2088 2123 1712
f 1687 1716 1862
f 1832 1687 1862
f 1772 1686 2090
f 1863 1772 2040
f 1943 1889 1835
f 1889 1981 1745
f 1809 1917 1836
f 1745 1981 1808
f 1808 1981 1945
f 1718 1945 1982
f 1946 1591 2095
f 2560 1526 1496
f 1776 3295 1866
f 3295 1776 2611
f 1948 2016 1839
f 1890 1777 1838
f 1720 1656 2304
f 1948 1868 1918
f 2102 1693 1746
f 1693 2102 1920
f 1892 1840 1920
f 1893 1988 1869
f 1892 1951 1840
f 1870 1893 1894
f 1894 1842 1895
f 1895 1748 1922
f 1843 1952 2105
f 1991 2022 1598
f 1783 1598 2022
f 2053 2216 1663
f 2146 1753 1447
f 1635 2059 2146
f 2062 1994 1600
f 1959 1925 1813
f 1813 1925 1960
f 1873 1962 2032
f 1787 1964 1965
f 1875 1874 1900
f 1967 1927 1877
f 1967 1876 1900
f 1760 1901 1454
f 1880 1879 1878
f 2066 1880 2033
f 1880 2066 1854
f 1999 2069 1928
f 1902 1881 2000
f 1971 1855 1882
f 1796 2002 1931
f 2004 1973 1733
f 1973 1823 1733
f 1904 1704 2035
f 1932 1486 2115
f 1824 2116 1560
f 1825 1885 2005
f 2083 1905 1906
f 1858 1976 1977
f 2119 1907 1858
f 2008 1799 1935
f 1937 2084 1800
f 1886 1979 1908
f 1886 1801 1979
f 1826 2167 1911
f 1980 1861 1803
f 1736 1740 2121
f 1805 1887 2086
f 1772 2090 2204
f 1650 1831 2174
f 1650 2174 2042
f 1650 2042 1716
f 1915 1495 2239
f 1495 1834 2239
f 1916 1836 1917
f 1947 1623 1982
f 1985 1918 1949
f 1950 2017 2049
f 1988 1919 1869
f 1921 1988 1893
f 1893 1870 1921
f 1951 1989 1841
f 1841 1989 1952
f 1953 1781 1923
f 1781 1955 1923
f 1954 2276 1726
f 1845 1783 2108
f 2216 1750 1663
f 1995 1962 1873
f 1996 1852 2032
f 1996 1926 1852
f 1963 1899 1898
f 2317 1964 1899
f 1787 1965 1874
f 1997 1927 1967
f 1927 1968 1877
f 1877 1968 1878
f 1880 1878 2033
f 1789 2221 1790
f 1789 1854 2068
f 1790 1999 1793
f 1970 1969 1819
f 2000 1970 1902
f 1972 1928 2223
f 1855 1971 1881
f 1929 1931 2001
f 2076 2073 1903
f 1766 2003 1883
f 2115 1884 1973
f 1560 2116 1933
f 1905 2083 1934
f 1976 1857 2005
f 1858 1977 2119
f 1978 1907 2036
f 1938 1908 1979
f 2084 2010 1800
f 1910 1770 2121
f 1861 2012 2168
f 1980 2012 1861
f 1980 1940 2085
f 1805 2086 1712
f 1712 2086 2087
f 2124 1912 2270
f 1914 2271 2090
f 2040 2171 1864
f 1832 1862 1829
f 1654 2127 1943
f 2239 1834 1944
f 1916 1834 1836
f 1916 1944 1834
f 1838 2098 1890
f 1810 1890 1984
f 1919 1987 1986
f 2049 2102 1950
f 1950 2102 1746
f 1951 2019 1989
f 2105 2139 1843
f 1843 2139 1844
f 1726 2276 2107
f 2052 2106 1924
f 2052 1924 1846
f 1924 2053 1749
f 2053 1663 1749
f 2022 2108 1783
f 1847 1896 2340
f 2026 1504 2024
f 1871 1752 1666
f 1666 1753 2188
f 1850 2145 1956
f 1667 1956 1992
f 1667 1992 1812
f 1993 1812 1992
f 1696 1958 2370
f 2062 1669 1957
f 1959 2064 1925
f 1960 2150 1851
f 1897 2287 2154
f 1963 1898 1926
f 1511 2110 2287
f 1874 1965 1966
f 1997 1998 1927
f 2195 2067 1761
f 1969 2112 1761
f 1969 1970 2070
f 1971 2000 1881
f 1882 1929 2113
f 1766 1904 2003
f 1823 1973 1884
f 1904 2035 2078
f 2035 1975 1974
f 1767 1905 1934
f 1885 2080 2005
f 1934 2083 2162
f 1976 2005 2006
f 1976 2006 2007
f 2265 2083 1906
f 1976 2007 1977
f 2119 2036 1907
f 2009 1979 1801
f 2009 1801 1909
f 1910 2011 2167
f 2169 1940 1939
f 1887 2039 2086
f 2039 1887 1738
f 1739 2297 1738
f 1739 2013 2297
f 1771 2013 1739
f 2013 1771 2089
f 1914 1913 2271
f 1807 2091 2014
f 1831 1888 2205
f 2706 1010 1520
f 1888 1807 2014
f 1654 2015 2127
f 2127 1889 1943
f 1889 2043 1981
f 1916 1917 2044
f 1945 2207 1982
f 2207 1945 2094
f 1983 1890 2098
f 1242 2817 2611
f 1242 2479 2817
f 1890 1983 1984
f 1919 1988 2130
f 1920 2102 2018
f 1892 1920 2018
f 1951 1892 2019
f 1894 1895 2104
f 1922 2104 1895
f 1922 2051 2104
f 1953 1923 2138
f 1923 1955 2184
f 2021 2184 1955
f 2141 2053 1924
f 1664 2217 1784
f 2186 1665 2249
f 1850 2187 2145
f 1753 2146 2188
f 2031 1993 1992
f 2370 1958 2313
f 1957 2253 2062
f 1994 2064 1959
f 2150 1995 1851
f 1961 2154 1815
f 1996 1963 1926
f 1963 2317 1899
f 2153 1967 1900
f 1874 2153 1900
f 1927 1998 1968
f 1878 1968 2033
f 2066 2068 1854
f 1789 2068 2221
f 2112 2195 1761
f 2000 2070 1970
f 1972 2071 1930
f 2001 1931 2002
f 2071 2072 1930
f 1796 2073 2002
f 2261 2075 2072
f 2003 2076 1883
f 1934 1975 1767
f 1935 1938 2037
f 1937 2166 2084
f 2010 2084 2200
f 2010 2169 1939
f 2233 1940 2169
f 2012 2122 2168
f 1980 2085 2012
f 1940 2233 2085
f 1861 2168 1828
f 1827 2038 2498
f 1738 2297 2039
f 1912 2124 1913
f 1831 2205 2174
f 1862 1716 2173
f 1888 2014 2092
f 2127 2043 1889
f 1981 2043 1945
f 1946 2095 2045
f 1352 2639 1591
f 1352 2421 2639
f 2046 2016 1948
f 1692 2683 1593
f 2046 1948 1918
f 2046 1918 1985
f 1984 2047 1891
f 2017 1891 2048
f 1987 1949 1986
f 1892 2178 2019
f 1988 1921 2103
f 1870 2103 1921
f 2104 1870 1894
f 1989 2020 1952
f 1952 2020 2105
f 1953 2051 1922
f 2138 2051 1953
f 2140 1844 2139
f 1844 2140 1954
f 1845 2108 2021
f 2340 1896 1811
f 2217 1664 1750
f 1811 1848 2143
f 1665 2025 2249
f 2026 2187 1850
f 2145 2054 1956
f 2027 1956 2054
f 2057 2058 2056
f 1956 2027 1992
f 2057 2030 2058
f 1992 2027 2028
f 2028 2031 1992
f 2030 2029 2031
f 2148 1993 2031
f 1958 1601 2313
f 1601 2149 2313
f 2062 2063 1994
f 1994 2063 2064
f 1601 1814 2149
f 2064 2150 1925
f 1925 2150 1960
f 1995 2109 1962
f 1965 1964 2317
f 1997 1967 2065
f 2221 1999 1790
f 2070 2112 1969
f 2157 2070 2000
f 2157 2000 1971
f 1882 2113 1971
f 2074 2073 2076
f 2076 2003 2034
f 2004 2077 1973
f 1904 2078 2003
f 1885 1933 2080
f 2005 2080 2082
f 2082 2006 2005
f 2006 2118 2007
f 2037 1938 1979
f 2121 2231 1910
f 1941 2038 1827
f 2268 2121 1740
f 2498 1806 1827
f 1806 2298 1709
f 1712 2087 2088
f 1828 2202 2089
f 2091 1864 2171
f 2204 2090 2237
f 1944 1916 2044
f 2043 2094 1945
f 2336 1775 1947
f 2016 2046 2096
f 2097 1983 2098
f 1984 1983 2099
f 1984 2099 2100
f 2101 2046 1985
f 1984 2100 2047
f 1985 2177 2101
f 1985 1949 2177
f 2129 1891 2047
f 1987 2177 1949
f 2017 2048 2049
f 1919 2130 1987
f 1988 2131 2130
f 2018 2178 1892
f 2131 1988 2103
f 2103 1870 2050
f 2134 1989 2019
f 2050 1870 2104
f 2134 2020 1989
f 2051 2136 2104
f 2106 2141 1924
f 2310 1991 2023
f 2311 2249 2025
f 1666 2144 1871
f 2144 1666 2188
f 2057 2056 2055
f 2054 2058 2027
f 2056 2058 2054
f 2027 2058 2028
f 2028 2058 2031
f 2058 2030 2031
f 2219 2029 2030
f 2061 2029 2219
f 2060 2031 2029
f 2029 2061 2060
f 2060 2148 2031
f 2148 1957 1993
f 2064 2063 2255
f 2109 1995 2150
f 2154 2509 1815
f 2032 2220 1996
f 1996 2220 1963
f 2065 1998 1997
f 2066 2156 2068
f 2067 2195 2489
f 2223 2322 1972
f 2072 2071 2196
f 2004 2075 2077
f 1973 2077 2159
f 1973 2159 2115
f 1975 2079 1974
f 2079 1975 2161
f 2162 2226 1934
f 2080 2081 2082
f 2117 2006 2082
f 2117 2118 2006
f 2163 2265 1906
f 2008 2163 1906
f 2165 1936 1978
f 2008 1935 2164
f 1935 2037 2266
f 1911 2167 2120
f 2085 2122 2012
f 2123 2038 1941
f 1806 2498 2298
f 1709 2298 1942
f 2171 2385 2091
f 1888 2092 2205
f 1651 2041 1302
f 2040 2204 2238
f 2014 2091 2125
f 1716 2042 2173
f 1654 2300 2015
f 2128 1944 2044
f 1917 2045 2044
f 2207 2208 1982
f 2208 1947 1982
f 2639 2095 1591
f 2336 1867 1775
f 2099 2096 2046
f 2097 2096 2099
f 1983 2097 2099
f 2099 2046 2101
f 2100 2099 2101
f 2100 2101 2047
f 2129 2101 2177
f 2047 2101 2129
f 2129 2048 1891
f 2209 2049 2048
f 2049 2209 2102
f 2178 2179 2019
f 2133 2103 2050
f 2104 2136 2050
f 2105 2020 2137
f 1954 2140 2307
f 2142 2052 1990
f 2022 2393 2108
f 2023 1847 2310
f 1811 2143 2340
f 1784 2248 2024
f 2025 1849 2311
f 2057 2055 2189
f 2057 2189 2030
f 2030 2189 2219
f 2253 2191 2062
f 2191 2063 2062
f 2149 1814 2455
f 2109 2150 2151
f 2220 2317 1963
f 1966 2257 2153
f 1966 2153 1874
f 1967 2152 2065
f 2193 1967 2153
f 2258 1968 1998
f 2155 2033 1968
f 2155 2066 2033
f 2489 1901 2067
f 2068 2156 2111
f 2221 2351 1999
f 2157 1971 2222
f 2113 1929 2114
f 2001 2114 1929
f 2261 2072 2196
f 2073 2158 2002
f 2074 2158 2073
f 2075 2261 2077
f 2076 2034 2074
f 2003 2078 2224
f 2160 2115 2325
f 2115 2160 1932
f 2197 2078 1974
f 2078 2035 1974
f 1932 2116 1824
f 1974 2079 2198
f 2079 2161 2225
f 1975 1934 2226
f 1978 2036 2327
f 2164 2163 2008
f 1936 2165 1937
f 2199 2084 2166
f 2087 2086 2232
f 1828 2168 2202
f 1740 1942 2201
f 2088 2087 2170
f 1741 903 2269
f 2090 2236 2237
f 2171 2040 2238
f 2092 2014 2172
f 2041 1829 2206
f 2093 2300 1654
f 2239 1944 2126
f 2126 1944 2128
f 2175 2043 2127
f 2240 2045 2095
f 2207 2303 2208
f 1838 2304 2098
f 2177 1987 2210
f 2102 2209 2018
f 1987 2130 2210
f 2210 2130 2131
f 2132 2131 2103
f 2180 2132 2103
f 2103 2133 2180
f 2019 2179 2181
f 2019 2181 2134
f 2181 2182 2134
f 2183 2133 2050
f 2134 2135 2020
f 2050 2136 2183
f 2137 2020 2135
f 2105 2137 2243
f 2213 2138 1923
f 2184 2021 2275
f 2021 2246 2275
f 2108 2246 2021
f 2052 2142 2106
f 2107 2276 2185
f 2107 2185 1990
f 2142 1990 2185
f 1991 2394 2022
f 2394 1991 2310
f 1847 2340 2714
f 2216 2339 1750
f 2339 2217 1750
f 1848 2186 2218
f 1871 2484 1849
f 2024 2187 2026
f 2484 1871 2144
f 2054 2145 2251
f 2054 2251 2056
f 1696 2370 1872
f 2219 2252 2061
f 2147 2060 2061
f 2147 2148 2060
f 2286 2063 2191
f 2254 2063 2286
f 2063 2254 2255
f 2255 2256 2064
f 2150 2192 2151
f 2456 1815 2509
f 1966 1965 2257
f 2193 2152 1967
f 2258 2155 1968
f 2066 2155 2156
f 2070 2157 2112
f 2069 2260 1928
f 1928 2260 2223
f 2289 1971 2113
f 2324 2001 2002
f 2003 2224 2034
f 2078 2197 2224
f 2115 2159 2325
f 1932 2160 2116
f 2081 2080 1933
f 2081 2263 2082
f 2117 2082 2264
f 2228 2162 2083
f 2119 1977 2295
f 2468 2163 2164
f 1978 2327 2165
f 2165 2166 1937
f 1979 2009 2037
f 1910 2231 2011
f 2038 2417 2498
f 2123 2417 2038
f 2086 2039 2232
f 1740 2201 2268
f 2087 2232 2170
f 2124 2270 2332
f 2174 2205 2361
f 1829 1862 2206
f 1520 1302 2706
f 2124 2235 1913
f 2092 2172 2418
f 2205 2092 2418
f 2334 2041 2206
f 2239 2126 2362
f 2127 2015 2175
f 2044 2240 2128
f 2593 2240 2095
f 2593 2095 2639
f 2097 2176 2096
f 2097 2098 2176
f 2048 2129 2209
f 2209 2129 2177
f 2018 2211 2178
f 2179 2178 2211
f 2179 2211 2131
f 2179 2131 2132
f 2179 2132 2180
f 2181 2179 2180
f 2181 2180 2212
f 2180 2133 2183
f 2212 2182 2181
f 2182 2135 2134
f 2212 2180 2183
f 2183 2136 2242
f 2136 2051 2242
f 2242 2051 2138
f 2105 2243 2139
f 2243 2244 2139
f 2140 2139 2244
f 2274 2213 1923
f 1923 2184 2274
f 2307 2276 1954
f 2141 2106 2214
f 2215 2246 2108
f 2022 2394 2393
f 2311 1849 2484
f 2187 2281 2145
f 2056 2400 2055
f 2055 2282 2189
f 2342 2219 2189
f 2370 2059 1872
f 2148 2190 1957
f 2190 2253 1957
f 2064 2192 2150
f 1814 1815 2455
f 2346 1962 2109
f 2316 1962 2346
f 2257 2193 2153
f 2349 2065 2152
f 2155 2194 2156
f 2409 2489 2195
f 2068 2111 2221
f 2069 1999 2351
f 2289 2222 1971
f 1972 2322 2071
f 2071 2323 2196
f 2197 1974 2198
f 2198 2079 2225
f 2161 1975 2226
f 2082 2263 2227
f 2082 2227 2264
f 2007 2294 2326
f 1977 2007 2326
f 2295 2327 2036
f 2200 2084 2199
f 1911 2328 1909
f 2169 2010 2359
f 2121 2268 2231
f 2089 2331 2013
f 2172 2014 2125
f 2042 2174 2173
f 2124 2332 2203
f 2124 2203 2235
f 1913 2235 2271
f 2090 2271 2236
f 2385 2171 2384
f 2175 2364 2043
f 2044 2045 2240
f 2208 2336 1947
f 2016 2503 2479
f 2096 2503 2016
f 2177 2210 2209
f 2018 2209 2211
f 2211 2210 2131
f 2135 2182 2241
f 2137 2135 2241
f 2183 2242 2212
f 2142 2214 2106
f 2246 2215 2277
f 2185 2278 2142
f 2217 2248 1784
f 2429 2143 2218
f 2218 2143 1848
f 2186 2249 2218
f 2281 2251 2145
f 2189 2312 2342
f 2191 2253 2314
f 2405 2256 2255
f 2151 2346 2109
f 1962 2316 2032
f 2349 1998 2065
f 2155 2374 2194
f 2157 2259 2112
f 2157 2222 2259
f 2353 2196 2323
f 2196 2354 2261
f 2074 2262 2158
f 2034 2262 2074
f 2290 2077 2261
f 2077 2290 2159
f 2083 2265 2228
f 2007 2118 2294
f 2036 2119 2295
f 2438 2165 2327
f 2229 2164 1935
f 1935 2266 2229
f 2296 2199 2166
f 2199 2230 2200
f 2037 2009 2469
f 2328 2009 1909
f 2358 2359 2200
f 2267 2011 2231
f 2200 2359 2010
f 2011 2267 2167
f 2168 2122 2234
f 2202 2168 2234
f 1302 2041 2789
f 2204 2237 2272
f 2238 2204 2272
f 2171 2238 2384
f 2125 2091 2385
f 2205 2418 2361
f 2173 2443 2299
f 1862 2173 2299
f 2300 2301 2015
f 2015 2301 2175
f 2126 2128 2302
f 2043 2388 2094
f 2207 2094 2303
f 2209 2210 2211
f 2212 2305 2182
f 2182 2305 2241
f 2305 2212 2242
f 2243 2137 2241
f 2242 2138 2213
f 2244 2273 2140
f 2184 2275 2245
f 2214 2247 2141
f 2214 2338 2247
f 2393 2215 2108
f 2141 2247 2053
f 2278 2214 2142
f 2247 2216 2053
f 2310 1847 2714
f 2024 2248 2250
f 2024 2250 2187
f 2056 2251 2400
f 2342 2252 2219
f 2061 2343 2147
f 2314 2253 2190
f 2314 2286 2191
f 2192 2064 2256
f 2315 2151 2192
f 2455 1815 2456
f 2032 2316 2220
f 1965 2317 2257
f 2152 2193 2318
f 2152 2511 2349
f 2511 2152 2318
f 2287 2110 2350
f 2489 2110 1901
f 2111 2320 2221
f 2113 2514 2289
f 2113 2114 2514
f 2322 2377 2071
f 2352 2114 2001
f 2354 2196 2353
f 2324 2002 2158
f 2034 2224 2262
f 2198 2291 2197
f 2225 2292 2198
f 1933 2552 2081
f 2117 2380 2294
f 2118 2117 2294
f 2296 2166 2165
f 2358 2200 2230
f 2267 2231 2382
f 2268 2382 2231
f 2122 2470 2234
f 2085 2416 2122
f 2039 2521 2232
f 2233 2416 2085
f 2472 2039 2297
f 1942 2298 2201
f 2361 2500 2174
f 2174 2500 2386
f 2174 2386 2173
f 1862 2299 2206
f 2125 2385 2172
f 2175 2387 2364
f 2302 2363 2126
f 2043 2364 2388
f 2240 2593 2446
f 2096 2176 2503
f 2244 2243 2389
f 2307 2140 2273
f 2337 2307 2273
f 2245 2274 2184
f 2450 2185 2276
f 2338 2214 2278
f 2339 2279 2217
f 2217 2279 2248
f 2250 2280 2187
f 2280 2399 2187
f 2399 2281 2187
f 2251 2281 2400
f 2282 2312 2189
f 2283 2148 2147
f 2343 2061 2252
f 2283 2190 2148
f 2284 2286 2285
f 2285 2314 2190
f 2284 2404 2286
f 2286 2404 2254
f 2405 2255 2254
f 2315 2192 2256
f 2318 2193 2348
f 1998 2349 2258
f 2195 2112 2288
f 2112 2259 2288
f 2260 2376 2223
f 2376 2321 2223
f 2321 2322 2223
f 2353 2323 2378
f 2324 2352 2001
f 2262 2224 2410
f 2410 2224 2291
f 2224 2197 2291
f 2198 2292 2291
f 2116 2552 1933
f 2379 2161 2554
f 2161 2226 2554
f 2552 2293 2081
f 2293 2263 2081
f 2436 2226 2162
f 2162 2228 2436
f 2264 2380 2117
f 1977 2326 2357
f 2295 1977 2357
f 2037 2469 2266
f 2296 2230 2199
f 2330 2167 2267
f 2167 2330 2120
f 2233 2169 2497
f 2498 2417 2442
f 2234 2473 2202
f 2088 2523 2123
f 2270 2269 2332
f 1302 2789 2706
f 2235 2203 2271
f 2271 2360 2236
f 2237 2236 2360
f 1915 2239 2362
f 2362 2126 2363
f 2301 2387 2175
f 2240 2302 2128
f 2388 2335 2094
f 3557 1867 2336
f 2305 2242 2306
f 2241 2305 2306
f 2243 2241 2389
f 2213 2366 2242
f 2274 2366 2213
f 2390 2366 2274
f 2389 2273 2244
f 2391 2276 2307
f 2393 2308 2215
f 2367 2278 2185
f 2338 2426 2247
f 2278 2367 2309
f 2309 2338 2278
f 2218 2249 2483
f 2484 2144 2368
f 2453 2281 2399
f 2281 2453 2400
f 2540 2144 2188
f 2188 2146 2341
f 2059 2370 2541
f 2147 2343 2283
f 2283 2285 2190
f 2284 2285 2344
f 2372 2284 2345
f 2370 2313 2541
f 2285 2286 2314
f 2372 2404 2284
f 2315 2256 2406
f 2544 2151 2315
f 2151 2544 2346
f 2316 2346 2347
f 2316 2347 2407
f 2316 2407 2220
f 2373 2317 2220
f 2257 2348 2193
f 2739 2154 2319
f 2319 2154 2287
f 2156 2194 2111
f 2221 2320 2351
f 2260 2069 2490
f 2409 2195 2288
f 2321 2460 2322
f 2114 2352 2461
f 2323 2071 2377
f 2354 2290 2261
f 2159 2290 2411
f 2410 2291 2412
f 2159 2411 2325
f 2225 2161 2379
f 2293 2517 2263
f 2517 2227 2263
f 2227 2355 2264
f 2228 2265 2494
f 2357 2326 2437
f 2266 2415 2229
f 2382 2329 2267
f 2359 2497 2169
f 2122 2416 2470
f 2039 2472 2521
f 2203 2332 2526
f 2271 2527 2360
f 2754 903 1212
f 2094 2335 2303
f 2241 2306 2389
f 2366 2306 2242
f 2713 2394 2310
f 2215 2308 2425
f 2395 2215 2425
f 2310 2714 2713
f 2188 2341 2540
f 2282 2430 2312
f 2485 2252 2342
f 2345 2344 2283
f 2343 2345 2283
f 2283 2344 2285
f 2345 2284 2344
f 2372 2403 2404
f 2404 2405 2254
f 2256 2405 2406
f 2220 2407 2373
f 2257 2317 2348
f 2489 2409 2549
f 2111 2194 2375
f 2069 2351 2490
f 2114 2461 2514
f 2460 2377 2322
f 2262 2464 2158
f 2325 2411 2160
f 2291 2292 2466
f 2413 2292 2225
f 2413 2225 2379
f 2226 2436 2554
f 2355 2356 2264
f 2356 2380 2264
f 2228 2632 2436
f 2265 2163 2494
f 2295 2357 2327
f 2266 2469 2381
f 2518 2358 2230
f 2009 2328 2469
f 1911 2120 2328
f 2267 2329 2330
f 2330 2555 2120
f 2382 2268 2383
f 2123 2523 2417
f 2088 2475 2523
f 2238 2272 2384
f 2173 2386 2443
f 2206 2299 2333
f 2041 2334 2789
f 2206 2333 2334
f 2636 1010 2706
f 1010 2636 2093
f 2304 2176 2098
f 2389 2306 2423
f 2245 2390 2274
f 2245 2275 2449
f 2449 2275 2392
f 2246 2392 2275
f 2277 2392 2246
f 2394 2563 2393
f 2215 2395 2277
f 2247 2426 2216
f 2338 2309 2396
f 2396 2309 2397
f 2216 2426 2339
f 2451 2248 2279
f 2311 2483 2249
f 2398 2280 2250
f 2601 2055 2400
f 2055 2601 2282
f 2312 2485 2342
f 2485 2431 2252
f 2431 2369 2252
f 2252 2369 2343
f 2371 2345 2343
f 2345 2371 2372
f 2315 2508 2544
f 2373 2348 2317
f 2457 2374 2155
f 2194 2374 2408
f 2320 2111 2375
f 2490 2459 2260
f 2492 2259 2222
f 2377 2462 2323
f 2352 2463 2461
f 2462 2378 2323
f 2324 2577 2352
f 2464 2324 2158
f 2466 2292 2413
f 2517 2355 2227
f 2228 2494 2632
f 2326 2294 2437
f 2439 2165 2438
f 2439 2296 2165
f 2381 2415 2266
f 2232 2521 2677
f 2233 2471 2416
f 2497 2471 2233
f 2201 2383 2268
f 2677 2170 2232
f 2202 2473 2474
f 2013 2472 2297
f 2202 2331 2089
f 2474 2331 2202
f 2172 2385 2444
f 2172 2444 2590
f 2172 2590 2418
f 2556 2386 2500
f 2299 2443 2333
f 2589 2272 2237
f 2385 2476 2419
f 2301 2300 2420
f 2420 2387 2301
f 2302 2240 2446
f 2389 2422 2273
f 2367 2185 2450
f 2396 2426 2338
f 2397 2309 2482
f 2339 2428 2279
f 2218 2483 2429
f 2451 2398 2248
f 2248 2398 2250
f 2144 2540 2368
f 2146 2059 2717
f 2430 2401 2312
f 2717 2059 2541
f 2312 2401 2485
f 2371 2343 2369
f 2371 2402 2372
f 2372 2402 2403
f 2542 2406 2405
f 2406 2508 2315
f 2544 2620 2346
f 2620 2347 2346
f 2348 2373 2510
f 2487 2348 2510
f 2509 2154 2739
f 2155 2258 2457
f 2457 2408 2374
f 2194 2408 2375
f 2259 2491 2288
f 2259 2492 2491
f 2260 2459 2376
f 2352 2577 2463
f 2433 2354 2353
f 2262 2410 2464
f 2290 2435 2411
f 2410 2578 2434
f 2578 2410 2412
f 2291 2466 2412
f 2581 2380 2414
f 2357 2437 2583
f 2467 2327 2357
f 2163 2468 2494
f 2164 2229 2468
f 2120 2440 2328
f 2496 2330 2329
f 2234 2470 2473
f 2416 2520 2470
f 2383 2201 2678
f 2752 2298 2498
f 2678 2201 2298
f 2237 2360 2501
f 2237 2501 2589
f 2272 2499 2384
f 2385 2384 2499
f 2385 2499 2476
f 2385 2419 2444
f 1212 1915 2754
f 2363 2591 2362
f 2387 2420 2477
f 2387 2477 2364
f 2477 2388 2364
f 2388 2478 2335
f 2336 2208 2766
f 2389 2423 2422
f 2423 2306 2366
f 2390 2424 2366
f 2424 2423 2366
f 2245 2448 2390
f 2424 2390 2448
f 2307 2337 2447
f 2449 2448 2245
f 2391 2307 2447
f 2276 2391 2640
f 2276 2640 2450
f 2534 2393 2563
f 2367 2482 2309
f 2505 2426 2396
f 2397 2482 2427
f 2427 2396 2397
f 2426 2428 2339
f 2368 2568 2484
f 2400 2453 2601
f 2432 2369 2431
f 2369 2432 2371
f 2432 2402 2371
f 2404 2403 2603
f 2620 2545 2347
f 2347 2545 2407
f 2486 2373 2407
f 2487 2318 2348
f 2511 2318 2623
f 2349 2570 2258
f 2258 2570 2457
f 2548 2350 2110
f 2408 2457 2488
f 2458 2409 2288
f 2222 2289 2493
f 2460 2662 2377
f 2462 2377 2662
f 2550 2378 2462
f 2353 2378 2433
f 2628 2324 2464
f 2354 2433 2465
f 2354 2465 2290
f 2290 2465 2435
f 2464 2410 2434
f 2700 2466 2413
f 2379 2553 2413
f 2380 2581 2582
f 2380 2582 2294
f 2634 2518 2230
f 2585 2359 2358
f 2330 2496 2555
f 2586 2498 2442
f 2417 2523 2442
f 2013 2331 2472
f 2088 2170 2475
f 2526 2332 2524
f 2271 2203 2526
f 2271 2526 2527
f 2636 2610 2093
f 2093 2610 2300
f 2362 2445 1915
f 2304 1656 3102
f 2423 2424 2422
f 2273 2422 2447
f 2337 2273 2447
f 2449 2392 2504
f 2534 2308 2393
f 2505 2428 2426
f 2340 2143 2536
f 2451 2279 2567
f 2398 2452 2280
f 2280 2452 2399
f 2399 2600 2453
f 2282 2454 2430
f 2430 2454 2401
f 2406 2543 2508
f 2547 2487 2510
f 2548 2110 2489
f 2571 2548 2489
f 2320 2572 2351
f 2458 2549 2409
f 2513 2490 2351
f 2574 2321 2376
f 2514 2493 2289
f 2461 2575 2514
f 2462 2697 2550
f 2378 2550 2433
f 2435 2515 2411
f 2578 2412 2629
f 2412 2466 2629
f 2411 2515 2160
f 2160 2516 2116
f 2554 2436 2607
f 2356 2414 2380
f 2582 2437 2294
f 2467 2438 2327
f 2495 2229 2415
f 2230 2296 2634
f 2584 2585 2518
f 2585 2358 2518
f 2120 2555 2440
f 2586 2442 2441
f 2443 2386 2525
f 2334 2333 2637
f 2445 2362 2591
f 2302 2528 2363
f 2302 2446 2528
f 2480 2424 2448
f 2424 2480 2481
f 2422 2424 2481
f 2447 2422 2481
f 2480 2448 2562
f 2533 2562 2448
f 2533 2448 2449
f 2449 2504 2533
f 2308 2534 2425
f 2396 2427 2598
f 2396 2598 2505
f 2427 2482 2598
f 2714 2340 2566
f 2279 2428 2599
f 2279 2599 2567
f 2483 2311 2537
f 2452 2600 2399
f 2485 2401 2716
f 2432 2506 2402
f 2402 2506 2403
f 2603 2403 2507
f 2404 2603 2405
f 2406 2542 2543
f 2407 2545 2486
f 2486 2510 2373
f 2493 2492 2222
f 2576 2575 2461
f 2460 2743 2662
f 2433 2550 2627
f 2465 2433 2627
f 2324 2628 2577
f 2515 2516 2160
f 2516 2552 2116
f 2552 2668 2293
f 2668 2517 2293
f 2379 2554 2553
f 2583 2467 2357
f 2670 2494 2468
f 2783 2468 2229
f 2495 2783 2229
f 2296 2439 2671
f 2296 2671 2634
f 2469 2672 2381
f 2519 2469 2328
f 2585 2497 2359
f 2382 2496 2329
f 2497 2728 2471
f 2416 2522 2520
f 2416 2471 2522
f 2441 2442 2523
f 2272 2589 2499
f 2419 2476 2588
f 2444 2419 2588
f 2754 1915 2761
f 2761 1915 2445
f 2477 2558 2388
f 2558 2478 2388
f 2208 2559 2766
f 2559 2208 2303
f 1867 3557 1496
f 1719 3194 2529
f 2531 2530 2480
f 2480 2530 2481
f 2447 2481 2532
f 2686 2450 2640
f 2394 2713 2563
f 2450 2535 2367
f 2367 2535 2482
f 2535 2598 2482
f 2428 2505 2596
f 2143 2429 2536
f 2398 2644 2452
f 2311 2484 2537
f 2600 2538 2453
f 2146 2717 2770
f 2282 2646 2454
f 2507 2403 2506
f 2313 2149 2772
f 2405 2654 2542
f 2772 2149 2826
f 2546 2547 2510
f 2487 2547 2623
f 2487 2623 2318
f 2570 2512 2457
f 2457 2512 2488
f 2571 2489 2549
f 2320 2375 2572
f 2659 2513 2351
f 2513 2459 2490
f 2743 2460 2321
f 2576 2461 2663
f 2663 2461 2463
f 2663 2463 2577
f 2465 2551 2435
f 2435 2579 2515
f 2517 2782 2355
f 2355 2782 2356
f 2630 2553 2554
f 2783 2670 2468
f 2519 2672 2469
f 2586 2752 2498
f 2383 2678 2729
f 2332 2269 2730
f 2609 2680 2418
f 2386 2556 2525
f 2418 2500 2361
f 2333 2443 2557
f 2502 2363 2528
f 2528 2446 2638
f 2176 2846 2503
f 2176 2304 2846
f 1593 3102 1656
f 2612 2481 2530
f 2531 2480 2562
f 2391 2447 2595
f 2640 2391 2595
f 2392 2564 2504
f 2277 2564 2392
f 2277 2395 2564
f 2596 2505 2565
f 2565 2505 2598
f 2340 2536 2613
f 2567 2644 2451
f 2398 2451 2644
f 2537 2484 2568
f 2601 2453 2539
f 2453 2538 2539
f 2616 2432 2431
f 2506 2432 2616
f 2542 2654 2543
f 2486 2622 2510
f 2510 2622 2546
f 2349 2511 2570
f 2319 2287 2350
f 2351 2572 2659
f 2513 2624 2459
f 2573 2458 2288
f 2459 2574 2376
f 2492 2493 2604
f 2574 2660 2321
f 2743 2321 2660
f 2514 2720 2493
f 2514 2575 2720
f 2551 2579 2435
f 2629 2466 2700
f 2436 2632 2607
f 2607 2632 2876
f 2632 2494 2670
f 2495 2415 2633
f 2585 2674 2497
f 2676 2496 2382
f 2497 2674 2728
f 2383 2676 2382
f 2587 2441 2523
f 2679 2170 2677
f 2523 2475 2587
f 2499 2589 2757
f 2526 2524 2707
f 2443 2525 2557
f 2591 2363 2502
f 2477 2592 2558
f 2477 2420 2592
f 3101 2639 2421
f 2530 2531 2684
f 2686 2535 2450
f 2534 2642 2425
f 2642 2395 2425
f 2599 2428 3007
f 2566 2340 2613
f 2452 2615 2600
f 2601 2539 2857
f 2454 2716 2401
f 2485 2716 2616
f 2485 2616 2431
f 2616 2569 2506
f 2149 2455 2826
f 2544 2508 2619
f 2546 2622 2657
f 2547 2546 2738
f 2740 2511 2623
f 2739 2319 3245
f 2350 2548 2693
f 2375 2408 2804
f 2288 2491 2696
f 2604 2491 2492
f 2625 2663 2577
f 2577 2628 2665
f 2605 2578 2629
f 2747 2516 2515
f 2700 2413 2667
f 2667 2413 2553
f 2666 2580 2516
f 2516 2580 2552
f 2630 2554 2607
f 2438 2702 2439
f 2518 2634 2584
f 2440 2519 2328
f 2496 2635 2555
f 2470 2675 2473
f 2470 2520 2675
f 2787 2677 2521
f 2521 2472 2787
f 2298 2752 2678
f 2332 2730 2524
f 2360 2527 2608
f 2333 2557 2756
f 2300 2732 2420
f 2528 2638 2502
f 2503 3034 2479
f 2365 2529 2683
f 2561 2530 2684
f 2612 2530 2561
f 2532 2481 2612
f 2612 2768 2532
f 2531 2562 2685
f 2562 2533 2712
f 2595 2447 2594
f 2447 2532 2594
f 2504 2712 2533
f 2395 2641 2564
f 2596 2565 2687
f 2395 2642 2641
f 2535 2597 2598
f 2596 2735 2428
f 2643 2567 2599
f 2688 2483 2537
f 2644 2615 2452
f 2146 2770 2341
f 2647 2617 2616
f 2617 2602 2651
f 2616 2617 2569
f 2506 2569 2507
f 2507 2569 2652
f 2603 2507 2652
f 2654 2619 2543
f 2543 2619 2508
f 2545 2620 2656
f 2545 2656 2486
f 2622 2486 2621
f 2408 2488 2804
f 2288 2696 2573
f 2459 2624 2574
f 2604 2493 2720
f 2575 2576 2744
f 2462 2662 2697
f 2465 2664 2551
f 2464 2434 2628
f 2699 2434 2578
f 2605 2699 2578
f 2579 2747 2515
f 2516 2606 2666
f 2552 2580 2668
f 2668 2782 2517
f 2782 2631 2356
f 2581 2414 2725
f 2437 2582 2583
f 2467 2702 2438
f 2783 2701 2670
f 2634 2673 2584
f 2440 2882 2519
f 2440 2555 2882
f 2635 2496 2676
f 2840 2441 2587
f 2752 2841 2678
f 2703 2331 2474
f 2501 2360 2608
f 2444 2588 2590
f 2500 2418 2680
f 2500 2680 2788
f 2333 2756 2637
f 2476 2499 2705
f 2609 2418 2590
f 2591 2502 2762
f 2638 2446 2708
f 2446 2593 2708
f 1593 2683 3102
f 2685 2562 2712
f 2532 2768 2594
f 2595 2594 2823
f 2640 2595 2734
f 2598 2597 2565
f 2854 2735 2596
f 2536 2429 2614
f 2567 2643 2644
f 2568 2368 2645
f 2600 2615 2538
f 2615 2689 2538
f 2797 2282 2601
f 2454 2646 2716
f 2648 2602 2737
f 2647 2737 2602
f 2617 2647 2602
f 2651 2602 2648
f 2690 2651 2648
f 2651 2650 2617
f 2405 2603 2653
f 2405 2653 2654
f 2619 2654 2718
f 2544 2619 2620
f 2656 2621 2486
f 2509 2739 3011
f 2512 2570 2865
f 2741 2488 2512
f 2571 2549 2832
f 2574 2624 2805
f 2805 2742 2574
f 2660 2574 2742
f 2720 2575 2661
f 2627 2664 2465
f 2577 2665 2625
f 2664 2721 2551
f 2434 2699 2628
f 2606 2516 2747
f 2553 2630 2667
f 2356 2631 2414
f 2881 2671 2439
f 2672 2415 2381
f 2586 2883 2752
f 2586 2441 2883
f 2728 2522 2471
f 2500 2788 2731
f 2334 2637 2789
f 2526 2707 2527
f 2501 2757 2589
f 2525 2760 2557
f 2762 2502 2791
f 2592 2763 2558
f 2638 2708 2765
f 2335 2682 2303
f 2682 2335 2478
f 2733 2561 2684
f 2684 2531 2711
f 2711 2531 2685
f 2709 2612 2561
f 2504 2564 2793
f 2794 2687 2565
f 2564 2641 3199
f 2794 2565 2597
f 2687 2854 2596
f 2534 2641 2642
f 2614 2429 2483
f 2651 2690 2649
f 2617 2650 2569
f 2650 2651 2652
f 2650 2652 2569
f 2541 2313 2772
f 2652 2651 2649
f 2652 2649 2691
f 2619 2718 2618
f 2619 2618 2620
f 2455 2456 2655
f 2692 2656 2620
f 2509 2655 2456
f 2655 2509 3011
f 2622 2621 2657
f 2657 2738 2546
f 2912 2547 2738
f 2623 2547 2912
f 2511 2831 2570
f 2832 2549 2658
f 2375 2695 2572
f 2549 2458 2658
f 2951 2624 2513
f 2576 2663 2744
f 2697 2626 2550
f 2550 2626 2627
f 2627 2626 2664
f 2551 2722 2579
f 2605 2629 2700
f 2606 2723 2666
f 2631 2725 2414
f 2607 2876 2630
f 2750 2581 2725
f 2581 2750 2582
f 2583 2582 2878
f 2632 2670 2669
f 2439 2702 2881
f 2880 2495 2633
f 2633 2415 2784
f 2415 2672 2784
f 2634 2671 2673
f 2441 2840 2883
f 2473 2839 2474
f 3026 2676 2383
f 2729 3026 2383
f 2753 2331 2703
f 2170 2679 2475
f 2475 2704 2587
f 2499 2757 2811
f 2476 2705 2588
f 2590 2588 3029
f 2500 2731 2556
f 2525 2731 2760
f 2706 2789 2681
f 2731 2525 2556
f 2445 2591 2762
f 2420 2732 2592
f 2763 2792 2558
f 2502 2638 2765
f 2303 2682 2559
f 2792 2682 2478
f 2766 3557 2336
f 2709 2561 2733
f 2612 2709 2767
f 2612 2767 2768
f 2793 2712 2504
f 2894 2563 2713
f 2713 2714 2795
f 2599 2856 2643
f 2644 2972 2615
f 2645 2368 2715
f 2538 2689 2539
f 2540 2341 2974
f 2282 2797 2646
f 2797 2771 2646
f 2646 2771 2716
f 2647 2907 2737
f 2652 2653 2603
f 2799 2718 2654
f 2620 2618 2692
f 2775 2657 2621
f 2775 2738 2657
f 2831 2511 2740
f 2865 2570 2831
f 2350 2693 2319
f 2548 2694 2693
f 2548 2571 2694
f 2375 2804 2695
f 2695 3150 2572
f 2805 2624 2951
f 2662 2743 2745
f 2697 2662 2745
f 2665 2628 2698
f 2721 2722 2551
f 2628 2699 2698
f 2579 2746 2747
f 2579 2722 2746
f 2668 2580 2782
f 2749 2725 2631
f 2670 2701 2669
f 2701 2783 2726
f 2783 2495 2880
f 2673 2959 2584
f 2584 2959 2585
f 2585 2959 2674
f 2786 2635 2676
f 2839 2703 2474
f 2678 2841 2729
f 2679 2704 2475
f 2269 903 2730
f 2524 2730 3131
f 2590 3029 2609
f 2557 2760 2756
f 2499 2811 2755
f 2705 2499 2755
f 2790 2592 2732
f 2592 2790 2763
f 2763 2764 2792
f 2558 2792 2478
f 2846 3034 2503
f 2684 2711 2710
f 2823 2734 2595
f 2824 2687 2794
f 2855 2534 2563
f 2597 2535 2686
f 3007 2428 2735
f 2736 2613 2536
f 2536 2614 2736
f 2715 2368 2540
f 2615 2897 2689
f 2539 2769 2857
f 2648 2860 2690
f 2649 2690 2691
f 2690 2862 2691
f 2773 2691 2862
f 2652 2691 2773
f 2800 2718 2799
f 2656 2827 2621
f 2828 2802 2621
f 2802 2775 2621
f 2912 2864 2623
f 2804 2488 2741
f 2572 3088 2659
f 2658 2458 2573
f 2491 2777 2696
f 2575 2744 2661
f 2833 2663 2625
f 2721 2626 2779
f 2664 2626 2721
f 2698 2699 2869
f 2699 2605 2871
f 2605 2700 2748
f 2700 2667 2748
f 2667 2630 2724
f 2630 2876 2874
f 2876 2632 2669
f 2750 2878 2582
f 2784 2727 2633
f 2785 2784 2672
f 2674 2922 2728
f 2675 2839 2473
f 3026 2786 2676
f 2677 2787 2679
f 2331 2753 2472
f 2588 2705 3029
f 2760 2731 2928
f 2788 2680 2759
f 2763 2790 2764
f 2479 3034 2817
f 2304 3102 2963
f 2710 2733 2684
f 2709 2733 2819
f 2564 3199 2793
f 2687 2824 2854
f 2640 2734 2853
f 2640 2853 2686
f 2563 2894 2855
f 2736 2614 3240
f 2643 3111 2644
f 2769 2539 2689
f 2716 2798 2616
f 2541 2861 2717
f 2616 2798 2647
f 2652 2773 2653
f 2773 2799 2653
f 2653 2799 2654
f 2618 2718 2692
f 2828 2621 2827
f 2740 2623 2864
f 2738 2776 2912
f 2950 2693 2694
f 2604 2777 2491
f 2742 2805 2866
f 2604 2720 2719
f 2778 2660 2742
f 2743 2660 2778
f 2743 2915 2745
f 2745 2807 2697
f 2697 2807 2626
f 2721 2779 2780
f 2722 2721 2780
f 2606 2919 2723
f 2782 2836 2631
f 2725 2749 2920
f 2750 2725 2808
f 2726 2879 2701
f 2880 2633 2727
f 2671 2751 2673
f 2837 2784 2785
f 2785 2672 2519
f 2674 2959 2922
f 3024 2520 2522
f 2522 2728 2987
f 2926 2840 2587
f 2841 2752 2883
f 2637 2756 2844
f 2501 2608 2757
f 2680 2609 2759
f 2609 2758 2759
f 2810 2788 2759
f 2754 2761 3192
f 2791 2502 2765
f 2682 2814 2559
f 2814 2682 2792
f 2846 2962 3034
f 2820 2818 2710
f 2819 2733 2818
f 2818 2733 2710
f 2709 2851 2767
f 2712 2940 2685
f 2823 2594 2768
f 2853 2597 2686
f 2794 2597 2942
f 3007 2856 2599
f 2614 2483 2688
f 2972 2644 3111
f 3274 2568 2645
f 2645 2715 2973
f 2615 3203 2897
f 2715 2540 3140
f 2797 2601 2857
f 2737 2907 2648
f 2860 2648 2944
f 2860 2862 2690
f 2718 2801 2692
f 2692 2827 2656
f 2803 2738 2775
f 2803 2776 2738
f 2865 2741 2512
f 2804 2741 2913
f 2571 2832 2694
f 2914 2832 2658
f 2695 2804 2978
f 2513 2659 2951
f 2573 3014 2658
f 2777 2604 2719
f 2719 2720 2806
f 2806 2720 2661
f 2663 2833 2917
f 2807 2779 2626
f 2665 2698 2918
f 2699 2871 2869
f 2722 2834 2746
f 2872 2871 2605
f 2746 2953 2747
f 2666 2781 2580
f 2580 2781 2782
f 2724 2630 2874
f 2920 2873 2808
f 2725 2920 2808
f 3127 2878 2750
f 2467 2583 2878
f 2669 2701 2879
f 2839 2675 3023
f 2520 3024 2675
f 2787 2842 2679
f 2587 2704 2926
f 2754 3027 903
f 2755 2809 2705
f 2929 2731 2812
f 2789 3222 2681
f 2809 2755 2811
f 2731 2788 2927
f 2610 2732 2300
f 2445 2762 2885
f 2762 2791 2887
f 2791 2765 2889
f 2813 2792 2764
f 2421 1837 3293
f 2304 2963 2846
f 2851 2709 2819
f 2852 2850 2711
f 2710 2711 2850
f 2711 2822 2852
f 2822 2711 2685
f 2767 2970 2768
f 2767 2821 2970
f 2853 2942 2597
f 2688 2537 2896
f 2796 2537 2568
f 2972 3203 2615
f 2898 2689 2897
f 2689 2898 2769
f 2771 2798 2716
f 2907 2944 2648
f 2541 2772 2861
f 2773 2862 2774
f 2773 2774 2799
f 2718 2909 2801
f 2801 2863 2692
f 2802 2977 2775
f 3011 2739 3245
f 2864 2831 2740
f 2777 3149 2696
f 2917 2744 2663
f 2665 2833 2625
f 2747 2953 2606
f 2872 2605 2748
f 2723 2919 2954
f 2723 2781 2666
f 2748 2667 2835
f 2835 2667 2724
f 2836 2749 2631
f 2920 2982 2873
f 2873 2875 2808
f 2879 2726 3187
f 2783 2880 2726
f 2921 2959 2673
f 3094 2519 2882
f 2987 2728 3397
f 2882 2555 3025
f 2987 3024 2522
f 2840 2926 2924
f 2753 2703 3164
f 2472 2753 2787
f 2787 2753 2842
f 2730 903 3027
f 2705 2809 3029
f 2608 2527 2707
f 2609 3029 2758
f 2759 2758 2843
f 2731 2927 2812
f 2761 2445 2885
f 2885 2762 2886
f 2732 2997 2790
f 2886 2762 2887
f 2791 2889 2887
f 2813 2814 2792
f 2765 2708 2889
f 2593 3101 2816
f 2639 3101 2593
f 2848 2818 2820
f 2893 2819 2818
f 2850 2820 2710
f 2767 2851 2821
f 2685 2940 2822
f 2793 2940 2712
f 2794 2942 2825
f 2855 2641 2534
f 2714 2566 2795
f 2735 3173 3007
f 2796 2568 3274
f 3274 2645 2973
f 2540 2974 3140
f 2647 2905 2907
f 2905 2647 2798
f 2945 2799 2774
f 2800 2799 2945
f 2718 2800 2909
f 2910 2802 2828
f 2803 2775 2977
f 2803 2829 2776
f 2831 2911 2865
f 2776 2946 2912
f 3245 2319 2693
f 2979 2695 2978
f 2805 2951 2866
f 2573 2696 3014
f 2868 2719 2806
f 2778 2742 2866
f 2778 2915 2743
f 2915 3054 2745
f 2807 2745 3054
f 2722 2780 2834
f 2782 2781 2836
f 2877 2808 2875
f 2808 2877 2750
f 2877 3127 2750
f 2467 3186 2702
f 2702 3218 2881
f 2726 2880 2984
f 2881 2751 2671
f 2727 2784 2958
f 2957 2921 2673
f 2958 2784 2837
f 2785 2519 3094
f 2635 2838 3025
f 2838 2635 2786
f 2707 2524 3131
f 2788 2810 2992
f 2731 2929 2928
f 2928 2996 2760
f 2756 2996 2845
f 2844 2756 2845
f 2637 2844 2789
f 3192 3027 2754
f 2757 2994 2884
f 2811 2757 2884
f 2759 2843 2810
f 2788 2992 2927
f 2813 2764 2932
f 2888 2813 2932
f 2814 2813 2888
f 2708 2816 2815
f 2593 2816 2708
f 2814 3001 2559
f 2559 3001 2766
f 3297 3295 2611
f 2817 3297 2611
f 2935 2847 2936
f 2936 2847 2892
f 2848 2849 2892
f 2848 2820 2849
f 2848 2938 2893
f 2820 2850 2849
f 2818 2848 2893
f 2967 2849 2850
f 2893 2851 2819
f 2852 2967 2850
f 2851 3043 2821
f 2768 2970 2823
f 2824 2794 2825
f 3270 2824 2825
f 2894 2713 2795
f 3074 2566 2613
f 3111 3112 2972
f 3203 2943 2897
f 2769 2898 2899
f 2857 2769 2899
f 2857 2858 2797
f 2797 2858 2771
f 2974 2341 2770
f 3008 2770 2717
f 2858 2859 2771
f 2798 2771 2859
f 2798 2859 2906
f 2907 2904 2944
f 2906 2905 2798
f 2860 2908 2862
f 2862 3048 2774
f 2801 3010 2863
f 2863 2827 2692
f 2828 3083 2910
f 2910 2975 2976
f 2976 2802 2910
f 2776 2829 2830
f 2911 2831 2864
f 2865 2947 2741
f 2913 2741 2947
f 2694 2832 2914
f 2804 2913 2978
f 2572 3150 3088
f 2659 3088 2951
f 2696 3149 3014
f 2719 3017 2777
f 2719 2868 2867
f 2807 3054 2779
f 2952 2779 3054
f 2918 2833 2665
f 2746 2834 2870
f 2919 2606 2953
f 2723 2954 2781
f 2724 2874 2835
f 2920 3020 2982
f 2956 2467 2878
f 3021 2669 2879
f 2726 2984 3187
f 2957 2673 2751
f 3094 2882 2960
f 2839 3059 3095
f 2839 3023 3059
f 3024 3023 2675
f 2635 3025 2555
f 2840 2923 2883
f 2841 2883 2925
f 2926 2704 2990
f 2679 2842 2704
f 2707 3223 2608
f 2757 2608 2994
f 2811 3028 2809
f 2812 2927 2929
f 2930 2886 2887
f 2932 2790 2997
f 2790 2932 2764
f 2708 2815 2889
f 2814 2933 3001
f 3294 1837 1866
f 1496 3557 2890
f 3294 1866 3295
f 1719 2560 3194
f 2892 2966 2936
f 2937 2938 2847
f 2938 2891 2847
f 2847 2891 2892
f 2891 2848 2892
f 2938 2848 2891
f 2851 2893 3041
f 2851 3041 3043
f 2822 2969 2852
f 2940 2793 2941
f 2823 2970 3046
f 2793 3199 2941
f 2853 2734 3110
f 3270 2854 2824
f 2641 2855 3199
f 2613 2736 3238
f 2898 2897 2943
f 2900 2898 2943
f 2899 2898 2900
f 2899 2858 2857
f 2858 2899 2902
f 2899 2900 2902
f 2858 2902 2859
f 2900 2903 2902
f 3079 2717 3047
f 2859 2902 2903
f 2904 2900 2901
f 2903 2900 2904
f 2906 2903 2905
f 2903 2906 2859
f 2903 2904 2907
f 2905 2903 2907
f 3048 2862 2908
f 2909 2800 2945
f 2826 2455 2655
f 2865 2911 2947
f 2864 2912 2948
f 2948 2912 2946
f 2830 2946 2776
f 2947 2949 2913
f 2914 2658 3014
f 3150 2695 2979
f 3149 2777 3017
f 2806 2661 2916
f 2661 2744 2916
f 2744 2917 2916
f 2780 2779 2952
f 2698 3185 2918
f 2834 3055 2870
f 2872 2748 3019
f 2748 2835 3019
f 2954 2981 2781
f 2836 2781 2981
f 2955 2873 2982
f 2873 2955 2875
f 2874 2876 2983
f 2876 2669 2983
f 2984 2880 2958
f 2958 2880 2727
f 2839 3095 2703
f 2840 2924 2923
f 3026 2729 2989
f 2841 2989 2729
f 2704 2842 2990
f 2809 2995 3029
f 3131 2993 2707
f 2811 3030 3028
f 2843 2758 3029
f 3032 2928 2929
f 2996 2756 2760
f 2610 3291 2732
f 2930 2885 2886
f 2930 2887 2931
f 2887 2889 2961
f 2932 2999 2888
f 2961 2889 3000
f 2933 2814 2888
f 3102 3265 2963
f 2965 2935 2934
f 2965 2847 2935
f 2966 3070 2936
f 2937 2847 2965
f 2939 2966 2892
f 2892 2849 2939
f 3072 2939 2849
f 2893 2938 3005
f 2849 2967 3072
f 2893 3005 3041
f 3006 3072 2967
f 2967 2852 2968
f 2969 2968 2852
f 2821 3043 2970
f 3198 2940 2941
f 2970 3045 3046
f 3046 2734 2823
f 2895 2854 3270
f 2854 2895 2735
f 3074 2795 2566
f 3009 2901 2943
f 2943 2901 2900
f 2974 2770 3008
f 2717 3079 3008
f 2901 3009 2904
f 2904 3009 2944
f 2774 3048 2945
f 2909 2945 3049
f 2828 2827 3083
f 2976 2977 2802
f 3050 2803 2977
f 3050 2829 2803
f 2911 2864 3051
f 2864 2948 3051
f 3245 2693 3246
f 2950 3246 2693
f 2913 3015 2978
f 3123 2719 2867
f 3125 2918 3185
f 2869 3156 2698
f 3055 2834 2780
f 3055 3090 2870
f 3090 2746 2870
f 2746 3090 2953
f 2919 2953 3158
f 2749 2836 3056
f 2877 2875 3216
f 2983 2669 3021
f 3093 2751 2881
f 2986 2958 2837
f 2728 2922 3397
f 2882 3025 2960
f 3096 3025 2838
f 3189 2838 2786
f 3164 2703 3095
f 2924 2988 2923
f 3026 2989 3346
f 2992 2810 3031
f 2928 3225 2996
f 2681 2636 2706
f 2707 2993 3223
f 2608 3223 3061
f 2811 2884 3030
f 3291 2997 2732
f 3062 2932 2997
f 2931 2887 2961
f 2932 3099 2999
f 2888 2999 2933
f 2999 3100 2933
f 2933 3100 3001
f 3293 1837 3294
f 3034 3002 3064
f 2962 3002 3034
f 2934 2935 3037
f 2935 2936 3037
f 2965 2934 2964
f 2937 2965 3038
f 3039 2938 2937
f 3006 3107 3072
f 2967 2968 3006
f 3109 2969 2822
f 2822 2940 3109
f 3109 2940 3198
f 3046 3110 2734
f 2613 3238 3074
f 2736 3240 3238
f 2856 3111 2643
f 2796 2896 2537
f 2973 2715 3076
f 3076 2715 3140
f 2943 3114 3009
f 2717 2861 3047
f 3049 3010 2909
f 2909 3010 2801
f 2863 3116 2827
f 2829 3013 2830
f 2947 2911 3051
f 2949 3053 2913
f 3016 2914 3014
f 3151 3088 3150
f 2866 2951 3183
f 2719 3123 3017
f 2866 3153 2778
f 2915 2778 3153
f 2806 3124 2868
f 2917 3089 2916
f 2780 2952 3212
f 3156 3185 2698
f 2872 3091 2871
f 3019 2835 3092
f 3092 2835 2874
f 3056 3159 2749
f 2920 2749 3159
f 3057 2955 2982
f 2874 2983 3126
f 3127 3286 2878
f 2879 3187 3021
f 3218 2702 3186
f 3093 2881 3218
f 2921 2957 2985
f 2785 3022 2837
f 2838 3189 3096
f 2924 2926 3165
f 2926 2990 3165
f 2991 2753 3164
f 2608 3061 2994
f 3030 2884 3098
f 3029 2995 3060
f 2810 2843 3031
f 2761 2885 3226
f 3062 3099 2932
f 2961 3000 2998
f 2889 2815 3000
f 2766 3435 3557
f 3435 2766 3001
f 3002 2962 3003
f 3135 2962 2846
f 2934 3037 3068
f 2936 3004 3037
f 3070 3004 2936
f 2964 3038 2965
f 2937 3038 3039
f 3039 3005 2938
f 3041 3042 3043
f 3044 2970 3043
f 3073 2825 2942
f 2853 3073 2942
f 2855 2894 2971
f 2894 2795 2971
f 2895 3304 2735
f 2856 3239 3111
f 2896 3241 2688
f 3203 3174 2943
f 3174 3114 2943
f 3140 2974 3077
f 3114 3078 3009
f 3078 3327 3009
f 3009 3327 2944
f 2860 3204 2908
f 2863 3141 3116
f 3083 2827 3118
f 3118 2827 3116
f 3011 3245 3330
f 3083 3143 2910
f 3143 2975 2910
f 2975 3084 2976
f 3143 3084 2975
f 3012 2976 3084
f 2977 2976 3012
f 3012 3050 2977
f 2829 3120 3013
f 2946 2830 3013
f 3146 2946 3013
f 2947 3051 2949
f 3122 2946 3146
f 3122 2948 2946
f 3122 3121 2948
f 3053 2949 3052
f 2950 2694 3247
f 2694 2914 3247
f 2913 3148 3015
f 2979 3087 3150
f 2978 3015 2979
f 2951 3088 3183
f 3014 3149 3016
f 2867 2868 3154
f 2833 3089 2917
f 2833 3125 3089
f 3125 2833 2918
f 2780 3212 3055
f 2871 3157 2869
f 2919 3158 3361
f 3361 2954 2919
f 2954 3361 2981
f 2836 2981 3056
f 3020 2920 3159
f 3057 2982 3020
f 2955 3057 3058
f 2955 3058 2875
f 3186 2467 2956
f 3161 2957 3093
f 2751 3093 2957
f 2957 3161 2985
f 2986 3162 2958
f 2959 2921 2985
f 3219 3189 2786
f 2786 3026 3219
f 2923 2925 2883
f 2842 2991 2990
f 2753 2991 2842
f 2809 3028 2995
f 2929 3259 3032
f 2761 3226 3192
f 2885 2930 3226
f 2961 3033 2931
f 2961 2998 3033
f 3099 3133 2999
f 3133 3100 2999
f 2890 2560 1496
f 2846 2963 3135
f 3103 3064 3002
f 3002 3067 3103
f 3067 3002 3035
f 3002 3003 3035
f 3035 3036 3067
f 3036 3035 3066
f 3066 3068 3036
f 2964 2934 3069
f 3004 3070 3137
f 3069 3106 2964
f 3106 3038 2964
f 3041 3005 3040
f 3043 3042 3044
f 2968 2969 3006
f 2970 3044 3045
f 2853 3110 3073
f 2855 2971 3200
f 2856 3007 3324
f 3240 2614 3075
f 2972 3113 3203
f 2944 3176 2860
f 3177 3048 2908
f 2772 2826 3082
f 3049 3115 3010
f 3115 3141 3010
f 2863 3010 3141
f 3050 3120 2829
f 2949 3051 3052
f 3051 2948 3052
f 2913 3053 3148
f 3015 3148 3333
f 3148 3182 3333
f 3123 3152 3017
f 2868 3124 3154
f 2806 3155 3124
f 2916 3155 2806
f 2869 3157 3156
f 3055 3336 3090
f 2980 2953 3090
f 2872 3019 3091
f 2874 3126 3092
f 3215 3057 3020
f 3284 2983 3021
f 2785 3094 3022
f 3397 3255 2987
f 3164 3095 3163
f 3165 2988 2924
f 2923 3190 2925
f 2789 2844 3222
f 3290 3223 2993
f 2884 2994 3098
f 2992 3031 3258
f 3032 3259 3225
f 3225 2928 3032
f 3262 2636 2681
f 2636 3262 2610
f 3192 3226 3621
f 3169 3001 3100
f 2962 3135 3003
f 3065 3035 3003
f 3065 3066 3035
f 3136 3103 3067
f 3036 3068 3067
f 3068 3136 3067
f 3104 3068 3066
f 3068 3037 3136
f 3104 2934 3068
f 2934 3104 3069
f 3106 3069 3105
f 3106 3172 3038
f 3038 3172 3039
f 3070 2966 2939
f 3042 3041 3197
f 3006 3108 3107
f 3006 2969 3108
f 2941 3322 3198
f 2941 3199 3322
f 3404 2855 3200
f 3304 3173 2735
f 3173 3324 3007
f 3112 3113 2972
f 2944 3327 3176
f 3047 2861 3080
f 3176 3204 2860
f 2861 2772 3080
f 2908 3204 3177
f 3048 3205 2945
f 2945 3205 3049
f 3011 3330 2655
f 3119 3145 3012
f 3012 3145 3050
f 3145 3085 3050
f 3050 3085 3120
f 3053 3086 3148
f 3153 2866 3183
f 2867 3211 3123
f 3211 2867 3154
f 3054 2915 3250
f 2916 3089 3184
f 3054 3482 2952
f 2871 3018 3157
f 2871 3091 3018
f 3126 2983 3284
f 3217 3284 3021
f 3217 3021 3128
f 3187 3128 3021
f 2984 2958 3162
f 3022 3129 2837
f 2959 3288 2922
f 3288 3397 2922
f 3023 3130 3059
f 3024 2987 3255
f 3255 3023 3024
f 2925 2989 2841
f 3131 2730 3367
f 2843 3029 3060
f 2996 3225 3166
f 2996 3166 2845
f 2994 3061 3097
f 3221 3028 3098
f 3098 3028 3030
f 3167 2927 2992
f 3350 2927 3167
f 2844 2845 3168
f 3291 3062 2997
f 2931 3132 2930
f 3132 2931 3033
f 3033 2998 3229
f 2998 3000 3229
f 3134 3100 3133
f 3169 3100 3134
f 3229 3000 2815
f 3034 3064 3063
f 3003 3135 3065
f 2683 2529 3494
f 3066 3065 3195
f 3195 3232 3066
f 3232 3233 3066
f 3104 3066 3233
f 3037 3004 3136
f 3069 3104 3233
f 3235 3137 3070
f 3039 3172 3071
f 3005 3039 3071
f 2939 3072 3138
f 3138 3072 3107
f 3109 3198 3301
f 3270 2825 3378
f 3073 3110 3237
f 2614 2688 3075
f 3111 3201 3112
f 3139 3241 2896
f 3202 3113 3112
f 3274 3409 2796
f 3048 3177 3081
f 3080 2772 3082
f 3358 3049 3205
f 2826 2655 3275
f 3276 3141 3115
f 3141 3142 3116
f 3118 3116 3117
f 3118 3143 3083
f 3245 3660 3330
f 3143 3119 3084
f 3012 3084 3119
f 3144 3085 3145
f 3386 2950 3247
f 2948 3121 3052
f 3052 3086 3053
f 2979 3015 3333
f 3183 3088 3151
f 3149 3017 3152
f 3153 3250 2915
f 3482 3212 2952
f 3091 3019 3213
f 3092 3213 3019
f 3058 3216 2875
f 3216 3160 2877
f 2956 2878 3286
f 3363 3186 2956
f 2986 2837 3129
f 3288 2985 3344
f 2985 3288 2959
f 3059 3257 3095
f 3059 3130 3257
f 3289 3163 3095
f 2925 3220 2989
f 2730 3027 3550
f 2929 2927 3259
f 2993 3131 3290
f 3097 3061 3223
f 2995 3028 3060
f 2992 3258 3167
f 3226 2930 3132
f 3133 3099 3227
f 2815 2816 3317
f 3169 3435 3001
f 3135 3170 3065
f 2529 3194 3914
f 3064 3103 3171
f 3170 3195 3065
f 3137 3266 3004
f 3233 3105 3069
f 3235 3070 3138
f 3070 2939 3138
f 3005 3071 3040
f 2969 3236 3108
f 2969 3109 3236
f 3301 3236 3109
f 3045 3303 3046
f 3046 3303 3110
f 3199 2855 3404
f 3378 2825 3073
f 3238 3240 3443
f 3239 2856 3324
f 3075 2688 3241
f 3239 3201 3111
f 3076 3140 3175
f 2974 3008 3077
f 3114 3307 3078
f 3177 3243 3081
f 3049 3329 3115
f 3329 3359 3115
f 3276 3115 3359
f 3118 3206 3143
f 3120 3277 3013
f 3013 3277 3146
f 3179 3122 3146
f 3122 3179 3121
f 3121 3179 3147
f 3247 2914 3016
f 3052 3121 3147
f 3052 3147 3086
f 3086 3207 3148
f 3148 3207 3180
f 3180 3182 3148
f 3151 3150 3087
f 3210 3181 3152
f 3183 3151 3309
f 3152 3123 3210
f 3184 3155 2916
f 3250 3482 3054
f 3157 3018 3252
f 2953 2980 3158
f 3160 3127 2877
f 2984 3342 3187
f 2984 3162 3342
f 3254 3161 3093
f 3255 3130 3023
f 3365 3163 3289
f 2988 3165 3364
f 3220 3462 2989
f 2991 3191 2990
f 2927 3350 3259
f 3258 3031 3349
f 3099 3062 3227
f 3134 3133 3227
f 3229 2815 3317
f 3101 3292 2816
f 2963 3231 3135
f 2963 3265 3231
f 3171 3103 3136
f 3196 3004 3266
f 3136 3004 3196
f 3172 3106 3298
f 3321 3040 3071
f 3268 3138 3107
f 3299 3376 3040
f 3041 3040 3376
f 2795 3074 3272
f 3112 3201 3202
f 2896 2796 3139
f 3139 2796 3409
f 2973 3076 3380
f 3175 3140 3077
f 3177 3204 3357
f 3081 3205 3048
f 3082 2826 3275
f 3715 2655 3330
f 3116 3142 3117
f 3143 3145 3119
f 3143 3206 3145
f 3146 3510 3178
f 3331 3246 2950
f 3208 3149 3152
f 3180 3181 3210
f 3182 3180 3210
f 3333 3182 3209
f 3211 3210 3123
f 3416 3154 3124
f 3124 3155 3416
f 3125 3185 3420
f 3055 3212 3336
f 3157 3337 3156
f 3336 2980 3090
f 3337 3157 3252
f 3213 3018 3091
f 2981 3214 3159
f 3056 2981 3159
f 3159 3215 3020
f 3092 3126 3282
f 3215 3283 3057
f 3058 3057 3283
f 3127 3160 3286
f 3218 3186 3394
f 3289 3095 3257
f 3346 3219 3026
f 2989 3462 3346
f 3165 2990 3191
f 3168 2845 3166
f 2844 3168 3222
f 3224 3349 3031
f 3224 3031 2843
f 3350 3167 3261
f 3062 3291 3227
f 3034 3063 3296
f 3170 3135 3230
f 3231 3230 3135
f 2817 3034 3296
f 3064 3171 3063
f 3230 3195 3170
f 3102 3622 3265
f 2683 3622 3102
f 3196 3171 3136
f 3106 3105 3234
f 3235 3138 3267
f 3376 3197 3041
f 3197 3300 3042
f 3300 3044 3042
f 3108 3236 3377
f 3303 3045 3269
f 3302 3198 3322
f 3323 2895 3270
f 2895 3323 3304
f 3272 2971 2795
f 3202 3242 3113
f 3380 3274 2973
f 3445 3079 3047
f 3327 3078 3326
f 3176 3357 3204
f 3049 3358 3329
f 2655 3715 3275
f 3141 3276 3142
f 3206 3144 3145
f 3146 3277 3510
f 3146 3178 3179
f 3279 3086 3147
f 3279 3207 3086
f 3207 3248 3180
f 3248 3181 3180
f 3152 3181 3248
f 3208 3152 3248
f 3151 3449 3309
f 3281 3210 3211
f 3153 3183 3387
f 3153 3387 3250
f 3417 3211 3154
f 3416 3155 3334
f 3420 3185 3251
f 3185 3156 3251
f 3156 3337 3251
f 3310 3018 3213
f 3361 3214 2981
f 3213 3092 3282
f 3058 3283 3216
f 3284 3282 3126
f 3216 3311 3160
f 3286 3425 2956
f 3218 3253 3093
f 3161 3254 3396
f 3161 3344 2985
f 3022 3094 3188
f 3094 2960 3188
f 3398 2960 3025
f 3256 3189 3219
f 2923 2988 3190
f 3165 3314 3364
f 2925 3190 3220
f 3164 3163 3365
f 3165 3191 3314
f 3164 3365 3348
f 2843 3060 3224
f 3098 2994 3368
f 3167 3258 3261
f 2610 4071 3291
f 3132 3193 3226
f 3132 3033 3228
f 3228 3033 3229
f 3134 3227 3263
f 3263 3169 3134
f 3169 3263 3264
f 2816 3292 3317
f 3230 3232 3195
f 3105 3233 3320
f 3071 3172 3321
f 3299 3040 3321
f 3108 3268 3107
f 3301 3198 3302
f 3322 3199 3404
f 3303 3237 3110
f 3378 3073 3356
f 3200 2971 3271
f 3201 3306 3202
f 3203 3113 3242
f 3203 3242 3410
f 3203 3410 3174
f 3380 3076 3444
f 3076 3175 3444
f 3008 3079 3445
f 3243 3382 3081
f 3205 3382 3384
f 3205 3384 3358
f 3117 3244 3118
f 3206 3118 3244
f 3244 3144 3206
f 3660 3245 3246
f 3147 3278 3279
f 3278 3147 3179
f 3207 3279 3248
f 3414 3149 3208
f 3087 2979 3249
f 2979 3333 3360
f 3249 2979 3360
f 3151 3087 3449
f 3210 3281 3182
f 3211 3417 3281
f 3154 3416 3417
f 3419 3184 3089
f 3089 3125 3419
f 3389 3336 3212
f 3310 3252 3018
f 3158 2980 3574
f 3574 3361 3158
f 3159 3214 3215
f 3160 3285 3286
f 3459 3217 3128
f 3128 3187 3287
f 3287 3187 3342
f 3253 3254 3093
f 3161 3396 3344
f 3162 2986 3343
f 3164 3348 2991
f 3131 3367 3290
f 3097 3223 3466
f 3060 3028 3221
f 3225 3259 3260
f 3168 3166 3369
f 2994 3097 3368
f 3262 3315 2610
f 2610 3315 4071
f 3193 3132 3228
f 3227 3431 3263
f 3264 3435 3169
f 3732 3101 2421
f 3233 3232 3352
f 3235 3266 3137
f 3106 3234 3298
f 3298 3375 3172
f 3267 3138 3268
f 3354 3044 3300
f 3377 3474 3108
f 3044 3269 3045
f 3236 3301 3402
f 3272 3271 2971
f 3443 3240 3273
f 3240 3075 3273
f 3305 3075 3241
f 3325 3306 3201
f 3597 3241 3139
f 3174 3381 3114
f 3008 3445 3077
f 3326 3078 3307
f 3047 3477 3445
f 3328 3176 3327
f 3477 3047 3080
f 3177 3357 3308
f 3081 3382 3205
f 3276 3411 3142
f 3144 3277 3085
f 3120 3085 3277
f 3540 3178 3510
f 3414 3016 3149
f 3248 3279 3280
f 3280 3208 3248
f 3155 3184 3334
f 3419 3125 3335
f 3335 3125 3420
f 3252 3310 3391
f 3215 3214 3339
f 3215 3339 3283
f 3311 3393 3160
f 2956 3425 3363
f 3394 3186 3363
f 2986 3129 3343
f 3288 3344 3345
f 3096 3398 3025
f 3257 3366 3289
f 3364 3313 2988
f 2991 3348 3191
f 3367 2730 3550
f 3098 3368 3221
f 3466 3223 3290
f 3260 3166 3225
f 3222 3168 3369
f 3316 3226 3193
f 3434 3435 3264
f 2421 3293 3732
f 3297 2817 3296
f 3171 3318 3063
f 3437 3232 3230
f 3352 3232 3437
f 3266 3374 3196
f 3320 3233 3352
f 3266 3235 3440
f 3172 3375 3321
f 3268 3529 3267
f 3108 3474 3268
f 3269 3044 3354
f 3377 3236 3402
f 3355 3303 3269
f 3303 3442 3237
f 3498 3404 3200
f 3406 3200 3271
f 3304 3407 3173
f 3443 3074 3238
f 3596 3325 3239
f 3201 3239 3325
f 3305 3241 3597
f 3080 3383 3478
f 3243 3177 3308
f 3080 3082 3383
f 3276 3359 3411
f 3411 3117 3142
f 3331 2950 3386
f 3178 3413 3179
f 3247 3016 3414
f 3179 3413 3278
f 3280 3279 3332
f 3278 3332 3279
f 3209 3182 3281
f 3183 3309 3451
f 3451 3387 3183
f 3389 3212 3482
f 2980 3421 3574
f 3213 3338 3310
f 3338 3213 3282
f 3216 3283 3340
f 3284 3217 3423
f 3218 3394 3460
f 3162 3343 3342
f 3255 3397 3312
f 3398 3096 3490
f 3365 3429 3348
f 3258 3349 3521
f 3258 3370 3261
f 3291 3492 3431
f 3227 3291 3431
f 3372 3228 3229
f 3433 3372 3229
f 3263 3401 3264
f 3433 3229 3317
f 3401 3432 3264
f 3433 3317 3292
f 3264 3432 3434
f 3101 3589 3292
f 3589 3101 3732
f 3230 3231 3319
f 3265 3319 3231
f 2529 3914 3494
f 3196 3318 3171
f 3320 3352 3373
f 3440 3374 3266
f 3105 3320 3234
f 3298 3562 3375
f 3472 3235 3267
f 3376 3353 3197
f 3197 3353 3300
f 3302 3322 3403
f 3355 3442 3303
f 3403 3322 3404
f 3073 3237 3356
f 3500 3270 3378
f 3323 3270 3500
f 3075 3305 3273
f 3597 3139 3409
f 3409 3274 3379
f 3380 3379 3274
f 3410 3381 3174
f 3114 3381 3307
f 3176 3328 3357
f 3117 3411 3412
f 3117 3412 3244
f 3244 3385 3144
f 3280 3511 3208
f 3360 3333 3209
f 3388 3334 3184
f 3387 3418 3250
f 3184 3419 3388
f 3250 3418 3482
f 3336 3390 2980
f 3362 3283 3339
f 3286 3285 3458
f 3286 3458 3425
f 3287 3342 3341
f 3254 3461 3516
f 3396 3254 3516
f 3395 3129 3022
f 3397 3288 3345
f 3255 3312 3130
f 3189 3256 3096
f 2988 3313 3347
f 3364 3463 3313
f 2988 3347 3190
f 3314 3519 3364
f 3314 3191 3399
f 3166 3260 3369
f 3290 3367 3466
f 3263 3431 3401
f 3557 3678 2890
f 2683 3494 3622
f 3437 3230 3319
f 3440 3235 3472
f 3402 3301 3302
f 3498 3200 3406
f 3356 3237 3405
f 3323 3501 3304
f 3304 3501 3407
f 3325 3503 3306
f 3242 3202 3505
f 3175 3077 3568
f 3445 3568 3077
f 3080 3478 3477
f 3412 3411 3446
f 3385 3447 3144
f 3447 3277 3144
f 3277 3447 3510
f 3247 3414 3448
f 3414 3208 3511
f 3511 3280 3332
f 3449 3087 3249
f 3281 3417 3689
f 3416 3334 3481
f 3390 3336 3389
f 3390 3421 2980
f 3337 3252 3453
f 3252 3391 3453
f 3361 3454 3214
f 3339 3214 3454
f 3310 3338 3456
f 3362 3339 3514
f 3216 3340 3457
f 3216 3457 3311
f 3338 3282 3422
f 3422 3282 3284
f 3422 3284 3423
f 3458 3424 3425
f 3217 3459 3423
f 3287 3459 3128
f 3253 3461 3254
f 3395 3343 3129
f 3398 3188 2960
f 3257 3130 3427
f 3427 3366 3257
f 3366 3365 3289
f 3399 3191 3348
f 3466 3553 3097
f 3097 3553 3551
f 3224 3351 3349
f 3258 3521 3370
f 3222 3371 3491
f 3224 3060 3400
f 3222 3369 3371
f 3226 3316 3621
f 3556 3228 3372
f 3265 3436 3319
f 3265 3524 3436
f 3622 3524 3265
f 3437 3319 3436
f 3318 3196 3525
f 3525 3196 3374
f 3373 3437 3438
f 3352 3437 3373
f 3320 3439 3234
f 3473 3472 3267
f 3473 3267 3529
f 3529 3268 3474
f 3376 3495 3353
f 3323 3500 3501
f 3272 3074 3502
f 3074 3443 3502
f 3173 3407 3408
f 3324 3173 3408
f 3596 3324 3476
f 3324 3596 3239
f 3505 3202 3306
f 3410 3242 3505
f 3307 3506 3326
f 3507 3327 3326
f 3308 3357 3533
f 3384 3535 3358
f 3275 3715 3808
f 3385 3244 3412
f 3840 3330 3660
f 3386 3247 3480
f 3178 3540 3413
f 3278 3413 3332
f 3337 3543 3251
f 3543 3337 3453
f 3454 3361 3574
f 3456 3391 3310
f 3339 3454 3455
f 3455 3514 3339
f 3422 3392 3456
f 3456 3338 3422
f 3393 3285 3160
f 3459 3287 3426
f 3426 3287 3341
f 3460 3253 3218
f 3342 3343 3341
f 3022 3188 3581
f 3489 3188 3398
f 3130 3312 3427
f 3428 3313 3463
f 3399 3519 3314
f 3349 3351 3554
f 3349 3554 3521
f 3259 3619 3260
f 3552 3027 3192
f 3367 3465 3466
f 3261 3370 3350
f 3552 3192 3430
f 3192 3621 3430
f 3431 3468 3401
f 3372 3433 3523
f 3433 3292 3589
f 3590 3293 3294
f 3590 3294 3295
f 3194 2560 3493
f 3493 2560 2890
f 3318 3679 3063
f 3438 3437 3526
f 3650 3373 3438
f 3320 3373 3439
f 3375 3441 3321
f 3527 3321 3441
f 3299 3495 3376
f 3378 3356 3566
f 3271 3272 3631
f 3408 3476 3324
f 3596 3686 3325
f 3325 3686 3503
f 3380 3444 3600
f 3444 3175 3601
f 3381 3506 3307
f 3327 3507 3328
f 3329 3358 3536
f 3359 3329 3536
f 3899 3411 3359
f 3247 3448 3480
f 3281 3415 3209
f 3309 3450 3451
f 3689 3417 3541
f 3335 3420 3483
f 3543 3611 3420
f 3251 3543 3420
f 3391 3456 3637
f 3425 3487 3363
f 3395 3341 3343
f 3395 3022 3581
f 3344 3488 3345
f 3345 3312 3397
f 3219 3548 3256
f 3428 3347 3313
f 3463 3364 3519
f 3399 3348 3464
f 3367 3550 3465
f 3551 3368 3097
f 3369 3260 3467
f 3193 3228 3556
f 3556 3372 3523
f 3401 3469 3432
f 3523 3433 3470
f 3439 3373 3471
f 3650 3471 3373
f 3562 3298 3234
f 3321 3626 3299
f 3628 3300 3353
f 3497 3354 3300
f 3474 3377 3564
f 3377 3402 3564
f 3354 3497 3269
f 3497 3355 3269
f 3237 3442 3405
f 3356 3499 3566
f 3356 3405 3499
f 3443 3273 3595
f 3504 3597 3409
f 3326 3506 3507
f 3082 3275 3746
f 3358 3535 3536
f 3446 3479 3412
f 3509 3412 3479
f 3509 3385 3412
f 3900 3246 3331
f 3540 3570 3413
f 3413 3570 3332
f 3572 3449 3249
f 3309 3449 3450
f 3481 3417 3416
f 3387 3451 3418
f 3418 3573 3482
f 3512 3388 3419
f 3419 3335 3512
f 3420 3611 3483
f 3452 3390 3389
f 3513 3421 3390
f 3514 3484 3362
f 3283 3362 3340
f 3392 3422 3515
f 3311 3457 3393
f 3422 3423 3515
f 3393 3614 3285
f 3423 3459 3578
f 3458 3485 3424
f 3363 3487 3394
f 3396 3516 3488
f 3344 3396 3488
f 3219 3346 3697
f 3463 3518 3428
f 3518 3463 3519
f 3190 3347 3220
f 3429 3464 3348
f 3350 3370 3620
f 3224 3400 3585
f 3224 3585 3351
f 3291 4071 3492
f 3193 3556 3700
f 3469 3401 3468
f 3646 3435 3434
f 3318 3525 3679
f 3526 3437 3436
f 3526 3436 3560
f 3299 3626 3495
f 3530 3474 3564
f 3402 3302 3564
f 3531 3565 3355
f 3355 3565 3442
f 3653 3403 3404
f 3653 3404 3498
f 3498 3406 3475
f 3271 3630 3406
f 3406 3630 3475
f 3272 3502 3631
f 3306 3532 3505
f 3504 3409 3379
f 3379 3380 3600
f 3444 3601 3600
f 3175 3568 3601
f 3328 3533 3357
f 3243 3745 3382
f 3383 3082 3746
f 3382 3508 3384
f 3535 3384 3508
f 3746 3275 3808
f 3446 3661 3479
f 3509 3447 3385
f 3414 3606 3448
f 3571 3249 3360
f 3360 3209 3415
f 3449 3609 3450
f 3481 3541 3417
f 3542 3418 3451
f 3334 3388 3664
f 3388 3512 3718
f 3664 3388 3718
f 3483 3512 3335
f 3513 3390 3612
f 3544 3637 3456
f 3392 3544 3456
f 3340 3669 3457
f 3392 3515 3577
f 3285 3670 3458
f 3515 3423 3578
f 3424 3485 3486
f 3425 3424 3547
f 3426 3341 3580
f 3488 3642 3345
f 3517 3427 3312
f 3489 3398 3582
f 3490 3582 3398
f 3346 3462 3697
f 3365 3366 3429
f 3399 3464 3519
f 3027 4107 3550
f 3368 3551 3826
f 3060 3221 3400
f 3350 3730 3259
f 3371 3369 3584
f 3467 3260 3619
f 3369 3467 3584
f 3700 3316 3193
f 3469 3522 3432
f 3433 3589 3470
f 3293 3558 3732
f 3194 3763 3914
f 3763 3194 3493
f 3436 3524 3560
f 3647 3525 3374
f 3624 3647 3374
f 3471 3650 3682
f 3439 3471 3651
f 3439 3651 3234
f 3234 3651 3562
f 3440 3472 3561
f 3561 3472 3563
f 3375 3562 3441
f 3527 3626 3321
f 3495 3528 3353
f 3474 3496 3529
f 3497 3300 3628
f 3497 3531 3355
f 3302 3403 3564
f 3271 3631 3630
f 3410 3687 3381
f 3507 3506 3602
f 3569 3243 3308
f 3603 3478 3383
f 3745 3508 3382
f 3661 3537 3479
f 3509 3510 3447
f 3538 3479 3537
f 3509 3479 3538
f 3538 3510 3509
f 3660 3246 3900
f 4012 3331 3386
f 3606 3929 3448
f 3511 3607 3606
f 3511 3332 3570
f 3511 3606 3414
f 3450 3542 3451
f 3481 3334 3748
f 3542 3573 3418
f 3574 3421 3513
f 3391 3637 3453
f 3514 3638 3484
f 3340 3362 3669
f 3484 3638 3545
f 3669 3362 3484
f 3784 3670 3285
f 3485 3670 3579
f 3670 3485 3458
f 3546 3486 3485
f 3424 3486 3547
f 3425 3547 3487
f 3426 3578 3459
f 3341 3395 3580
f 3549 3548 3219
f 3548 3096 3256
f 3549 3219 3697
f 3427 3517 3366
f 3520 3366 3517
f 3518 3519 3464
f 3366 3520 3429
f 3464 3429 3520
f 3618 3221 3368
f 3619 3259 3730
f 3621 3316 3586
f 3700 3556 3587
f 3468 3701 3469
f 3701 3522 3469
f 3523 3470 3702
f 3432 3522 3434
f 3438 3526 3623
f 3561 3374 3440
f 3651 3471 3682
f 3562 3591 3441
f 3472 3473 3563
f 3495 3626 3528
f 3653 3498 3738
f 3442 3654 3405
f 3498 3475 3706
f 3500 3378 3656
f 3273 3305 3595
f 3379 3600 3504
f 3567 3506 3381
f 3602 3506 3744
f 3602 3632 3507
f 3445 3477 3633
f 3533 3328 3688
f 3308 3533 3534
f 3569 3308 3534
f 3808 3715 3928
f 3330 3840 3715
f 3446 3411 3659
f 3446 3659 3661
f 3537 3539 3538
f 3510 3538 3540
f 3386 3480 4012
f 3281 3689 3415
f 3449 3572 3609
f 3334 3664 3748
f 3452 3389 3482
f 3390 3452 3612
f 3612 3666 3513
f 3637 3544 3576
f 3514 3455 3613
f 3544 3392 3577
f 3515 3578 3577
f 3579 3546 3485
f 3580 3395 3756
f 3516 3673 3488
f 3642 3616 3345
f 3345 3616 3312
f 3312 3616 3517
f 3518 3617 3428
f 3462 3220 3761
f 3400 3221 3618
f 3554 3351 3792
f 3370 3521 3620
f 3350 3620 3730
f 3368 3826 3618
f 3521 3554 3555
f 3467 3619 3584
f 3556 3523 3702
f 3434 3522 3646
f 3646 3678 3435
f 3828 3295 3297
f 3297 3296 3828
f 3559 3560 3524
f 3622 3494 4033
f 3680 3526 3560
f 3679 3525 3647
f 3648 3623 3526
f 3374 3561 3624
f 3563 3473 3592
f 3529 3592 3473
f 3496 3474 3530
f 3497 3593 3531
f 3738 3498 3706
f 3405 3654 3499
f 3656 3378 3566
f 3443 3595 3770
f 3476 3594 3596
f 3599 3504 3600
f 3243 3569 3745
f 3603 3383 3746
f 3661 3539 3537
f 3538 3539 3540
f 3539 3604 3540
f 3540 3604 3570
f 3605 3607 3511
f 3570 3605 3511
f 3249 3571 3572
f 3663 3689 3541
f 3541 3481 3747
f 3665 3482 3573
f 3482 3665 3452
f 3611 3691 3483
f 3612 3452 3610
f 3453 3667 3543
f 3574 3513 3693
f 3454 3574 3575
f 3668 3453 3637
f 3575 3455 3454
f 3455 3575 3613
f 3638 3514 3613
f 3484 3545 3724
f 3484 3724 3669
f 3727 3460 3394
f 3641 3516 3461
f 3188 3489 3696
f 3643 3616 3642
f 3490 3096 3548
f 3645 3549 3697
f 3617 3518 3583
f 3616 3615 3517
f 3428 3617 3729
f 3615 3583 3518
f 3615 3520 3517
f 3428 3729 3347
f 3520 3518 3464
f 3520 3615 3518
f 3220 3347 3761
f 3465 3550 3677
f 3466 3465 3677
f 3551 3553 3794
f 3400 3618 3698
f 3521 3555 3620
f 3584 3699 3371
f 3700 3586 3316
f 3468 3431 3492
f 3587 3556 3702
f 3522 3701 3588
f 3646 3522 3588
f 3557 3435 3678
f 3295 3828 3590
f 3560 3559 3680
f 3623 3704 3438
f 3650 3438 3681
f 3625 3562 3651
f 3441 3735 3527
f 3529 3496 3627
f 3593 3497 3628
f 3737 3531 3593
f 3737 3565 3531
f 3565 3654 3442
f 3706 3475 3685
f 3566 3499 3629
f 3631 3502 3803
f 3709 3407 3501
f 3740 3408 3407
f 3502 3443 3803
f 3476 3740 3657
f 3476 3408 3740
f 3657 3594 3476
f 3503 3532 3306
f 3597 3504 3598
f 3532 3742 3505
f 3687 3410 3505
f 3567 3381 3687
f 3744 3506 3567
f 3713 3688 3328
f 3477 3478 3633
f 3359 3536 3871
f 3900 3331 4012
f 3604 3605 3570
f 3480 3448 3634
f 3571 3360 3635
f 3608 3572 3571
f 3360 3415 3635
f 3609 3636 3450
f 3450 3636 3542
f 3719 3718 3512
f 3483 3719 3512
f 3666 3612 3610
f 3543 3667 3611
f 3453 3668 3667
f 3577 3725 3544
f 3751 3577 3578
f 3640 3546 3579
f 3395 3581 3756
f 3460 3461 3253
f 3641 3673 3516
f 3188 3696 3581
f 3488 3789 3642
f 3673 3789 3488
f 3643 3644 3616
f 3616 3644 3615
f 3583 3615 3644
f 3351 3585 3792
f 3466 3677 3553
f 3698 3585 3400
f 3622 4033 3524
f 3438 3704 3681
f 3651 3683 3625
f 3562 3625 3591
f 3441 3591 3735
f 3529 3627 3592
f 3528 3736 3353
f 3736 3628 3353
f 3564 3403 3684
f 3684 3403 3653
f 3833 3565 3737
f 3654 3655 3499
f 3629 3499 3655
f 3709 3501 3500
f 3803 3443 3770
f 3686 3596 3594
f 3658 3505 3742
f 3568 3445 3712
f 3445 3633 3712
f 3507 3632 3328
f 3713 3328 3632
f 3661 3659 3662
f 3448 3929 3634
f 3572 3608 3690
f 3542 3636 3573
f 3665 3573 3636
f 3721 3666 3610
f 3667 3720 3611
f 3693 3513 3666
f 3668 3637 3723
f 3576 3544 3725
f 3639 3545 3638
f 3638 3694 3639
f 3725 3577 3751
f 3670 3784 3819
f 3426 3751 3578
f 3672 3486 3546
f 3547 3486 3672
f 3671 3487 3547
f 3643 3642 3789
f 3789 3790 3643
f 3643 3790 3644
f 3549 3674 3548
f 3674 3490 3548
f 3617 3759 3729
f 3583 3759 3617
f 3550 4107 4297
f 3677 3550 3825
f 3371 3699 3491
f 3430 3621 3586
f 3296 4577 3828
f 3829 3063 3679
f 3524 4033 3559
f 3526 3680 3831
f 3831 3648 3526
f 3681 3893 3650
f 3561 3563 3799
f 3528 3626 3705
f 3496 3530 3652
f 3652 3530 3564
f 3654 3565 3833
f 3475 3630 3707
f 3566 3629 3708
f 3631 3803 3630
f 3656 3566 3708
f 3500 3656 3709
f 3709 3740 3407
f 3595 3305 3710
f 3686 3922 3503
f 3504 3599 3598
f 3505 3658 3687
f 3687 3771 3567
f 3601 3568 3743
f 3602 3713 3632
f 3713 3714 3688
f 3533 3688 3534
f 3536 3777 3871
f 3840 3660 3900
f 3661 3662 3539
f 3539 3662 3604
f 3605 4059 3607
f 3635 3608 3571
f 3689 3635 3415
f 3779 3690 3608
f 3690 3609 3572
f 3663 3541 3716
f 3481 3748 3747
f 3716 3541 3747
f 3452 3665 3610
f 3610 3692 3721
f 3667 3668 3722
f 3575 3574 3693
f 3613 3694 3638
f 3669 3880 3457
f 3545 3639 3724
f 3457 3880 3393
f 3670 3883 3579
f 3579 3695 3640
f 3695 3753 3640
f 3672 3671 3547
f 3640 3672 3546
f 3487 3671 3394
f 3727 3394 3671
f 3789 3673 3728
f 3489 3886 3696
f 3489 3582 3886
f 3549 3645 3674
f 3583 3644 3759
f 3697 3462 3760
f 3698 3675 3585
f 3792 3585 3857
f 3620 3762 3730
f 3222 3491 3676
f 3792 3555 3554
f 3555 3792 3620
f 3889 3468 3492
f 3913 3559 4033
f 3796 3559 3913
f 3680 3559 3796
f 3624 3649 3647
f 3650 3893 3682
f 3651 3682 3798
f 3624 3561 3799
f 3651 3798 3683
f 3894 3563 3592
f 3528 3705 3736
f 3496 3652 3801
f 3652 3564 3684
f 3653 3738 3684
f 3685 3475 3707
f 3630 3803 3707
f 3741 3686 3594
f 3710 3305 3598
f 3598 3305 3597
f 3599 3600 3601
f 3711 3602 3744
f 3869 3713 3602
f 3606 3607 3929
f 3929 3607 4059
f 3609 3690 3717
f 3609 3717 3636
f 3483 3691 3719
f 3668 3723 3722
f 3723 3637 3576
f 3613 3782 3694
f 3669 3724 3880
f 3393 3880 3614
f 3639 3694 3726
f 3579 3883 3695
f 3751 3426 3752
f 3752 3426 3580
f 3755 3671 3672
f 3753 3755 3640
f 3640 3755 3672
f 3461 3460 3757
f 3641 3461 3757
f 3673 3641 3728
f 3761 3760 3462
f 3027 3552 4107
f 3550 4297 3825
f 3792 3857 3856
f 3553 3677 3794
f 3698 3618 3675
f 3858 3701 3468
f 3700 3587 3731
f 3588 3795 3646
f 3914 4306 3494
f 3679 3647 3992
f 3648 4074 3623
f 3649 3624 3892
f 3893 3798 3682
f 3683 3863 3625
f 3735 3591 3734
f 3894 3799 3563
f 3764 3626 3527
f 3626 3764 3705
f 3801 3627 3496
f 3864 3593 3628
f 3766 3652 3684
f 3593 3956 3737
f 3708 3629 3739
f 3656 3768 3709
f 3709 3768 3740
f 3922 3742 3503
f 3742 3532 3503
f 3687 3658 3771
f 3744 3567 3771
f 3743 3568 3712
f 3712 3633 3772
f 3633 3478 3773
f 3478 3603 3773
f 3776 3535 3508
f 3777 3536 3535
f 3359 3871 3899
f 3411 3899 3659
f 3608 3635 3779
f 3689 3810 3635
f 3690 3779 3812
f 3664 3749 3748
f 3636 3717 3665
f 3692 3665 3717
f 3665 3692 3610
f 3691 3611 3720
f 3720 3816 3691
f 3720 3667 3845
f 3693 3666 3721
f 3575 3750 3613
f 3613 3781 3782
f 3576 3725 3818
f 3724 3639 3905
f 3639 3726 3905
f 3751 3818 3725
f 3784 3285 3614
f 3819 3883 3670
f 3755 3754 3671
f 3755 3753 3786
f 3671 3754 3727
f 3581 3787 3756
f 3460 3727 3757
f 3641 3788 3728
f 3644 3790 3759
f 3645 3697 3760
f 3347 3729 3761
f 3618 3826 3675
f 3701 3795 3588
f 3589 3703 3470
f 3470 3703 3702
f 3558 3293 3590
f 3063 3829 3296
f 3992 3829 3679
f 3796 3831 3680
f 3683 3733 3863
f 3592 3627 3800
f 3767 3684 3738
f 3706 3685 3802
f 3708 3768 3656
f 3595 3710 3770
f 3741 3594 3657
f 3598 3599 3805
f 3742 3897 3658
f 3601 3837 3599
f 3837 3601 3806
f 3601 3743 3806
f 3744 3807 3711
f 3602 3711 3869
f 3773 3772 3633
f 3775 3569 3534
f 3535 3776 3777
f 3928 3715 3840
f 3972 3605 3604
f 3973 3480 3634
f 3810 3689 3663
f 3779 3635 3810
f 3716 3778 3663
f 3690 3812 3717
f 3718 3719 3780
f 3780 3719 3691
f 3721 3692 3844
f 3722 3845 3667
f 3721 3750 3693
f 3750 3575 3693
f 3613 3750 3781
f 3782 3781 3817
f 3818 3723 3576
f 3694 3782 3783
f 3694 3783 3726
f 3753 3849 3785
f 3753 3695 3849
f 3753 3785 3786
f 3786 3821 3755
f 3850 3756 3787
f 3727 3823 3757
f 3581 3696 3787
f 3728 3822 3789
f 3490 3674 3758
f 3490 3758 3582
f 3826 3551 3944
f 3857 3585 3989
f 3620 3792 3912
f 3584 3619 3827
f 3699 3584 3827
f 3677 3825 3793
f 3620 3912 3762
f 3700 3731 3888
f 3646 3951 3678
f 3558 3953 3732
f 3992 3647 3862
f 3862 3830 3992
f 3649 3862 3647
f 3993 3649 3892
f 3704 3623 4074
f 3704 3832 3681
f 3624 3799 3892
f 3798 3893 3994
f 3625 3863 3591
f 3863 3734 3591
f 3527 3735 3996
f 3628 3736 3765
f 3864 3628 3765
f 3801 3652 3766
f 3766 3684 3767
f 3706 3834 3738
f 3833 3866 3654
f 3685 3707 3802
f 3629 3655 3739
f 3803 4001 3707
f 3768 3769 3740
f 3740 3769 3657
f 3686 3741 3836
f 3599 3837 3805
f 3897 3868 3658
f 3807 3744 3771
f 3774 3688 3714
f 3774 3534 3688
f 3775 3534 3774
f 3569 3775 3745
f 3745 3776 3508
f 3663 3778 3930
f 3716 3747 3811
f 3747 3748 3875
f 3815 3749 3664
f 3813 3692 3717
f 3815 3664 3718
f 3816 3780 3691
f 3844 3692 3813
f 3721 3844 3781
f 3781 3750 3721
f 3782 3817 3783
f 3726 3938 3847
f 3818 3751 3906
f 3882 3726 3847
f 3905 3726 3882
f 3752 3906 3751
f 3580 3756 3848
f 3754 3755 3821
f 3754 3821 3823
f 3756 3850 3848
f 3754 3823 3727
f 3822 3786 3851
f 3851 3789 3822
f 3757 3788 3641
f 3853 3674 3854
f 3674 3645 3854
f 3759 3790 3791
f 3759 3791 3729
f 3729 3942 3761
f 3793 3943 3677
f 3826 3944 3945
f 3619 3730 3827
f 3491 3699 3676
f 4541 3262 2681
f 3795 3701 3860
f 3296 3829 4577
f 3797 3704 4074
f 3735 3734 3995
f 3995 3996 3735
f 3527 3996 3764
f 3705 3915 3736
f 3765 3736 3915
f 3593 3864 3956
f 3833 3737 3918
f 3834 3767 3738
f 3706 3998 3834
f 3802 3707 3919
f 3835 3739 3867
f 3708 3739 3835
f 3835 3768 3708
f 3769 3804 3657
f 3804 3741 3657
f 3686 3836 3922
f 3923 3897 3742
f 3898 3771 3658
f 3712 3925 3743
f 3772 3925 3712
f 3772 3773 3839
f 3809 4059 3605
f 3779 3810 3841
f 3779 3841 3873
f 3812 3779 3873
f 3747 3875 3811
f 3812 3813 3717
f 3815 3814 3749
f 3718 3780 3815
f 3934 3720 3845
f 3818 3879 3723
f 3881 3879 3818
f 3784 3614 3983
f 3906 3752 3848
f 3848 3752 3580
f 3785 3851 3786
f 3823 3821 3824
f 3821 3786 3822
f 3824 3821 3822
f 3823 3824 3788
f 3788 3757 3823
f 3728 3824 3822
f 3851 3852 3789
f 3824 3728 3788
f 3852 3790 3789
f 3910 3790 3852
f 3910 3791 3790
f 3645 3760 3854
f 3729 3791 3942
f 3761 3855 3760
f 3699 4160 3676
f 3586 3700 3888
f 3701 3858 3860
f 3646 3861 3951
f 3795 3861 3646
f 3831 4112 3648
f 4112 4074 3648
f 3704 3797 3832
f 3683 3798 3733
f 3592 3800 3894
f 3800 3627 3801
f 3956 3918 3737
f 4001 3919 3707
f 3895 3802 3919
f 4001 3803 3896
f 3896 3803 3770
f 3770 3710 3960
f 3868 3898 3658
f 3898 3807 3771
f 3924 3869 3711
f 3838 3713 3869
f 3713 3838 3714
f 3772 3839 3964
f 3714 3926 3774
f 3773 3603 3870
f 3972 3604 3662
f 3810 3872 3841
f 3778 3716 3974
f 3975 3842 3841
f 3812 3873 3874
f 3873 3901 3874
f 3841 3842 3877
f 3877 3873 3841
f 3843 3812 3874
f 3876 3877 3842
f 3749 3875 3748
f 3812 3843 3813
f 3813 3843 3904
f 3813 3904 3844
f 3935 3720 3934
f 3878 3844 3904
f 3844 3878 3781
f 3781 3878 3817
f 3722 3723 3936
f 3846 3783 3817
f 3783 3846 4023
f 3726 3783 3938
f 3880 3983 3614
f 3849 3695 3883
f 3785 3849 3884
f 3820 3850 3787
f 3785 3884 3851
f 3908 3820 3787
f 3787 3696 3908
f 4029 3886 3582
f 4297 3793 3825
f 3585 3675 3989
f 3792 3856 3912
f 3222 4541 2681
f 3675 3826 3911
f 3552 3430 4385
f 3430 3586 3888
f 3946 3492 4071
f 3492 3946 3889
f 3468 3889 3858
f 3587 3890 3731
f 3587 3702 3859
f 3860 3861 3795
f 3702 3703 3952
f 3951 3891 3678
f 3828 4259 3590
f 3828 4577 4259
f 3862 3649 3993
f 3892 4036 3993
f 3800 3801 3916
f 3916 3801 3917
f 3917 3801 3766
f 3955 3917 3766
f 3955 3766 3767
f 3833 3918 3865
f 3706 3802 3998
f 3654 4265 3655
f 3655 3867 3739
f 3867 3959 3835
f 3836 3741 3804
f 3921 3710 3598
f 3805 3921 3598
f 3805 4048 3921
f 3923 3742 3922
f 3805 3837 4084
f 3924 3711 3807
f 3964 3925 3772
f 3774 3968 3775
f 3839 3927 3966
f 3969 3775 3968
f 3773 3927 3839
f 3773 3870 3927
f 3776 3745 3775
f 3870 3603 3971
f 3603 3746 3971
f 3899 3871 4193
f 3972 3809 3605
f 3810 3663 3930
f 3872 3975 3841
f 3811 3974 3716
f 3842 3975 3876
f 3811 3875 4014
f 3749 4016 3875
f 4016 4014 3875
f 3877 3876 4015
f 3814 4016 3749
f 3904 3843 3932
f 3815 3780 3816
f 3814 3815 3902
f 3816 3720 3935
f 3722 3936 3845
f 3878 3846 3817
f 3723 3879 3936
f 3724 3982 3880
f 3818 3906 3881
f 3907 3906 3848
f 3849 3883 3986
f 3850 3907 3848
f 3885 3851 3884
f 3886 3908 3696
f 3909 3852 3851
f 3853 3758 3674
f 3854 3760 4105
f 4105 3760 4069
f 3760 3855 4069
f 3942 3855 3761
f 3222 3676 4541
f 3946 3947 3889
f 3948 3888 3731
f 3731 3890 3948
f 3587 3859 3890
f 3702 3952 3859
f 3703 3589 3732
f 3796 4112 3831
f 3681 3832 3893
f 3893 4038 3994
f 3994 3733 3798
f 3955 3767 3834
f 3866 3833 3865
f 3835 3920 3768
f 3768 3920 3769
f 3804 3769 3920
f 4084 3837 4049
f 3838 3926 3714
f 3776 3775 3969
f 3970 3777 3776
f 4414 3840 3900
f 4012 3480 4416
f 3872 3810 3930
f 3901 3932 3874
f 3874 3932 3843
f 3977 3873 3877
f 3901 3873 3977
f 4017 3901 3977
f 3977 3877 4015
f 3816 3903 3815
f 3902 3815 3903
f 3978 3904 3932
f 3935 3903 3816
f 3878 3904 3978
f 3936 3934 3845
f 4023 3938 3783
f 3724 3905 3982
f 3881 3939 3879
f 3847 3984 3882
f 4150 3882 3984
f 4025 3881 3906
f 4025 3906 3907
f 3907 3820 4025
f 3820 3907 3850
f 3884 3849 3986
f 3885 3987 3941
f 3885 3941 3851
f 3851 3941 3909
f 3582 3758 4029
f 3852 3909 3910
f 3910 4070 3791
f 4070 3942 3791
f 3551 3794 4156
f 3730 4109 3827
f 3793 4297 3887
f 3826 3945 3911
f 3856 3857 3989
f 4160 3699 3827
f 3889 3947 3858
f 3858 3949 3860
f 3860 3950 3861
f 3952 3703 3732
f 3678 3891 2890
f 3862 3954 3830
f 3863 3733 4165
f 3892 3799 4039
f 3799 3894 4039
f 3894 3800 3916
f 3764 3996 4223
f 3915 3764 4223
f 3705 3764 3915
f 3864 4077 4079
f 3917 3955 3997
f 3864 4079 3956
f 3955 3834 4081
f 3998 4082 3834
f 3865 3957 3866
f 4042 3998 3802
f 3802 3895 4042
f 3867 3655 4265
f 3895 3919 4000
f 3959 3920 3835
f 3896 3770 3960
f 3923 3961 3897
f 4049 3837 3806
f 3868 4006 3898
f 3806 3743 3963
f 3743 3925 3963
f 3924 3807 3962
f 3838 3965 3926
f 3774 3926 3968
f 3964 3839 3966
f 3970 3776 3969
f 3777 3970 4055
f 3777 4057 3871
f 3971 3746 3808
f 3899 4193 4087
f 3634 3929 4088
f 3811 4014 4013
f 4015 3876 4060
f 3932 3901 4017
f 4015 4061 3977
f 3902 3903 3933
f 4020 3903 3935
f 3935 3934 3980
f 3878 4021 3846
f 3937 3936 3879
f 3937 3879 3981
f 3879 3939 3981
f 3983 3880 3982
f 3985 3819 4098
f 3819 3784 4098
f 3883 3819 3985
f 3986 4101 3884
f 3885 3884 4101
f 3908 3886 4029
f 3854 3988 3853
f 3910 3909 4031
f 3910 4031 4070
f 3675 4157 3989
f 3887 3943 3793
f 3551 4156 3944
f 3675 3911 3945
f 3730 3762 4108
f 3858 3947 3949
f 3948 3890 3991
f 3991 3890 4162
f 3890 3859 4162
f 3860 3949 3950
f 3952 4162 3859
f 3950 3951 3861
f 3914 3763 4306
f 3913 4034 3796
f 4074 4219 3797
f 3893 3832 4037
f 4037 4038 3893
f 3892 4039 4036
f 3995 3734 4075
f 4040 3915 4223
f 3915 4040 3765
f 3917 3997 3916
f 3765 4077 3864
f 4041 3918 3956
f 4041 3865 3918
f 4041 4116 3865
f 3834 4082 4081
f 3957 3865 4116
f 3654 3866 4265
f 3895 4000 3999
f 4000 3919 3958
f 4043 3959 3867
f 3896 4120 4001
f 3896 3960 4120
f 4002 3920 3959
f 3804 3920 4003
f 3804 4003 3836
f 4003 3922 3836
f 3922 4005 3923
f 3923 4005 3961
f 3897 4181 3868
f 3961 4181 3897
f 4006 3868 4181
f 4049 3806 3963
f 3898 3962 3807
f 3963 3925 4007
f 4007 3925 3964
f 3869 4085 3838
f 3964 3966 3967
f 3965 4008 3926
f 3926 4008 3968
f 3870 3971 4011
f 4058 4193 3871
f 3659 3899 4087
f 4012 4536 3900
f 3480 3973 4416
f 4059 3809 4500
f 3974 3930 3778
f 3811 3931 3974
f 3975 4060 3876
f 3811 4013 3931
f 4014 4016 3976
f 4062 4017 3977
f 3932 4019 3978
f 3814 3902 4090
f 3977 4061 4062
f 4062 4061 4018
f 3933 3903 4020
f 4020 3935 3979
f 4093 3878 3978
f 3979 3935 3980
f 3980 3934 3936
f 3878 4093 4021
f 3980 3936 3937
f 4023 3846 4021
f 4096 3938 4023
f 3847 3938 3984
f 3882 4150 3905
f 3983 4098 3784
f 4150 3984 4024
f 3940 4025 3820
f 3985 3986 3883
f 3940 3820 3908
f 3941 3987 4027
f 3941 4027 4104
f 3909 3941 4104
f 3988 4028 3853
f 4028 4030 3758
f 4028 3758 3853
f 3794 3677 4110
f 3944 4156 4300
f 3912 4159 3762
f 3762 4159 4108
f 3948 3991 3990
f 3947 4073 3949
f 4073 3950 3949
f 3952 3732 3953
f 3992 4217 3829
f 3954 3862 3993
f 4034 4112 3796
f 3863 4165 4075
f 3863 4075 3734
f 4076 3995 4075
f 4039 3894 3916
f 4040 4077 3765
f 3955 4080 3997
f 4079 4041 3956
f 4081 4080 3955
f 4001 3958 3919
f 3920 4002 4003
f 3710 3921 3960
f 3922 4047 4005
f 3805 4084 4048
f 4006 3962 3898
f 4050 3924 3962
f 3924 4050 3869
f 3869 4050 4085
f 4129 4007 3964
f 3965 3838 4051
f 3967 4129 3964
f 3967 3966 4052
f 3927 4052 3966
f 4052 3927 4009
f 3968 4008 3969
f 3969 4008 4010
f 3969 4010 3970
f 3970 4010 4055
f 3927 3870 4009
f 4132 4009 3870
f 4011 4132 3870
f 4055 4057 3777
f 4057 4058 3871
f 4088 3973 3634
f 4088 3929 4059
f 4090 4016 3814
f 4016 4089 3976
f 3932 4017 4019
f 4018 4245 4063
f 4019 4093 3978
f 3979 4064 4020
f 4022 3979 3980
f 4064 3979 4022
f 4022 3980 3937
f 4096 4334 3938
f 4066 3984 3938
f 4149 3983 3982
f 3905 4099 3982
f 4097 3939 3881
f 3984 4066 4024
f 4098 3983 4149
f 4025 4097 3881
f 4150 4099 3905
f 4100 4097 4025
f 3940 4100 4025
f 3987 3885 4101
f 4067 3908 4029
f 3987 4026 4027
f 3988 4103 4028
f 4030 4029 3758
f 4069 3855 4106
f 4070 3855 3942
f 3989 4157 4298
f 3856 3989 4032
f 3888 3948 3990
f 3913 4033 4111
f 4163 4218 3992
f 4163 3992 3830
f 4163 3830 3954
f 3954 3993 4035
f 3993 4036 4035
f 4113 3733 3994
f 4113 4165 3733
f 4397 4075 4165
f 4222 3995 4076
f 3996 3995 4222
f 4167 4040 4223
f 3997 4114 3916
f 4171 4265 3866
f 4042 3895 3999
f 4265 4043 3867
f 3958 4231 4000
f 4044 3999 4000
f 4043 4230 3959
f 4002 3959 4230
f 4044 4000 4083
f 4002 4119 4004
f 4004 4119 4045
f 4046 4004 4045
f 3922 4003 4047
f 3960 3921 4122
f 4181 3961 4179
f 4049 3963 4127
f 3963 4007 4127
f 4085 4051 3838
f 4008 3965 4086
f 4052 4009 4053
f 4010 4008 4086
f 4054 4053 4009
f 4010 4086 4055
f 4009 4132 4054
f 4055 4086 4134
f 4132 4011 4056
f 4414 3900 4536
f 3930 3974 4243
f 3872 4244 3975
f 4014 3976 4372
f 4089 4016 4090
f 4019 4017 4062
f 3902 3933 4137
f 4090 3902 4137
f 4137 3933 4141
f 3933 4020 4064
f 3933 4064 4141
f 4093 4065 4021
f 4022 3937 4095
f 3981 4095 3937
f 4023 4021 4065
f 4334 4066 3938
f 4099 4149 3982
f 4098 4208 3985
f 4151 4100 3940
f 3986 3985 4295
f 4101 3986 4295
f 4030 4028 4153
f 4027 4026 4068
f 4027 4068 4104
f 4029 4030 4102
f 4105 4154 3854
f 3909 4104 4031
f 4070 4106 3855
f 3794 4110 4156
f 3675 3945 4157
f 3730 4108 4109
f 3827 4453 4160
f 3430 3888 4257
f 4072 4073 3947
f 4073 4214 3950
f 4259 4426 3590
f 4306 3763 3493
f 3992 4218 4217
f 3913 4427 4034
f 3954 4035 4164
f 3916 4309 4039
f 4040 4168 4077
f 3997 4080 4115
f 4077 4078 4079
f 3998 4042 4082
f 3866 3957 4171
f 4118 3999 4044
f 4001 4120 3958
f 4004 4123 4002
f 4003 4002 4123
f 4004 4046 4123
f 4178 4122 3921
f 3921 4048 4125
f 4126 4048 4084
f 3961 4235 4179
f 4127 4084 4049
f 4129 3967 4236
f 3967 4189 4236
f 4189 3967 4052
f 4189 4052 4053
f 4131 3965 4051
f 4131 4086 3965
f 4055 4134 4057
f 4056 4011 4241
f 4011 4242 4241
f 4011 3971 4242
f 4287 3662 3659
f 3662 4287 3972
f 4012 4416 4536
f 3930 4243 3872
f 4060 3975 4244
f 4013 4014 4372
f 4289 4015 4060
f 4015 4289 4331
f 4290 3976 4089
f 4290 4089 4195
f 4195 4089 4135
f 4245 4018 4061
f 4089 4090 4246
f 4019 4062 4092
f 4135 4091 4195
f 4018 4092 4062
f 4019 4092 4093
f 4135 4094 4091
f 4092 4018 4197
f 4063 4091 4094
f 4138 4063 4094
f 4138 4018 4063
f 4065 4093 4092
f 4141 4064 4139
f 4142 4138 4140
f 4022 4143 4064
f 4142 4140 4202
f 4095 4143 4022
f 4095 3981 4145
f 3939 4145 3981
f 4097 4145 3939
f 4150 4024 4206
f 3985 4208 4295
f 4151 3940 3908
f 3987 4152 4026
f 4152 3987 4101
f 4067 4029 4102
f 4296 4068 4026
f 4103 3988 4154
f 4104 4068 4155
f 3988 3854 4154
f 4031 4104 4106
f 4031 4106 4070
f 3677 3943 4538
f 3677 4538 4110
f 3912 3856 4384
f 4159 3912 4384
f 3944 4212 3945
f 3888 3990 4257
f 3991 4162 4258
f 3950 4215 3951
f 4215 3891 3951
f 3829 4217 4577
f 3913 4111 4427
f 4164 4163 3954
f 4074 4112 4219
f 4035 4036 4221
f 3832 3797 4037
f 4038 4037 4308
f 4039 4220 4036
f 4220 4039 4309
f 3996 4222 4223
f 4309 3916 4114
f 4167 4223 4348
f 4041 4079 4078
f 4115 4080 4081
f 4115 4081 4263
f 4263 4081 4169
f 4081 4082 4169
f 4264 4082 4042
f 4264 4042 4117
f 4172 4117 4173
f 4042 3999 4117
f 4117 3999 4173
f 4118 4173 3999
f 4044 4174 4118
f 4044 4083 4175
f 4083 4176 4175
f 4083 4121 4176
f 4122 4120 3960
f 4046 4045 4124
f 4046 4124 4123
f 4123 4047 4003
f 4047 4273 4005
f 4125 4048 4126
f 4179 4180 4181
f 4006 4181 4183
f 4183 3962 4006
f 3962 4183 4050
f 4185 4127 4007
f 4050 4128 4085
f 4007 4129 4130
f 4185 4007 4130
f 4085 4128 4186
f 4085 4186 4051
f 4051 4186 4192
f 4189 4053 4191
f 4192 4131 4051
f 4239 4191 4053
f 4239 4053 4054
f 4086 4131 4283
f 4132 4056 4133
f 4133 4056 4241
f 4284 4057 4134
f 4058 4057 4284
f 3971 3808 4194
f 3808 3928 4194
f 4286 3659 4087
f 4059 4500 4088
f 3872 4243 4244
f 4288 4060 4244
f 3976 4290 4372
f 4061 4015 4331
f 4061 4331 4245
f 4246 4135 4089
f 4063 4245 4091
f 4246 4090 4137
f 4091 4136 4195
f 4247 4094 4135
f 4197 4018 4138
f 4196 4092 4197
f 4142 4197 4138
f 4065 4092 4196
f 4138 4094 4140
f 4143 4139 4064
f 4198 4197 4142
f 4200 4202 4140
f 4095 4144 4249
f 4144 4095 4145
f 4144 4145 4147
f 4148 4144 4147
f 4097 4100 4145
f 4147 4145 4100
f 4066 4376 4024
f 4098 4149 4208
f 4293 4147 4151
f 4147 4100 4151
f 4099 4150 4206
f 4149 4099 4207
f 4151 3908 4067
f 4295 4152 4101
f 4067 4102 4294
f 4153 4028 4103
f 4068 4209 4210
f 4154 4254 4103
f 4068 4210 4155
f 4069 4211 4105
f 4104 4155 4106
f 4211 4069 4106
f 4297 4671 3887
f 3945 4256 4157
f 4109 4108 4302
f 4156 4110 4344
f 3944 4300 4212
f 3315 3946 4071
f 3947 3946 4161
f 4072 3947 4161
f 4161 4422 4072
f 4072 4422 4073
f 4215 4506 3891
f 3558 4457 3953
f 3558 3590 4457
f 3891 4216 2890
f 4033 3494 4390
f 3494 4306 4576
f 4163 4307 4218
f 4307 4163 4164
f 4034 4427 4509
f 4220 4221 4036
f 4393 4037 3797
f 4038 4308 3994
f 4165 4113 4396
f 4397 4165 4396
f 4075 4397 4076
f 4309 4114 4166
f 4040 4167 4225
f 4040 4225 4168
f 3997 4115 4114
f 4262 4041 4078
f 4041 4262 4116
f 4082 4226 4169
f 4116 4170 3957
f 4118 4229 4173
f 4265 4317 4043
f 4174 4229 4118
f 4044 4175 4174
f 4317 4230 4043
f 4119 4230 4267
f 4002 4230 4119
f 4120 4231 3958
f 4000 4231 4121
f 4269 4231 4120
f 4083 4000 4121
f 4269 4120 4122
f 4124 4045 4270
f 4124 4270 4271
f 4124 4177 4123
f 4177 4047 4123
f 4178 4232 4122
f 4124 4271 4177
f 4178 3921 4125
f 4177 4273 4047
f 4126 4234 4125
f 4084 4127 4126
f 4276 4126 4127
f 4182 4276 4127
f 4181 4180 4182
f 4181 4182 4184
f 4183 4181 4184
f 4182 4127 4185
f 4184 4182 4185
f 4183 4184 4050
f 4184 4185 4128
f 4050 4184 4128
f 4185 4130 4128
f 4186 4128 4130
f 4186 4130 4187
f 4129 4190 4130
f 4187 4130 4237
f 4188 4189 4191
f 4129 4236 4190
f 4237 4130 4190
f 4186 4187 4192
f 4192 4240 4131
f 4482 4239 4054
f 4133 4482 4054
f 4132 4133 4054
f 4283 4134 4086
f 4242 3971 4194
f 3659 4286 4287
f 3972 4329 3809
f 3974 4330 4243
f 3974 3931 4330
f 4247 4135 4246
f 4137 4141 4248
f 4247 4140 4094
f 4141 4139 4201
f 4142 4202 4198
f 4248 4141 4201
f 4249 4143 4095
f 4198 4202 4251
f 4251 4202 4200
f 4148 4249 4144
f 4248 4249 4199
f 4200 4199 4204
f 4251 4200 4204
f 4203 4199 4250
f 4204 4199 4203
f 4199 4249 4250
f 4251 4204 4146
f 4251 4146 4205
f 4293 4148 4147
f 4208 4149 4207
f 4153 4102 4030
f 4068 4296 4209
f 4026 4382 4296
f 4155 4210 4342
f 4254 4154 4211
f 4155 4342 4211
f 4105 4211 4154
f 4155 4211 4106
f 4158 4108 4159
f 3827 4109 4255
f 4160 4213 3676
f 4385 4107 3552
f 4159 4384 4158
f 4422 4214 4073
f 4214 4215 3950
f 3952 4346 4162
f 3952 3953 4346
f 4426 4457 3590
f 2890 4389 3493
f 2890 4216 4389
f 4389 4306 3493
f 4033 4390 4111
f 4392 4164 4035
f 4509 4112 4034
f 3994 4308 4113
f 4222 4076 4434
f 4167 4310 4224
f 4260 4114 4115
f 4314 4260 4115
f 4168 4078 4077
f 4315 4314 4115
f 4315 4115 4263
f 4116 4262 4170
f 4226 4082 4264
f 4227 4264 4117
f 4227 4117 4172
f 4173 4228 4172
f 4229 4228 4173
f 4437 4174 4175
f 4230 4266 4267
f 4267 4438 4119
f 4268 4176 4121
f 4438 4045 4119
f 4269 4122 4232
f 4232 4178 4233
f 4233 4178 4234
f 4178 4125 4234
f 4005 4235 3961
f 4005 4273 4235
f 4273 4272 4235
f 4275 4234 4126
f 4274 4179 4235
f 4126 4322 4275
f 4126 4276 4322
f 4179 4274 4180
f 4180 4276 4182
f 4326 4190 4236
f 4236 4189 4188
f 4237 4190 4280
f 4187 4237 4410
f 4410 4238 4187
f 4238 4192 4187
f 4240 4192 4238
f 4240 4238 4282
f 4131 4240 4283
f 4193 4058 4284
f 4416 4552 4536
f 4244 4243 4330
f 4289 4060 4288
f 4245 4136 4091
f 4246 4137 4248
f 4140 4247 4200
f 4247 4246 4248
f 4143 4201 4139
f 4332 4197 4198
f 4247 4248 4200
f 4200 4248 4199
f 4065 4096 4023
f 4201 4143 4249
f 4201 4249 4248
f 4291 4204 4203
f 4250 4249 4148
f 4334 4376 4066
f 4205 4252 4251
f 4292 4146 4204
f 4253 4024 4376
f 4148 4293 4419
f 4205 4146 4335
f 4099 4206 4337
f 4339 4207 4099
f 4293 4151 4294
f 4295 4207 4339
f 4207 4295 4208
f 4151 4067 4294
f 4338 4102 4153
f 4382 4026 4152
f 4342 4210 4383
f 4342 4254 4211
f 3989 4298 4032
f 3827 4255 4453
f 4110 4451 4344
f 3945 4212 4301
f 3856 4032 4384
f 3990 4386 4257
f 4387 3991 4258
f 4258 4162 4304
f 4164 4508 4307
f 4112 4509 4489
f 4221 4392 4035
f 4434 4076 4397
f 4223 4222 4348
f 4348 4310 4167
f 4311 4309 4166
f 4260 4166 4114
f 4167 4224 4225
f 4168 4225 4261
f 4168 4261 4078
f 4262 4078 4261
f 4351 4315 4263
f 4351 4263 4169
f 3957 4170 4355
f 4171 3957 4355
f 4228 4356 4172
f 4268 4403 4175
f 4176 4268 4175
f 4121 4231 4268
f 4268 4231 4269
f 4270 4474 4271
f 4271 4474 4319
f 4273 4177 4272
f 4359 4322 4276
f 4321 4276 4180
f 4274 4321 4180
f 4279 4277 4324
f 4326 4188 4365
f 4326 4236 4188
f 4280 4190 4480
f 4280 4410 4237
f 4410 4281 4238
f 4238 4281 4282
f 4281 4369 4282
f 4240 4282 4283
f 4411 4133 4241
f 4134 4328 4284
f 4242 4411 4241
f 4284 4484 4193
f 4242 4194 4285
f 4087 4193 4413
f 4194 4412 4285
f 3928 3840 4194
f 4329 3972 4287
f 4416 3973 4088
f 4330 4288 4244
f 3931 4013 4371
f 4332 4196 4197
f 4065 4196 4333
f 4065 4333 4096
f 4251 4332 4198
f 4332 4251 4252
f 4419 4250 4148
f 4146 4292 4335
f 4253 4205 4378
f 4337 4339 4099
f 4338 4293 4294
f 4338 4294 4102
f 4338 4153 4381
f 4152 4339 4382
f 4295 4339 4152
f 4383 4209 4341
f 4209 4383 4210
f 4153 4103 4381
f 4103 4254 4381
f 4156 4451 4300
f 4453 4213 4160
f 3676 4213 4343
f 3943 3887 4521
f 4212 4300 4301
f 4299 4108 4158
f 3430 4257 4454
f 4454 4257 4386
f 4215 4456 4388
f 4456 4215 4214
f 4346 4304 4162
f 3891 4506 4216
f 4577 4781 4259
f 4218 4305 4217
f 4218 4458 4305
f 4218 4307 4458
f 4219 4112 4489
f 4395 4113 4308
f 4113 4395 4396
f 4431 4397 4396
f 4220 4309 4347
f 4347 4309 4311
f 4349 4398 4311
f 4349 4311 4312
f 4224 4310 4349
f 4312 4313 4349
f 4224 4349 4313
f 4260 4311 4166
f 4312 4311 4260
f 4224 4313 4225
f 4225 4313 4316
f 4225 4316 4261
f 4261 4316 4350
f 4262 4261 4350
f 4350 4315 4351
f 4351 4352 4350
f 4262 4350 4352
f 4262 4352 4170
f 4351 4169 4353
f 4353 4169 4226
f 4227 4401 4264
f 4401 4226 4264
f 4227 4172 4356
f 4436 4228 4229
f 4317 4265 4171
f 4174 4437 4229
f 4317 4266 4230
f 4437 4175 4403
f 4268 4232 4512
f 4269 4232 4268
f 4045 4438 4473
f 4232 4233 4512
f 4045 4473 4270
f 4233 4234 4475
f 4319 4272 4271
f 4271 4272 4177
f 4320 4319 4318
f 4475 4234 4358
f 4272 4319 4320
f 4235 4272 4320
f 4235 4320 4274
f 4358 4234 4275
f 4321 4274 4320
f 4404 4358 4275
f 4321 4359 4276
f 4322 4404 4275
f 4277 4323 4278
f 4279 4324 4406
f 4478 4360 4278
f 4277 4325 4324
f 4278 4325 4277
f 4325 4278 4407
f 4407 4278 4360
f 4324 4325 4361
f 4325 4362 4361
f 4365 4188 4363
f 4188 4327 4363
f 4188 4191 4327
f 4480 4190 4326
f 4367 4191 4239
f 4482 4133 4529
f 4282 4369 4444
f 4283 4282 4444
f 4444 4445 4283
f 4134 4283 4328
f 4328 4484 4284
f 4194 3840 4412
f 4412 3840 4414
f 4087 4413 4286
f 4371 4013 4372
f 4195 4373 4290
f 4245 4331 4136
f 4195 4136 4373
f 4374 4196 4332
f 4333 4196 4374
f 4333 4334 4096
f 4375 4252 4205
f 4203 4446 4291
f 4375 4205 4253
f 4376 4375 4253
f 4292 4204 4291
f 4336 4335 4292
f 4378 4024 4253
f 4024 4378 4206
f 4293 4447 4419
f 4337 4206 4378
f 4340 4336 4379
f 4338 4447 4293
f 4341 4380 4340
f 4447 4338 4381
f 4341 4340 4383
f 4296 4420 4209
f 4297 4107 4537
f 4156 4344 4451
f 3945 4301 4256
f 4303 4161 3946
f 3990 4387 4386
f 3990 3991 4387
f 4387 4258 4345
f 4258 4304 4345
f 4215 4388 4506
f 4346 3953 4557
f 4259 4781 4632
f 4217 4305 4577
f 4507 4458 4307
f 4507 4307 4508
f 4391 4508 4164
f 4392 4429 4164
f 4391 4164 4429
f 3797 4219 4393
f 4037 4393 4461
f 4220 4347 4221
f 4397 4431 4434
f 4310 4398 4349
f 4314 4312 4260
f 4313 4312 4314
f 4313 4314 4316
f 4314 4315 4316
f 4316 4315 4350
f 4352 4351 4353
f 4226 4399 4353
f 4354 4170 4352
f 4170 4354 4355
f 4228 4436 4356
f 4402 4317 4171
f 4229 4437 4436
f 4317 4402 4266
f 4473 4474 4270
f 4357 4321 4320
f 4322 4323 4404
f 4279 4439 4277
f 4439 4405 4277
f 4279 4406 4514
f 4323 4277 4405
f 4323 4476 4278
f 4324 4361 4406
f 4361 4440 4406
f 4407 4362 4325
f 4408 4440 4361
f 4408 4361 4362
f 4442 4365 4363
f 4364 4327 4443
f 4363 4327 4364
f 4326 4365 4366
f 4366 4480 4326
f 4280 4409 4481
f 4280 4481 4410
f 4482 4368 4239
f 4445 4328 4283
f 4193 4484 4413
f 4088 4500 4553
f 4330 4370 4288
f 4330 3931 4371
f 4370 4330 4371
f 4370 4371 4417
f 4372 4417 4371
f 4288 4370 4289
f 4372 4290 4417
f 4418 4289 4370
f 4289 4418 4331
f 4373 4417 4290
f 4331 4418 4373
f 4331 4373 4136
f 4375 4374 4252
f 4252 4374 4332
f 4333 4374 4375
f 4334 4333 4375
f 4334 4375 4376
f 4203 4250 4446
f 4446 4250 4419
f 4335 4377 4205
f 4205 4377 4378
f 4292 4379 4336
f 4340 4380 4336
f 4380 4335 4336
f 4341 4420 4380
f 4340 4379 4383
f 4341 4209 4420
f 4382 4420 4296
f 4450 4381 4254
f 4342 4450 4254
f 4383 4450 4342
f 4110 4538 4451
f 4256 4301 4522
f 4157 4256 4452
f 4108 4299 4302
f 4538 3943 4521
f 4157 4452 4298
f 4158 4384 4299
f 4213 4453 4343
f 3430 4454 4589
f 3946 4556 4303
f 4387 4345 4423
f 4425 4345 4304
f 4346 4424 4304
f 3953 4457 4557
f 4305 4458 4487
f 4576 4488 3494
f 4393 4219 4490
f 4489 4560 4219
f 4395 4308 4491
f 4491 4308 4461
f 4461 4308 4037
f 4392 4221 4462
f 4395 4394 4396
f 4462 4221 4432
f 4431 4433 4434
f 4434 4466 4222
f 4465 4347 4311
f 4398 4465 4311
f 4222 4492 4348
f 4310 4492 4398
f 4348 4492 4310
f 4352 4399 4354
f 4352 4353 4399
f 4354 4399 4468
f 4354 4400 4355
f 4399 4226 4467
f 4401 4467 4226
f 4227 4356 4401
f 4171 4355 4471
f 4402 4435 4266
f 4494 4266 4435
f 4267 4266 4494
f 4495 4438 4267
f 4268 4512 4472
f 4233 4475 4512
f 4474 4318 4319
f 4320 4318 4357
f 4321 4515 4359
f 4358 4404 4496
f 4405 4496 4404
f 4359 4477 4322
f 4514 4439 4279
f 4323 4405 4404
f 4476 4323 4322
f 4527 4514 4406
f 4478 4278 4476
f 4362 4407 4585
f 4408 4441 4440
f 4441 4408 4364
f 4364 4408 4363
f 4442 4363 4408
f 4366 4365 4442
f 4443 4327 4498
f 4327 4191 4498
f 4191 4367 4498
f 4367 4239 4368
f 4518 4281 4410
f 4528 4281 4518
f 4369 4281 4528
f 4528 4444 4369
f 4529 4133 4571
f 4133 4411 4571
f 4285 4411 4242
f 4287 4286 4415
f 4415 4329 4287
f 4416 4088 4552
f 4370 4417 4418
f 4418 4417 4373
f 4292 4291 4485
f 4501 4419 4447
f 4377 4335 4380
f 4378 4449 4337
f 4377 4380 4420
f 4337 4449 4339
f 4382 4339 4449
f 4298 4452 4626
f 4255 4109 4302
f 4486 4343 4453
f 4592 3262 4541
f 4385 3430 4589
f 3262 4592 3315
f 4592 4556 3315
f 3315 4556 3946
f 4387 4455 4386
f 4423 4455 4387
f 4575 4214 4422
f 4456 4214 4575
f 4345 4425 4423
f 4425 4304 4424
f 4346 4557 4424
f 4305 4645 4577
f 4390 3494 4488
f 4111 4390 4459
f 4111 4459 4427
f 4430 4391 4429
f 4429 4392 4462
f 4428 4391 4430
f 4394 4460 4428
f 4460 4394 4395
f 4460 4395 4491
f 4394 4431 4396
f 4432 4221 4347
f 4466 4434 4433
f 4222 4466 4492
f 4465 4398 4492
f 4354 4468 4469
f 4468 4399 4467
f 4493 4401 4561
f 4401 4356 4561
f 4471 4402 4171
f 4495 4267 4494
f 4403 4268 4472
f 4475 4358 4526
f 4358 4496 4526
f 4405 4439 4496
f 4322 4477 4476
f 4585 4442 4362
f 4408 4362 4442
f 4364 4443 4550
f 4480 4366 4499
f 4498 4367 4497
f 4280 4480 4409
f 4410 4481 4518
f 4328 4445 4532
f 4328 4532 4484
f 4446 4485 4291
f 4292 4485 4379
f 4379 4485 4448
f 4378 4377 4449
f 4381 4448 4447
f 4448 4381 4450
f 4379 4448 4450
f 4383 4379 4450
f 4382 4449 4420
f 4385 4537 4107
f 4301 4300 4590
f 4298 4626 4421
f 4384 4032 4539
f 4256 4502 4452
f 4298 4421 4503
f 4032 4298 4503
f 4423 4425 4455
f 4455 4425 4424
f 4389 4216 4612
f 4576 4306 4389
f 4487 4645 4305
f 4427 4459 4509
f 4391 4428 4510
f 4463 4429 4462
f 4430 4429 4463
f 4394 4428 4430
f 4394 4430 4463
f 4463 4462 4432
f 4394 4463 4431
f 4463 4432 4433
f 4463 4433 4431
f 4433 4432 4466
f 4466 4432 4464
f 4432 4347 4464
f 4464 4347 4465
f 4354 4469 4400
f 4469 4468 4467
f 4469 4467 4401
f 4493 4469 4401
f 4400 4470 4471
f 4400 4471 4355
f 4470 4493 4524
f 4435 4470 4524
f 4471 4470 4402
f 4402 4470 4435
f 4561 4356 4436
f 4524 4494 4435
f 4437 4579 4436
f 4562 4495 4494
f 4318 4474 4581
f 4477 4359 4515
f 4479 4440 4441
f 4569 4364 4550
f 4442 4516 4366
f 4550 4443 4498
f 4516 4517 4366
f 4444 4528 4483
f 4483 4445 4444
f 4533 4411 4285
f 4533 4285 4412
f 3809 4329 4605
f 4500 3809 4605
f 4446 4501 4485
f 4446 4419 4501
f 4448 4501 4447
f 4377 4420 4449
f 3887 4671 4521
f 4301 4590 4522
f 4032 4554 4539
f 4384 4539 4299
f 4453 4255 4505
f 4256 4522 4502
f 4302 4299 4504
f 4454 4386 4455
f 4660 4455 4424
f 4388 4611 4506
f 4458 4507 4487
f 4510 4508 4391
f 4545 4510 4428
f 4545 4428 4460
f 4393 4490 4461
f 4461 4490 4511
f 4219 4560 4490
f 4461 4511 4491
f 4492 4466 4464
f 4464 4465 4492
f 4400 4469 4470
f 4469 4493 4470
f 4493 4561 4546
f 4524 4493 4546
f 4565 4512 4475
f 4318 4581 4566
f 4357 4318 4566
f 4357 4515 4321
f 4439 4514 4513
f 4496 4439 4513
f 4476 4477 4547
f 4476 4547 4478
f 4406 4440 4479
f 4364 4569 4441
f 4550 4498 4497
f 4499 4366 4517
f 4499 4409 4480
f 4483 4531 4445
f 4655 4411 4533
f 4484 4532 4519
f 4484 4519 4413
f 4413 4519 4520
f 4286 4413 4520
f 4535 4414 4536
f 4485 4501 4448
f 4486 4453 4505
f 3676 4609 4541
f 4032 4503 4554
f 4594 4422 4593
f 4593 4422 4161
f 4594 4575 4422
f 4660 4424 4557
f 4456 4610 4388
f 4426 4259 4632
f 4489 4544 4560
f 4460 4511 4545
f 4511 4460 4491
f 4524 4546 4494
f 4579 4437 4403
f 4495 4525 4438
f 4438 4525 4473
f 4580 4474 4473
f 4474 4580 4581
f 4475 4526 4565
f 4526 4496 4513
f 4527 4618 4514
f 4547 4477 4515
f 4567 4527 4406
f 4478 4548 4360
f 4360 4621 4407
f 4407 4622 4585
f 4367 4551 4497
f 4368 4482 4599
f 4530 4483 4528
f 4655 4571 4411
f 4445 4531 4532
f 4601 4532 4531
f 4519 4534 4520
f 4535 4602 4412
f 4412 4414 4535
f 4088 4553 4552
f 4297 4537 4606
f 4300 4451 4572
f 4255 4302 4698
f 4486 4540 4343
f 3676 4343 4609
f 4502 4522 4542
f 4452 4502 4573
f 4658 4589 4454
f 4454 4455 4658
f 4303 4593 4161
f 4426 4685 4457
f 4457 4685 4557
f 4632 4685 4426
f 4612 4576 4389
f 4781 4686 4632
f 4507 4543 4487
f 4507 4508 4543
f 4508 4510 4543
f 4459 4544 4509
f 4509 4544 4489
f 4490 4523 4511
f 4494 4546 4562
f 4403 4472 4579
f 4512 4564 4472
f 4512 4565 4564
f 4515 4357 4566
f 4514 4618 4513
f 4548 4478 4547
f 4406 4479 4567
f 4567 4479 4568
f 4407 4621 4622
f 4442 4585 4516
f 4367 4368 4551
f 4551 4368 4599
f 4481 4409 4600
f 4600 4518 4481
f 4482 4529 4586
f 4624 4528 4518
f 4532 4601 4519
f 4533 4412 4602
f 4535 4603 4602
f 4587 4520 4534
f 4520 4587 4415
f 4520 4415 4286
f 4297 4606 4671
f 4521 4671 4538
f 4572 4590 4300
f 4522 4590 4542
f 4385 4589 4537
f 4486 4505 4555
f 4455 4660 4658
f 4575 4610 4456
f 4216 4661 4612
f 4612 4661 4727
f 4661 4216 4506
f 4487 4543 4645
f 4390 4488 4459
f 4544 4459 4558
f 4510 4545 4559
f 4523 4545 4511
f 4523 4490 4560
f 4561 4436 4635
f 4578 4562 4546
f 4436 4579 4635
f 4562 4563 4495
f 4563 4525 4495
f 4525 4580 4473
f 4526 4666 4565
f 4526 4513 4666
f 4548 4549 4360
f 4583 4568 4479
f 4549 4621 4360
f 4584 4583 4479
f 4569 4550 4667
f 4517 4516 4570
f 4599 4482 4586
f 4531 4483 4530
f 4519 4601 4641
f 4534 4519 4641
f 4536 4588 4535
f 4415 4604 4329
f 4536 4552 4588
f 4500 4605 4553
f 4452 4573 4607
f 4421 4626 4627
f 4255 4698 4505
f 4502 4542 4573
f 4421 4554 4503
f 4591 4539 4554
f 4299 4673 4504
f 4302 4504 4698
f 4685 4684 4557
f 4577 4645 4781
f 4595 4543 4614
f 4558 4459 4613
f 4559 4614 4543
f 4559 4543 4510
f 4523 4559 4545
f 4566 4581 4582
f 4513 4618 4707
f 4547 4651 4548
f 4479 4441 4584
f 4441 4569 4584
f 4516 4585 4570
f 4693 4518 4600
f 4624 4518 4693
f 4571 4586 4529
f 4530 4528 4624
f 4415 4587 4604
f 4603 4535 4588
f 4538 4671 4608
f 4572 4451 4739
f 4421 4627 4554
f 4299 4539 4673
f 4452 4607 4629
f 4486 4555 4540
f 4609 4592 4541
f 4592 4630 4556
f 4630 4659 4556
f 4574 4556 4659
f 4574 4303 4556
f 4303 4574 4593
f 4610 4611 4388
f 4596 4523 4560
f 4546 4561 4578
f 4578 4616 4562
f 4579 4636 4635
f 4582 4597 4566
f 4666 4513 4707
f 4566 4597 4515
f 4618 4527 4638
f 4527 4598 4638
f 4567 4598 4527
f 4515 4651 4547
f 4598 4568 4678
f 4567 4568 4598
f 4583 4678 4568
f 4620 4584 4569
f 4667 4620 4569
f 4550 4497 4667
f 4499 4692 4409
f 4599 4654 4551
f 4531 4639 4601
f 4669 4587 4534
f 4604 4605 4329
f 4538 4608 4683
f 4539 4699 4673
f 4673 4698 4504
f 4626 4452 4629
f 4699 4539 4591
f 4611 4661 4506
f 4543 4595 4645
f 4459 4488 4613
f 4596 4544 4634
f 4544 4596 4560
f 4615 4578 4561
f 4615 4561 4635
f 4636 4664 4635
f 4562 4616 4563
f 4579 4472 4636
f 4617 4582 4581
f 4619 4583 4584
f 4549 4691 4621
f 4619 4584 4620
f 4585 4622 4679
f 4585 4718 4570
f 4623 4499 4517
f 4667 4497 4680
f 4551 4680 4497
f 4680 4551 4654
f 4668 4571 4655
f 4531 4530 4639
f 4639 4640 4601
f 4534 4641 4669
f 4587 4669 4642
f 4642 4604 4587
f 4588 4682 4603
f 4625 4605 4604
f 4552 4553 4588
f 4588 4553 4625
f 4553 4605 4625
f 4451 4538 4683
f 4572 4739 4590
f 4554 4627 4697
f 4451 4683 4739
f 4574 4643 4593
f 4594 4593 4643
f 4631 4610 4575
f 4614 4646 4595
f 4646 4614 4559
f 4544 4558 4634
f 4523 4648 4559
f 4634 4648 4596
f 4596 4648 4523
f 4616 4578 4615
f 4564 4747 4472
f 4649 4525 4563
f 4649 4617 4580
f 4525 4649 4580
f 4580 4617 4581
f 4618 4637 4707
f 4618 4638 4637
f 4548 4710 4549
f 4621 4652 4622
f 4679 4718 4585
f 4718 4653 4570
f 4517 4570 4653
f 4517 4653 4623
f 4692 4499 4623
f 4692 4600 4409
f 4571 4668 4586
f 4656 4655 4533
f 4656 4533 4602
f 4640 4641 4601
f 4625 4604 4642
f 4588 4625 4696
f 4606 4537 4713
f 4343 4540 4724
f 4537 4589 4713
f 4542 4590 4628
f 4573 4542 4628
f 4607 4672 4629
f 4697 4591 4554
f 4630 4592 4609
f 4594 4643 4631
f 4575 4594 4631
f 4610 4631 4611
f 4727 4661 4611
f 4613 4633 4558
f 4648 4646 4559
f 4615 4635 4687
f 4747 4636 4472
f 4689 4747 4564
f 4565 4665 4564
f 4515 4597 4651
f 4691 4652 4621
f 4622 4652 4679
f 4682 4588 4670
f 4625 4642 4705
f 4698 4673 4715
f 4505 4698 4657
f 4540 4674 4724
f 4589 4658 4713
f 4770 4626 4629
f 4505 4657 4555
f 4674 4540 4555
f 4643 4574 4659
f 4643 4659 4644
f 4643 4644 4631
f 4631 4644 4611
f 4557 4684 4660
f 4488 4759 4613
f 4558 4633 4647
f 4647 4646 4648
f 4558 4647 4634
f 4634 4647 4648
f 4616 4615 4663
f 4687 4635 4664
f 4664 4636 4675
f 4677 4617 4649
f 4665 4689 4564
f 4666 4665 4565
f 4650 4637 4638
f 4709 4548 4651
f 4586 4654 4599
f 4693 4600 4702
f 4530 4624 4703
f 4639 4530 4703
f 4694 4640 4639
f 4603 4704 4602
f 4696 4625 4705
f 4343 4724 4609
f 4607 4573 4628
f 4727 4744 4612
f 4645 4800 4781
f 4646 4746 4595
f 4662 4746 4646
f 4646 4647 4662
f 4633 4662 4647
f 4615 4687 4663
f 4616 4663 4563
f 4663 4649 4563
f 4617 4729 4582
f 4582 4690 4597
f 4623 4720 4692
f 4586 4668 4734
f 4668 4655 4656
f 4695 4641 4640
f 4641 4695 4669
f 4603 4682 4704
f 4670 4588 4696
f 4672 4607 4769
f 4697 4699 4591
f 4683 4714 4739
f 4555 4657 4674
f 4630 4700 4659
f 4700 4644 4659
f 4612 4758 4576
f 4686 4685 4632
f 4595 4746 4800
f 4613 4759 4633
f 4636 4728 4675
f 4664 4675 4676
f 4676 4677 4688
f 4688 4677 4649
f 4747 4728 4636
f 4665 4666 4707
f 4650 4708 4637
f 4651 4597 4690
f 4690 4709 4651
f 4548 4709 4710
f 4583 4732 4678
f 4732 4583 4619
f 4549 4710 4691
f 4620 4667 4711
f 4667 4680 4711
f 4623 4653 4719
f 4711 4680 4712
f 4654 4712 4680
f 4600 4692 4733
f 4654 4586 4734
f 4668 4656 4736
f 4669 4681 4642
f 4671 4606 4608
f 4769 4607 4628
f 4657 4698 4755
f 4629 4672 4770
f 4673 4699 4706
f 4658 4660 4756
f 4644 4727 4611
f 4612 4744 4758
f 4576 4758 4701
f 4633 4759 4662
f 4687 4664 4688
f 4664 4676 4688
f 4663 4687 4688
f 4663 4688 4649
f 4677 4676 4716
f 4582 4729 4690
f 4637 4708 4707
f 4679 4652 4717
f 4623 4719 4720
f 4720 4733 4692
f 4693 4702 4735
f 4693 4703 4624
f 4694 4639 4703
f 4721 4656 4704
f 4704 4656 4602
f 4681 4669 4695
f 4740 4590 4723
f 4627 4626 4780
f 4590 4740 4628
f 4697 4627 4741
f 4673 4706 4715
f 4726 4727 4644
f 4676 4675 4716
f 4677 4748 4617
f 4617 4748 4729
f 4650 4638 4598
f 4730 4650 4598
f 4730 4598 4678
f 4619 4620 4749
f 4620 4711 4749
f 4679 4717 4718
f 4653 4718 4719
f 4733 4702 4600
f 4737 4693 4735
f 4693 4737 4703
f 4765 4694 4703
f 4704 4682 4767
f 4681 4777 4642
f 4722 4696 4705
f 4642 4777 4705
f 4722 4670 4696
f 4715 4742 4698
f 4672 4769 4770
f 4627 4780 4741
f 4657 4790 4674
f 4630 4609 4791
f 4660 4684 4757
f 4757 4684 4773
f 4685 4745 4684
f 4645 4595 4800
f 4662 4759 4746
f 4677 4716 4748
f 4729 4761 4690
f 4794 4708 4650
f 4678 4732 4763
f 4691 4775 4652
f 4734 4668 4736
f 4640 4766 4695
f 4695 4766 4681
f 4750 4704 4767
f 4670 4767 4682
f 4608 4606 4796
f 4590 4739 4723
f 4755 4698 4742
f 4683 4608 4725
f 4683 4725 4714
f 4724 4674 4790
f 4700 4630 4791
f 4727 4726 4744
f 4685 4686 4745
f 4488 4576 4759
f 4771 4689 4665
f 4771 4665 4707
f 4690 4761 4709
f 4775 4691 4710
f 4801 4718 4717
f 4718 4801 4719
f 4736 4656 4721
f 4765 4703 4737
f 4694 4766 4640
f 4751 4670 4722
f 4738 4751 4722
f 4777 4722 4705
f 4606 4713 4752
f 4756 4713 4658
f 4628 4740 4769
f 4697 4741 4754
f 4699 4697 4754
f 4699 4754 4706
f 4726 4644 4700
f 4576 4701 4759
f 4707 4708 4771
f 4730 4678 4763
f 4731 4775 4710
f 4619 4749 4732
f 4801 4764 4719
f 4720 4786 4733
f 4702 4733 4838
f 4712 4654 4734
f 4787 4704 4750
f 4777 4681 4766
f 4751 4767 4670
f 4626 4770 4780
f 4790 4753 4724
f 4724 4753 4609
f 4608 4796 4725
f 4714 4725 4768
f 4756 4660 4757
f 4684 4743 4773
f 4745 4743 4684
f 4760 4675 4728
f 4747 4689 4783
f 4771 4783 4689
f 4809 4771 4708
f 4762 4710 4709
f 4762 4731 4710
f 4652 4776 4717
f 4711 4712 4802
f 4719 4764 4720
f 4750 4767 4806
f 4777 4738 4722
f 4770 4819 4780
f 4752 4713 4756
f 4725 4796 4768
f 4714 4768 4789
f 4739 4714 4789
f 4740 4723 4779
f 4715 4706 4754
f 4726 4792 4744
f 4781 4866 4686
f 4760 4716 4675
f 4782 4716 4760
f 4716 4782 4748
f 4747 4783 4760
f 4747 4760 4728
f 4748 4823 4729
f 4762 4709 4761
f 4732 4749 4812
f 4775 4776 4652
f 4733 4786 4838
f 4765 4737 4804
f 4805 4721 4787
f 4787 4721 4704
f 4765 4766 4694
f 4788 4768 4796
f 4739 4789 4723
f 4740 4779 4769
f 4854 4726 4700
f 4744 4793 4758
f 4792 4793 4744
f 4701 4758 4799
f 4708 4794 4810
f 4650 4784 4794
f 4730 4784 4650
f 4774 4731 4762
f 4776 4824 4717
f 4702 4838 4735
f 4737 4735 4815
f 4721 4805 4736
f 4766 4765 4795
f 4768 4788 4789
f 4755 4742 4778
f 4757 4820 4756
f 4808 4782 4760
f 4760 4783 4821
f 4748 4782 4823
f 4823 4761 4729
f 4772 4784 4730
f 4772 4730 4763
f 4774 4762 4834
f 4763 4732 4812
f 4731 4774 4785
f 4731 4785 4775
f 4775 4785 4776
f 4749 4711 4802
f 4720 4764 4786
f 4815 4804 4737
f 4787 4750 4806
f 4825 4777 4766
f 4806 4767 4751
f 4606 4752 4796
f 4769 4818 4770
f 4780 4862 4741
f 4742 4715 4829
f 4742 4829 4778
f 4657 4755 4778
f 4657 4778 4790
f 4791 4609 4853
f 4609 4753 4853
f 4791 4854 4700
f 4863 4756 4820
f 4758 4793 4799
f 4746 4759 4800
f 4701 4807 4759
f 4821 4808 4760
f 4708 4810 4809
f 4749 4849 4812
f 4717 4824 4801
f 4764 4801 4837
f 4802 4712 4814
f 4734 4736 4816
f 4806 4861 4787
f 4751 4817 4806
f 4766 4795 4825
f 4825 4738 4777
f 4863 4752 4756
f 4779 4723 4789
f 4770 4818 4798
f 4780 4819 4827
f 4780 4827 4862
f 4745 4686 4866
f 4771 4809 4783
f 4761 4823 4833
f 4761 4833 4762
f 4774 4811 4785
f 4749 4802 4813
f 4712 4734 4803
f 4815 4735 4838
f 4734 4816 4803
f 4805 4816 4736
f 4765 4804 4795
f 4841 4817 4751
f 4751 4738 4841
f 4715 4754 4829
f 4779 4789 4797
f 4779 4818 4769
f 4819 4770 4798
f 4819 4798 4827
f 4757 4773 4830
f 4799 4793 4844
f 4799 4807 4701
f 4782 4822 4823
f 4794 4784 4846
f 4834 4811 4774
f 4772 4763 4812
f 4785 4811 4859
f 4785 4884 4776
f 4884 4824 4776
f 4749 4813 4849
f 4786 4764 4860
f 4803 4814 4712
f 4805 4787 4861
f 4825 4841 4738
f 4778 4843 4790
f 4797 4901 4779
f 4778 4829 4843
f 4791 4853 4865
f 4854 4791 4865
f 4726 4854 4792
f 4830 4820 4757
f 4743 4906 4773
f 4745 4831 4743
f 4792 4844 4793
f 4745 4866 4831
f 4845 4807 4799
f 4781 4867 4866
f 4781 4800 4867
f 4759 4807 4856
f 4782 4808 4822
f 4794 4846 4810
f 4834 4762 4833
f 4804 4815 4840
f 4806 4817 4861
f 4788 4797 4789
f 4818 4826 4798
f 4827 4798 4826
f 4871 4792 4854
f 4792 4871 4855
f 4799 4844 4845
f 4759 4882 4800
f 4783 4809 4868
f 4809 4810 4868
f 4822 4808 4832
f 4824 4836 4801
f 4878 4803 4816
f 4805 4861 4851
f 4804 4825 4795
f 4817 4841 4879
f 4842 4841 4825
f 4779 4901 4818
f 4741 4862 4864
f 4754 4741 4864
f 4865 4871 4854
f 4902 4820 4830
f 4830 4773 4872
f 4855 4844 4792
f 4856 4807 4845
f 4759 4856 4882
f 4847 4783 4883
f 4783 4847 4821
f 4821 4832 4808
f 4832 4821 4847
f 4848 4784 4772
f 4836 4877 4801
f 4813 4802 4835
f 4802 4814 4835
f 4877 4837 4801
f 4860 4764 4837
f 4839 4815 4838
f 4804 4840 4825
f 4796 4752 4852
f 4797 4788 4901
f 4754 4864 4828
f 4820 4928 4863
f 4906 4872 4773
f 4844 4874 4845
f 4783 4868 4883
f 4868 4810 4857
f 4810 4846 4857
f 4822 4832 4847
f 4784 4848 4846
f 4859 4884 4785
f 4850 4824 4884
f 4850 4836 4824
f 4839 4838 4786
f 4870 4815 4839
f 4878 4816 4851
f 4816 4805 4851
f 4840 4842 4825
f 4842 4879 4841
f 4754 4828 4829
f 4844 4855 4874
f 4831 4866 4873
f 4881 4867 4800
f 4882 4881 4800
f 4822 4847 4858
f 4823 4822 4858
f 4833 4823 4858
f 4857 4846 4848
f 4772 4812 4875
f 4875 4812 4895
f 4911 4849 4813
f 4786 4860 4885
f 4839 4786 4885
f 4814 4803 4869
f 4803 4878 4869
f 4815 4888 4840
f 4887 4840 4888
f 4840 4887 4842
f 4879 4861 4817
f 4887 4879 4842
f 4796 4852 4788
f 4753 4880 4853
f 4853 4880 4865
f 4902 4830 4872
f 4831 4917 4743
f 4743 4917 4906
f 4831 4873 4917
f 4892 4856 4845
f 4858 4847 4883
f 4894 4834 4833
f 4834 4894 4811
f 4772 4875 4848
f 4811 4894 4859
f 4895 4812 4849
f 4885 4870 4839
f 4886 4869 4878
f 4870 4888 4815
f 4788 4927 4901
f 4826 4964 4827
f 4843 4753 4790
f 4752 4863 4928
f 4852 4752 4928
f 4829 4828 4843
f 4820 4902 4928
f 4871 4889 4855
f 4845 4874 4892
f 4904 4874 4855
f 4867 4873 4866
f 4856 4892 4882
f 4883 4868 4907
f 4909 4859 4894
f 4911 4895 4849
f 4909 4896 4859
f 4896 4884 4859
f 4813 4835 4911
f 4836 4850 4876
f 4814 4869 4912
f 4869 4886 4912
f 4885 4897 4870
f 4878 4851 4899
f 4914 4851 4879
f 4879 4851 4861
f 4887 4900 4879
f 4872 4906 4890
f 4891 4873 4867
f 4922 4907 4868
f 4868 4857 4922
f 4857 4848 4908
f 4877 4836 4876
f 4835 4814 4912
f 4926 4885 4925
f 4926 4897 4885
f 4899 4913 4886
f 4878 4899 4886
f 4900 4914 4879
f 4901 4927 4818
f 4826 4818 4964
f 4827 4964 4862
f 4843 4977 4753
f 4753 4965 4880
f 4828 4864 4843
f 4865 4880 4915
f 4865 4889 4871
f 4915 4889 4865
f 4889 4904 4855
f 4902 4872 4890
f 4873 4918 4917
f 4874 4920 4892
f 4907 4858 4883
f 4858 4893 4833
f 4833 4893 4894
f 4922 4857 4908
f 4908 4848 4875
f 4894 4893 4909
f 4895 4911 4941
f 4884 4896 4850
f 4924 4876 4910
f 4910 4876 4850
f 4860 4837 4877
f 4860 4925 4885
f 4913 4936 4886
f 4926 4898 4897
f 4898 4913 4899
f 4870 4897 4888
f 4888 4900 4887
f 4851 4914 4899
f 4864 4862 4944
f 4890 4903 4902
f 4905 4890 4906
f 4891 4918 4873
f 4904 4920 4874
f 4919 4882 4892
f 4881 4891 4867
f 4921 4891 4881
f 4893 4858 4907
f 4909 4893 4923
f 4850 4896 4910
f 4911 4835 4912
f 4924 4877 4876
f 4925 4860 4877
f 4936 4935 4886
f 4926 4913 4898
f 4914 4898 4899
f 4897 4898 4914
f 4888 4897 4914
f 4900 4888 4914
f 4964 4818 4927
f 4862 4964 4944
f 4864 4944 4843
f 4938 4904 4889
f 4903 4890 4929
f 4916 4929 4890
f 4916 4890 4905
f 4917 4905 4906
f 4918 4930 4917
f 4921 4881 4919
f 4881 4882 4919
f 4893 4907 4923
f 4907 4922 4923
f 4932 4922 4908
f 4923 4933 4909
f 4933 4896 4909
f 4940 4896 4933
f 4924 4943 4877
f 4912 4935 4941
f 4886 4935 4912
f 4925 4937 4926
f 4926 4937 4913
f 4753 4977 4965
f 4952 4852 4928
f 4902 4952 4928
f 4917 4930 4905
f 4918 4946 4930
f 4918 4931 4946
f 4891 4931 4918
f 4921 4931 4891
f 4892 4939 4919
f 4920 4939 4892
f 4923 4922 4948
f 4875 4932 4908
f 4875 4895 4932
f 4957 4933 4923
f 4932 4895 4934
f 4940 4933 4957
f 4941 4934 4895
f 4896 4940 4910
f 4911 4912 4941
f 4925 4877 4943
f 4880 4965 4915
f 4903 4952 4902
f 4889 4915 4938
f 4904 4959 4920
f 4905 4954 4916
f 4930 4954 4905
f 4921 4947 4931
f 4919 4947 4921
f 4920 4945 4939
f 4948 4922 4932
f 4923 4948 4957
f 4956 4934 4949
f 4949 4934 4942
f 4910 4958 4924
f 4934 4941 4942
f 4942 4941 4950
f 4949 4942 4943
f 4924 4949 4943
f 4942 4950 4943
f 4925 4943 4951
f 4937 4925 4951
f 4937 4936 4913
f 4788 4852 4971
f 4852 4952 4971
f 4915 4953 4938
f 4904 4938 4959
f 4945 4920 4959
f 4930 4946 4954
f 4947 4946 4931
f 4919 4939 4947
f 4934 4956 4932
f 4957 4958 4940
f 4958 4956 4949
f 4940 4958 4910
f 4924 4958 4949
f 4935 4950 4941
f 4943 4950 4951
f 4951 4950 4935
f 4951 4935 4936
f 4937 4951 4936
f 4843 4944 4977
f 4965 4953 4915
f 4903 4966 4952
f 4929 4966 4903
f 4954 4960 4916
f 4961 4979 4954
f 4961 4954 4946
f 4946 4963 4962
f 4947 4963 4946
f 4947 4955 4963
f 4939 4955 4947
f 4939 4968 4955
f 4945 4968 4939
f 4932 4956 4948
f 4957 4956 4958
f 4948 4956 4957
f 4927 4788 4971
f 4944 4972 4977
f 4971 4952 4966
f 4938 4953 4982
f 4960 4929 4916
f 4979 4960 4954
f 4961 4962 4974
f 4962 4961 4946
f 4955 4970 4963
f 4970 4955 4968
f 4981 4966 4960
f 4960 4966 4929
f 4982 4959 4938
f 4969 4974 4962
f 4967 4974 4969
f 4970 4987 4969
f 4963 4969 4962
f 4970 4969 4963
f 4927 4971 4975
f 4965 4977 4978
f 4966 4981 4971
f 4953 4965 4982
f 4945 4959 4973
f 4945 4973 4968
f 4968 4987 4970
f 4987 4967 4969
f 4964 4927 4975
f 4964 4975 4976
f 4975 4971 4981
f 4978 4982 4965
f 4986 4959 4982
f 4984 4981 4960
f 4984 4960 4979
f 4974 4979 4961
f 4964 4976 4980
f 4944 4964 4980
f 4944 4980 4972
f 4977 4972 4988
f 4977 4988 4985
f 4978 4977 4985
f 4981 4984 4975
f 4982 4978 4986
f 4959 4986 4973
f 4974 4967 4979
f 4968 4973 4987
f 4976 4983 4980
f 4983 4972 4980
f 4984 4989 4975
f 4976 4975 4989
f 4983 4976 4989
f 4985 4986 4978
f 4989 4984 4992
f 4992 4984 4979
f 4973 4986 4993
f 4967 4992 4979
f 4993 4987 4973
f 4994 4967 4987
f 4989 4990 4983
f 4983 4990 4972
f 4991 4972 4990
f 4988 4972 4991
f 4985 4988 4991
f 4994 4989 4992
f 4990 4989 4994
f 4986 4985 4993
f 4994 4992 4967
f 4991 4990 4994
f 4993 4991 4994
f 4991 4993 4985
f 4993 4994 4987

