# https://github.com/mikedh/trimesh
v -0.93854922 -0.79629368 0.18079701
v -0.93193482 -0.79077105 0.20499615
v -0.94001510 -0.84984119 0.21924962
v -0.92961108 -0.83837916 0.17984278
v -0.92979286 -0.86827868 0.12490367
v -0.93135004 -0.82751926 0.13329728
v -0.93309488 -0.84281538 0.22679318
v -0.92621994 -0.82141603 0.19860589
v -0.92133944 -0.92043279 0.14862011
v -0.90628486 -0.87827795 0.22129231
v -0.93007840 -0.79787096 0.17582228
v -0.91772647 -0.80284212 0.19702563
v -0.90088705 -0.75351054 0.17790113
v -0.89457396 -0.91990240 0.15811904
v -0.90424588 -0.89212065 0.16331631
v -0.91468093 -0.72708453 0.00816669
v -0.91733845 -0.88942190 0.23284737
v -0.90494205 -0.87441888 0.17828659
v -0.91351080 -0.83047917 0.02786975
v -0.91107590 -0.80107281 0.17891633
v -0.89301889 -0.74134432 0.19080035
v -0.92073791 -0.74314291 0.17120301
v -0.90610725 -0.70978095 0.02070075
v -0.91068572 -0.88336951 0.12361513
v -0.89075656 -0.82954102 0.14410174
v -0.89843149 -0.77354480 -0.00260708
v -0.90516292 -0.76454413 0.05055771
v -0.88639410 -0.95760005 0.18240402
v -0.91072227 -0.83814717 0.20295154
v -0.89890005 -0.81352779 0.15513260
v -0.89236774 -0.79984021 0.15060663
v -0.90607281 -0.78179381 0.20866813
v -0.89516863 -0.77835342 0.02736035
v -0.89690340 -0.73679416 -0.01079781
v -0.88948919 -0.87404857 0.10803171
v -0.91166388 -0.86834677 0.09846771
v -0.88801700 -0.84708561 0.19496726
v -0.89461243 -0.81439642 0.11195464
v -0.88808358 -0.76757320 0.18657874
v -0.90309017 -0.77829771 0.10853629
v -0.88695420 -0.72271057 0.15050560
v -0.89143458 -0.92112330 0.12534068
v -0.89418165 -0.92575374 0.20196037
v -0.87977235 -0.92601494 0.18019097
v -0.89094314 -0.91468979 0.09327608
v -0.89157672 -0.86931394 0.22697882
v -0.89060760 -0.87643940 0.21379959
v -0.89704283 -0.55529494 0.07025169
v -0.89760239 -0.80943227 0.07964613
v -0.88045082 -0.77941070 0.02841958
v -0.89068339 -0.55607589 0.02959002
v -0.89089869 -0.47472530 -0.01231627
v -0.87307042 -0.93383082 0.24046474
v -0.88925579 -0.90181151 0.21189853
v -0.88907891 -0.88242820 0.16016898
v -0.89675630 -0.83978967 0.18638765
v -0.88460809 -0.81044478 0.02216283
v -0.89088397 -0.79293930 0.16514824
v -0.88657312 -0.72549410 -0.01480372
v -0.88814519 -0.57344378 0.07486827
v -0.88177381 -0.51401509 0.05025524
v -0.88998907 -0.94000865 0.12131397
v -0.86696097 -0.82948212 0.11868250
v -0.86707641 -0.77569893 0.09738552
v -0.86513043 -0.73287184 0.08243177
v -0.87916117 -0.61941876 0.09373632
v -0.88253537 -0.50913555 -0.02321053
v -0.86987401 -0.40907814 -0.04579014
v -0.87987518 -0.89205805 0.19482970
v -0.89192311 -0.86922277 0.06129655
v -0.86825274 -0.85506329 0.19968121
v -0.85856238 -0.82515869 0.19059142
v -0.87397406 -0.80335510 0.00158104
v -0.88550317 -0.41735454 -0.03682055
v -0.86898200 -0.84014894 0.05616584
v -0.86934517 -0.77430843 0.07126994
v -0.87795505 -0.63136106 0.02768021
v -0.86466736 -0.95825887 0.20233875
v -0.86973356 -0.94786161 0.16269596
v -0.85750536 -0.81333920 0.08667340
v -0.84723258 -0.68011245 0.04140327
v -0.87435987 -0.96641467 0.14356325
v -0.87602387 -0.86578624 0.20076908
v -0.85549118 -0.75844912 0.16903726
v -0.88161677 -0.73878198 -0.00787706
v -0.88465408 -0.75132434 0.01461101
v -0.87846004 -0.65186690 -0.04216628
v -0.86709226 -0.45579997 -0.05792608
v -0.86988905 -0.32871082 -0.05845684
v -0.84032659 0.20004049 -0.09385033
v -0.87678961 -0.96423286 0.17182237
v -0.86656599 -0.91041839 0.19433872
v -0.84632333 -0.62314181 -0.05600979
v -0.84203107 -0.94680752 0.13521458
v -0.84678317 -0.89130352 0.21599416
v -0.85766381 -0.88723617 0.06492283
v -0.86856487 -0.83778935 0.20186667
v -0.85634766 -0.78979978 -0.01010491
v -0.85928845 -0.79666819 0.18814447
v -0.85510095 -0.76051426 0.00950699
v -0.86439193 -0.72910267 0.18470231
v -0.83761345 -0.72731998 -0.02884569
v -0.87514548 -0.46099044 0.03460161
v -0.84508544 -0.33656568 -0.09762831
v -0.87691828 -0.42848887 -0.02000291
v -0.84914770 -0.30094926 -0.08590009
v -0.85815892 -0.32291402 -0.01606906
v -0.85836237 -0.88819812 0.09784386
v -0.86442739 -0.83190735 0.01094063
v -0.85742678 -0.80380420 -0.00647315
v -0.84753382 -0.80277221 0.02026379
v -0.85717630 -0.79741213 0.00747380
v -0.85910761 -0.78797725 -0.00921220
v -0.87514605 -0.77059076 0.07844550
v -0.85273406 -0.29519081 -0.05726957
v -0.84798968 -0.25235659 -0.08774857
v -0.86738286 0.18033960 -0.08935136
v -0.85930401 0.19095513 -0.03481866
v -0.86026753 -0.89914788 0.08036893
v -0.85677005 -0.89176103 0.08389549
v -0.84353294 -0.82884622 0.02997666
v -0.81138568 -0.73242198 -0.01027185
v -0.85222122 -0.75547076 0.11081064
v -0.84416067 -0.72484319 0.13356050
v -0.86318596 -0.74971233 0.05783027
v -0.84395260 -0.68645294 0.08011601
v -0.85205249 -0.57671204 -0.04045581
v -0.85377067 -0.25768512 -0.05941338
v -0.86210338 0.17907764 0.01237246
v -0.82780273 -0.80610992 0.00563076
v -0.83354400 -0.76335154 -0.02137706
v -0.84263064 -0.80450191 0.10785661
v -0.85477361 -0.73288897 0.04302336
v -0.87150442 -0.52323987 0.07186131
v -0.84327648 -0.15122222 -0.03154214
v -0.84273731 0.22148871 -0.01924136
v -0.84514283 -0.84324864 0.20345389
v -0.82321060 -0.85235291 0.18525975
v -0.81846542 -0.79104705 0.10763676
v -0.83111524 -0.69833888 0.04874137
v -0.84710661 -0.65817221 -0.05413038
v -0.85630010 -0.53219512 0.10154188
v -0.83947813 -0.17467535 -0.09796421
v -0.86011805 -0.93511767 0.22371778
v -0.85291581 -0.85977697 0.07820975
v -0.88924137 -0.84605041 0.10470682
v -0.84396651 -0.76696225 0.08424496
v -0.82457664 -0.74646645 0.06946433
v -0.82942819 -0.69937310 -0.02606005
v -0.84223149 -0.56109455 -0.06616985
v -0.83448968 -0.39223292 -0.10047316
v -0.84505122 -0.40676766 0.05089333
v -0.83651716 -0.24208897 -0.02642666
v -0.84317799 -0.19706166 -0.04812918
v -0.85608026 -0.95837155 0.15314957
v -0.84995595 -0.71930577 -0.01306541
v -0.82346255 -0.66734303 -0.03657061
v -0.84679218 -0.05709000 -0.00250274
v -0.84586281 0.15339833 -0.04785323
v -0.81393039 0.13294972 -0.05652813
v -0.85683445 0.25440380 -0.03157462
v -0.83504825 -0.80971559 0.19064007
v -0.82413374 -0.73530595 -0.01215924
v -0.79338989 -0.71402098 -0.02188310
v -0.82466944 -0.73845544 0.03560384
v -0.81719093 -0.68335890 0.02039125
v -0.82219958 -0.51022959 -0.09325275
v -0.83947211 -0.18764466 -0.01625136
v -0.83843432 -0.11132485 -0.02941994
v -0.83487336 -0.07283880 -0.03703502
v -0.82328033 0.19952681 0.02791047
v -0.82803427 -0.90814458 0.11927154
v -0.81625007 -0.93465246 0.09661904
v -0.82926455 -0.85275629 0.10193697
v -0.85238438 -0.80255244 0.03993240
v -0.81957928 -0.76999285 0.16943763
v -0.78472555 -0.74758335 0.12057497
v -0.82217026 -0.17925764 -0.02524272
v -0.80768223 -0.07544593 -0.01412706
v -0.82602733 -0.01920265 -0.06083850
v -0.84516818 -0.00930945 -0.00880896
v -0.83107839 -0.78944300 0.08177578
v -0.81438206 -0.71534026 0.06853729
v -0.81700432 -0.50120423 -0.07963032
v -0.83375710 -0.47165393 -0.08260987
v -0.83945746 -0.12090498 0.00112275
v -0.81435605 -0.11005060 -0.03687588
v -0.82127566 0.00288847 -0.02463663
v -0.82254632 0.05397140 -0.02644398
v -0.82328483 0.04522912 -0.04112689
v -0.82014021 0.13542264 -0.03361923
v -0.83323092 0.24840542 -0.05139512
v -0.84416989 -0.97772232 0.18877949
v -0.81839665 -0.95319304 0.15237606
v -0.83529976 -0.95451509 0.20683791
v -0.82479183 -0.88180067 0.20945568
v -0.81821518 -0.79408616 0.00657798
v -0.78014593 -0.77337642 0.18346179
v -0.82427006 -0.76057187 0.06605944
v -0.83261519 -0.70965206 0.13170482
v -0.81518832 -0.67663957 -0.03714066
v -0.81662203 -0.62126235 -0.04550864
v -0.81461561 -0.12550365 -0.03788146
v -0.81029294 -0.91938150 0.22305400
v -0.79913475 -0.80447031 -0.00096764
v -0.79320059 -0.77185450 0.11256888
v -0.80564641 -0.71824971 0.14649150
v -0.82190273 -0.72940033 0.08520841
v -0.80837829 -0.68672738 -0.05183079
v -0.83117660 -0.63207630 0.12154289
v -0.81103855 -0.65383671 -0.04944416
v -0.83394253 -0.61036473 0.13762651
v -0.82435216 -0.53604434 -0.06845736
v -0.81337045 -0.20830027 -0.00648484
v -0.80931531 -0.09485127 -0.04533372
v -0.82847437 -0.14607913 -0.11021149
v -0.78342388 -0.01986095 -0.02629682
v -0.81089386 0.04039960 -0.06936125
v -0.80829445 0.04905268 -0.04192686
v -0.80950870 0.15034239 -0.09657638
v -0.82146789 0.25913789 -0.03416205
v -0.81734085 -0.97089295 0.20450239
v -0.82155135 -0.91628474 0.09878408
v -0.84424602 -0.88231013 0.19310978
v -0.80526167 -0.82002845 0.03320824
v -0.81247126 -0.51500065 0.10530249
v -0.79633305 -0.31470841 0.04692281
v -0.82231603 -0.11694916 -0.09187612
v -0.77379829 0.16650587 0.03329463
v -0.79123608 0.25190322 -0.05395490
v -0.80221324 -0.97982865 0.14740387
v -0.78700217 -0.83158587 0.18812269
v -0.78922862 -0.25442124 -0.16210135
v -0.82517374 -0.16774769 -0.13202897
v -0.80490973 -0.16642821 0.00829580
v -0.81254701 -0.15562120 -0.01609133
v -0.79746551 -0.06222493 -0.04896926
v -0.80543994 -0.01651411 -0.03746302
v -0.81498949 0.21288357 -0.08786591
v -0.81013027 0.32382626 -0.04189966
v -0.79296119 -0.99855644 0.19039263
v -0.79254891 -0.73606745 0.04638299
v -0.80117461 -0.48270568 -0.08969504
v -0.82618202 -0.09620331 -0.11458648
v -0.82838095 0.22639580 -0.07617100
v -0.80791609 0.23478766 0.00364399
v -0.79515455 0.26798906 -0.03353106
v -0.80736564 0.29847111 -0.05201562
v -0.79974319 -0.90498084 0.20588335
v -0.78958814 -0.89801305 0.11889559
v -0.79412488 -0.81145597 0.09241816
v -0.79924007 -0.53584163 -0.07587086
v -0.80765474 -0.42108444 0.07558876
v -0.78724488 -0.38923229 0.10369861
v -0.79387191 -0.07238980 -0.03984835
v -0.79265232 0.02844652 -0.02872852
v -0.79068400 0.24384806 0.03291881
v -0.79625690 0.26124441 -0.05252443
v -0.81020468 0.27268217 -0.05836823
v -0.79388898 0.26491666 -0.05661818
v -0.79339105 0.30896063 -0.07280105
v -0.79137662 0.38968106 -0.05223756
v -0.81100839 -0.84882766 0.12342325
v -0.79434302 -0.85679323 0.11606126
v -0.79915428 -0.74475734 0.18184735
v -0.77288498 -0.74483330 0.14289193
v -0.84937690 -0.65164766 -0.00529665
v -0.79259696 -0.55810735 0.12741876
v -0.81126586 -0.40932030 0.13147996
v -0.76799805 0.20369287 0.02770721
v -0.79178291 0.26046572 -0.05016519
v -0.78684739 0.35783382 -0.07496188
v -0.80916076 -0.97452101 0.24308850
v -0.80705159 -0.85935503 0.06118783
v -0.77274827 -0.86038762 0.04063248
v -0.76842709 -0.85672246 0.05635892
v -0.79584249 -0.81598748 0.07358519
v -0.78695327 -0.79980594 0.10800433
v -0.81826318 -0.72640603 -0.03237459
v -0.78313086 -0.72348309 0.03334153
v -0.76358582 -0.66896713 0.14917954
v -0.79766383 -0.65073055 -0.06232926
v -0.78711076 -0.60761039 -0.02860076
v -0.81376281 -0.58691198 -0.07103285
v -0.79027167 -0.48357747 -0.10431939
v -0.78454890 -0.48854205 -0.07739495
v -0.78939379 0.02336851 -0.06601188
v -0.78839325 0.01687209 -0.03286862
v -0.78834899 0.04047828 -0.02800915
v -0.78388707 0.13564847 -0.04674828
v -0.79195750 0.23346041 -0.10949875
v -0.79036443 0.32570695 -0.00671870
v -0.80020507 -0.86599939 0.22073304
v -0.78045710 -0.84518995 0.22070398
v -0.77413045 -0.76750125 -0.00869495
v -0.78676047 -0.67699449 -0.04291933
v -0.80260976 -0.46136054 0.12601831
v -0.77883141 0.01182014 -0.01471552
v -0.79357357 0.13359823 -0.01309648
v -0.78521778 0.23991302 -0.01827293
v -0.78631246 -0.97146799 0.17006388
v -0.74636118 -0.95422281 0.20099659
v -0.78328234 -0.80765659 0.20104507
v -0.80020128 -0.81845037 0.09063688
v -0.78307599 -0.58359854 -0.08903636
v -0.78022146 -0.61869860 -0.05572513
v -0.77826480 -0.55469408 -0.05567697
v -0.79943681 -0.49849873 0.11347282
v -0.79163327 0.19180054 -0.09135609
v -0.78182716 0.23582803 -0.00206836
v -0.78760563 0.25432842 -0.03556447
v -0.78436127 0.26953136 -0.05031419
v -0.79491073 0.30178239 -0.05394152
v -0.79173355 0.41605459 -0.03763771
v -0.77882834 -0.90070001 0.06814274
v -0.76683615 -0.84904942 0.21409020
v -0.78972251 -0.78653339 0.03129012
v -0.78146665 -0.78078110 0.01012363
v -0.78090348 -0.77451348 0.06883771
v -0.78779508 -0.75857046 0.08673645
v -0.77796960 -0.77173382 0.08388316
v -0.77598772 -0.74192650 0.00945628
v -0.77766816 -0.71417266 -0.00432440
v -0.78231123 -0.69867406 -0.04853441
v -0.78140136 -0.65584779 -0.03612928
v -0.77870730 -0.65859110 -0.05932327
v -0.76213093 -0.00915282 -0.03609885
v -0.78145060 0.05081022 -0.01770059
v -0.78386449 0.27548547 -0.04846873
v -0.76573508 0.34240769 -0.03546521
v -0.76562724 0.39556960 -0.08267124
v -0.78140102 -0.89487623 0.21366118
v -0.77533746 -0.82545678 0.04231308
v -0.77289423 -0.80833102 0.05601357
v -0.76893655 -0.80888527 0.01816631
v -0.77268443 -0.80400226 0.17387713
v -0.77495121 -0.71272386 -0.01991697
v -0.78732147 -0.64201693 -0.01268284
v -0.80389010 -0.42634945 0.13902108
v -0.76058752 -0.43500219 -0.11020697
v -0.77020813 -0.28590067 0.13075783
v -0.77804020 0.04162910 -0.05022996
v -0.76684892 0.13265069 -0.03302653
v -0.75583383 0.40099367 -0.08492056
v -0.76330988 -0.99477983 0.15970122
v -0.76427907 -0.98659351 0.23539769
v -0.76557919 -0.92052942 0.05388778
v -0.77063338 -0.83882630 0.13171675
v -0.77733063 -0.72067794 0.16615891
v -0.76511243 -0.47772185 0.08451619
v -0.77478830 -0.45250369 0.14049487
v -0.78911466 -0.30700860 0.10299100
v -0.78163145 -0.26550766 0.09995061
v -0.78028056 -0.21467979 0.01852139
v -0.77085467 -0.18767586 0.04507649
v -0.75720804 0.02533285 -0.14277863
v -0.79803258 0.17452159 -0.11358547
v -0.76942883 0.22296454 -0.07576506
v -0.78046660 0.25446492 -0.05413018
v -0.78534705 0.41419790 -0.06172598
v -0.76923103 -0.98948646 0.19570922
v -0.77848265 -0.97206088 0.18898038
v -0.76518626 -0.79538602 0.07771950
v -0.75721863 -0.76400253 0.04237812
v -0.78099039 -0.76960152 0.01517834
v -0.76475936 -0.54975968 -0.05962964
v -0.76155279 -0.51781930 -0.07966377
v -0.77500532 -0.44956868 -0.11870437
v -0.76737046 -0.42617509 0.07756586
v -0.79320896 -0.41316724 0.11360810
v -0.78246053 -0.41402510 0.13501648
v -0.76740485 -0.27748694 0.05713495
v -0.76196509 -0.31573936 0.08975725
v -0.77102554 -0.27112668 0.06877571
v -0.74991247 0.03390611 -0.08653823
v -0.75762788 -0.00373696 -0.02393288
v -0.76907139 0.37797097 -0.01869975
v -0.77676570 0.42244208 -0.03955032
v -0.73219956 -0.95970987 0.12106316
v -0.78475968 -0.97232973 0.15732097
v -0.76550849 -0.87638942 0.13368902
v -0.80820276 -0.86392021 0.19675445
v -0.76976429 -0.73282729 -0.00177055
v -0.76561617 -0.64929415 -0.03159506
v -0.76153459 -0.64589962 -0.07253014
v -0.79979086 -0.63284713 -0.04652934
v -0.76076457 -0.49321605 0.14259841
v -0.75354258 -0.22798431 0.06884953
v -0.76768831 -0.14100772 0.08519401
v -0.74405877 -0.08978890 0.07049882
v -0.77733072 -0.10793130 0.04409141
v -0.76256720 0.05013266 -0.04580896
v -0.76152211 0.09074086 -0.05899726
v -0.77560234 0.35055275 -0.02421035
v -0.76591498 0.41127112 -0.02628190
v -0.72236752 -0.90891845 0.22222145
v -0.75436103 -0.86557417 0.23609221
v -0.75169121 -0.74698698 0.03019373
v -0.72931125 -0.75149089 0.19073108
v -0.75964436 -0.59455082 -0.08912283
v -0.75607048 -0.50096558 0.11747972
v -0.76773494 -0.44794237 0.11420191
v -0.73997860 -0.49951687 0.13118704
v -0.76042138 -0.33970727 0.10399116
v -0.76755785 -0.36194304 -0.14365477
v -0.75429155 -0.25498938 0.04746926
v -0.75918132 -0.20992937 0.02533705
v -0.76094733 -0.19168606 0.06473235
v -0.79673695 -0.09815739 -0.16565993
v -0.74803569 0.23662150 -0.03728453
v -0.76663526 0.29456380 -0.00889149
v -0.74963686 0.39416290 -0.03523751
v -0.75929834 0.45921444 -0.04826403
v -0.76968663 0.47986945 -0.06744742
v -0.75083681 -0.89290379 0.07937297
v -0.76092545 -0.85436334 0.17241779
v -0.76569914 -0.80828848 0.08911440
v -0.74855735 -0.53545266 0.11307964
v -0.74839538 -0.47531479 -0.10399374
v -0.75485725 -0.45548368 0.07659718
v -0.74817871 -0.36786910 0.06040770
v -0.75754895 -0.32255880 0.12828795
v -0.75158402 -0.28966629 0.05900627
v -0.75174250 -0.19892537 0.02291352
v -0.78243433 -0.14037895 0.05859969
v -0.75325300 0.02194965 -0.01927608
v -0.77004575 0.29826612 -0.04819208
v -0.75231662 0.44616157 -0.08135563
v -0.74300887 0.47695677 -0.02553995
v -0.75576669 0.46461242 -0.08174166
v -0.76341642 -0.95809680 0.25001528
v -0.74692049 -0.87238305 0.21624598
v -0.74895937 -0.84854911 0.12960357
v -0.74453521 -0.81104504 0.18456127
v -0.76452780 -0.76811236 0.03955173
v -0.73079830 -0.76849979 0.05100144
v -0.75902880 -0.70103546 -0.02279361
v -0.75407831 -0.51342622 -0.09873178
v -0.76073298 -0.39968832 0.07243066
v -0.75057609 -0.39135354 0.11645226
v -0.73528803 -0.25513699 0.09408116
v -0.75029008 -0.25995088 0.11841422
v -0.76059796 -0.13954404 0.03237555
v -0.75213349 -0.08104192 0.05652561
v -0.75193803 0.15840956 -0.09017276
v -0.74814193 0.18359662 -0.09597195
v -0.75699518 0.30643160 -0.00300869
v -0.72659230 0.41276583 -0.04992682
v -0.74531924 0.43873375 -0.06507091
v -0.74801719 0.48381560 -0.10658099
v -0.71604018 -0.93809768 0.14527286
v -0.75223621 -0.84020239 0.18388845
v -0.73652900 -0.77535794 0.03438531
v -0.75045954 -0.76618279 0.08613343
v -0.76934717 -0.69271974 -0.06079793
v -0.74818019 -0.62126944 -0.07065028
v -0.77648719 -0.61243566 0.13980196
v -0.75095254 -0.43722518 0.10498068
v -0.74929846 -0.34974128 0.08972717
v -0.75470214 -0.26919752 -0.17162359
v -0.78587207 -0.13735785 -0.00429313
v -0.74922707 -0.08562376 0.02543817
v -0.76683700 0.26294620 -0.00123444
v -0.75061746 0.27509169 -0.04621312
v -0.74895461 0.40922050 -0.05264928
v -0.74706850 -0.78272701 0.17008817
v -0.73495575 -0.41530020 0.15503516
v -0.75151164 -0.25868318 0.03958909
v -0.74618424 -0.21723266 0.03239501
v -0.73353385 -0.10230186 0.05741596
v -0.74555438 0.04982785 -0.01774945
v -0.75008684 0.03624971 0.01272653
v -0.74091289 0.46709463 -0.08701322
v -0.73985167 0.49738891 -0.06446038
v -0.73286274 -0.91579215 0.07882380
v -0.73869835 -0.80192541 0.05236699
v -0.74197574 -0.70408097 0.04096866
v -0.74934367 -0.68601101 -0.05382047
v -0.73416649 -0.62356963 -0.08024231
v -0.74045321 -0.53226507 0.13186087
v -0.73304742 -0.37015765 0.09203070
v -0.73669359 -0.36778349 0.07884550
v -0.75792515 -0.34523071 0.07265688
v -0.73928956 -0.33452430 -0.14430554
v -0.74365329 -0.16118087 0.04846258
v -0.72702489 0.00682153 -0.02134041
v -0.73430800 0.15873132 -0.04849986
v -0.75813774 0.25211013 -0.01800282
v -0.75218621 0.36843043 -0.00388964
v -0.73643857 0.39755855 -0.02628864
v -0.73908013 0.43400527 -0.08622797
v -0.73209657 -0.98671597 0.18036394
v -0.76849998 -0.94238432 0.20942718
v -0.76294276 -0.87824897 0.05586382
v -0.74534271 -0.84914860 0.19752742
v -0.72059540 -0.80889614 0.04439260
v -0.72572962 -0.80078727 0.19016922
v -0.75205193 -0.75842254 0.17326924
v -0.73270964 -0.62138369 0.00428573
v -0.72429472 -0.65880697 -0.02715325
v -0.74142561 -0.62042165 0.12498240
v -0.72171448 -0.50785087 -0.08022871
v -0.70819790 -0.43599858 -0.10660626
v -0.73097609 -0.31368024 0.15877142
v -0.74410559 -0.13809225 -0.20355894
v -0.73308923 -0.03648202 -0.01059843
v -0.73292518 0.18587529 0.01468763
v -0.73821416 0.22367726 -0.03884734
v -0.73306473 0.20857499 -0.01850692
v -0.73053713 0.28699833 -0.03454795
v -0.73447637 0.28842643 -0.02106274
v -0.73570337 0.31608227 -0.04108837
v -0.71563791 0.48153429 -0.05976080
v -0.73227001 -0.96006553 0.18621315
v -0.73247360 -0.96912905 0.25018252
v -0.72826922 -0.91702446 0.23590295
v -0.70246497 -0.85346387 0.19458281
v -0.73521928 -0.80924855 0.01724793
v -0.72886901 -0.77820967 0.17298642
v -0.73569166 -0.77553758 0.15959871
v -0.73090756 -0.76753014 -0.01739124
v -0.73466924 -0.71828294 -0.02571339
v -0.71808816 -0.64580472 -0.06034689
v -0.73978723 -0.52309320 0.08319358
v -0.75060145 -0.48707426 0.08268098
v -0.73040353 -0.44314175 0.05798559
v -0.72216325 -0.39096671 0.07480367
v -0.72762364 -0.33807161 0.06875817
v -0.73553610 -0.33629877 0.08624285
v -0.72231859 -0.17199775 0.02193502
v -0.72781144 -0.13909979 0.14049091
v -0.72044170 -0.08930856 0.04214549
v -0.73655445 0.00103509 -0.00077039
v -0.74220045 0.29373867 -0.06190653
v -0.72412155 -0.97306189 0.17872983
v -0.72777152 -0.88107835 0.22370628
v -0.71046352 -0.88636062 0.19315174
v -0.72690640 -0.80799566 0.17804768
v -0.69234525 -0.76989493 0.13648897
v -0.71382090 -0.75526967 0.06608303
v -0.72232038 -0.71553159 -0.00590477
v -0.73577954 -0.69012578 -0.05852646
v -0.72157600 -0.68569879 0.02087191
v -0.71345532 -0.49159705 -0.08866432
v -0.73118634 -0.39797821 -0.13104566
v -0.71953500 -0.35650194 0.13772187
v -0.73294186 -0.36301352 -0.15017085
v -0.72013714 -0.30402406 0.08671732
v -0.73751673 -0.18642835 0.11400293
v -0.72724289 -0.11452281 0.11741324
v -0.71296031 -0.04164104 -0.22513819
v -0.74256378 0.01035816 -0.17737938
v -0.74571412 0.05664131 -0.12875624
v -0.72206475 0.25470014 -0.06541631
v -0.74844975 0.24073732 -0.01371870
v -0.72651882 0.44824885 -0.03811397
v -0.70984809 -0.80249651 0.03304768
v -0.74130315 -0.77658122 0.10354102
v -0.71724448 -0.67999648 0.03246026
v -0.71908956 -0.61611961 -0.06912808
v -0.71178626 -0.31108951 -0.16883442
v -0.72817371 -0.23816056 0.03169090
v -0.72900680 -0.20711106 0.04267947
v -0.71939254 -0.10679150 0.00828516
v -0.71871539 0.02504130 -0.01337629
v -0.74538017 0.04268986 -0.03901517
v -0.72693561 0.06991276 -0.00191125
v -0.70821662 0.22577522 -0.02450641
v -0.72055206 0.31294684 -0.03640117
v -0.71820121 0.32715273 -0.05482812
v -0.72855903 0.35269125 -0.01771535
v -0.72082807 0.37587881 -0.03970707
v -0.72872619 0.38956878 -0.00596317
v -0.73487502 0.50097710 -0.04190225
v -0.72210243 -0.63984568 -0.00864044
v -0.72573450 -0.49588437 0.10795946
v -0.70963226 -0.39598062 -0.13978607
v -0.70966350 -0.38969837 0.15860112
v -0.73056805 -0.21939061 0.09852395
v -0.72093665 -0.21840569 -0.18955709
v -0.71029983 -0.05926213 0.05324205
v -0.72564175 -0.02507640 0.03845790
v -0.70928315 0.31316783 -0.02376848
v -0.72173047 0.30305470 -0.03158825
v -0.72164030 0.30852351 -0.03055642
v -0.71274341 0.43288521 0.00296098
v -0.70884799 0.57246193 -0.06413753
v -0.71874327 -0.95348704 0.17360233
v -0.70566608 -0.92350918 0.11197380
v -0.72300529 -0.74082254 -0.00816979
v -0.71289048 -0.67690679 -0.06088725
v -0.71909104 -0.63055324 -0.06151789
v -0.72272320 -0.54784290 0.14026904
v -0.73874382 -0.54720205 0.16080424
v -0.72492607 -0.45126361 0.08148770
v -0.72226361 -0.25929808 0.15413356
v -0.71702654 -0.23551537 0.03817815
v -0.70522889 0.05942743 -0.02103926
v -0.71397526 0.04672665 -0.07027879
v -0.72340251 0.08148640 -0.03768900
v -0.71915590 0.59626332 -0.11317213
v -0.68150097 -0.93251202 0.21621742
v -0.68929296 -0.83519070 0.06511549
v -0.70331380 -0.78885249 0.04024043
v -0.71580901 -0.80793559 0.08843099
v -0.70719285 -0.74479732 -0.01527521
v -0.71301788 -0.71371015 0.14256630
v -0.72125987 -0.71191598 0.05151214
v -0.70918701 -0.64682398 0.05763267
v -0.70384969 -0.62561475 0.07775081
v -0.71660015 -0.61318757 -0.06610786
v -0.72040734 -0.59919672 -0.07247397
v -0.70863123 -0.43598591 0.09959580
v -0.71102795 -0.37021881 -0.12843490
v -0.70405575 -0.28575340 0.03796764
v -0.71459011 -0.26815530 -0.17168917
v -0.70999963 0.08540266 -0.15469380
v -0.72305376 0.16934015 -0.07314474
v -0.70406122 0.31473677 0.00031065
v -0.70313489 0.28137200 -0.04037115
v -0.71261252 0.32790630 -0.03357479
v -0.73068130 0.37611381 -0.02958573
v -0.71072478 0.46856489 -0.03693996
v -0.70021812 0.55790290 -0.09112446
v -0.70945748 -0.84138100 0.05687005
v -0.68244310 -0.78414604 0.11348714
v -0.72882346 -0.75392505 0.04672068
v -0.69856220 -0.73282715 0.17114226
v -0.70548352 -0.73196713 0.00223912
v -0.72279453 -0.71719943 0.01858938
v -0.69987979 -0.65556237 0.03462302
v -0.70236800 -0.61945201 -0.08514681
v -0.70687026 -0.62291431 0.03825432
v -0.70865862 -0.54384355 0.05510160
v -0.70773486 -0.58477961 0.13072444
v -0.72550520 -0.57833067 -0.09074356
v -0.70194632 -0.52455543 0.16619665
v -0.72778711 -0.42995031 0.13656899
v -0.68570908 -0.37891336 0.07560985
v -0.71215373 -0.35321836 0.05836851
v -0.69393572 -0.20366143 0.02571183
v -0.69632522 -0.21219714 0.12749379
v -0.71186306 -0.22173160 -0.19493751
v -0.70701045 -0.14467640 0.11705914
v -0.68374579 -0.13131047 0.15129757
v -0.71525989 0.05797678 -0.14262129
v -0.69820734 0.26488049 -0.07329078
v -0.70729325 0.39324541 -0.05659265
v -0.72702816 0.44392674 -0.06292924
v -0.70159774 -0.86657514 0.21933258
v -0.70845980 -0.75880241 -0.02361336
v -0.70660354 -0.66166067 0.13861664
v -0.71441842 -0.65034630 -0.03566864
v -0.71394718 -0.60923616 -0.07271116
v -0.69181768 -0.58341268 -0.01171841
v -0.70527387 -0.54416568 -0.04130716
v -0.70084136 -0.55657660 0.15238997
v -0.68693930 -0.48951696 -0.08998018
v -0.70780844 -0.43009526 0.12472821
v -0.70620800 0.06795361 -0.11349264
v -0.71122745 0.08658013 -0.08458217
v -0.70098087 0.09757212 -0.05400714
v -0.73342375 0.34202560 -0.00869670
v -0.70349840 0.40360954 -0.00814103
v -0.70805765 0.49358985 -0.09556600
v -0.70063684 0.59890975 -0.09347408
v -0.69621565 -0.96172720 0.22942742
v -0.68182804 -0.94453551 0.18168185
v -0.68555148 -0.71692256 0.00609520
v -0.69830151 -0.59174628 0.07071258
v -0.70093603 -0.56875033 0.03426293
v -0.70825574 -0.45466171 0.15915303
v -0.69692789 -0.34180842 -0.15957583
v -0.70522513 0.39467656 0.03560466
v -0.70524896 0.50410603 -0.01438128
v -0.68652899 0.56915790 -0.01620581
v -0.69533236 0.57245528 -0.03761687
v -0.70004635 0.61614558 -0.14648820
v -0.71119672 -0.87396984 0.06330417
v -0.72228619 -0.85398826 0.08672962
v -0.70001897 -0.80104354 0.03070731
v -0.69451910 -0.72988001 -0.02782183
v -0.68627117 -0.74230183 0.15719753
v -0.67022857 -0.60924151 0.16020678
v -0.69161428 -0.52114828 0.01065177
v -0.70114839 -0.45794522 0.02680964
v -0.70022037 -0.46995507 -0.11068509
v -0.70234122 -0.35543813 0.09684034
v -0.71336740 0.06934299 0.01597704
v -0.69380853 0.35831602 0.01448661
v -0.68916782 0.44660736 -0.04708466
v -0.68589879 0.56680141 -0.07601661
v -0.69212055 -0.80440621 0.18187856
v -0.69539653 -0.73665953 -0.04147381
v -0.69339677 -0.67490920 0.02934361
v -0.69652691 -0.66761369 -0.06001872
v -0.69274138 -0.61633612 0.11321336
v -0.68824227 -0.56285973 0.00857833
v -0.67550316 -0.51079564 0.11761879
v -0.69255846 0.03445853 0.06295321
v -0.69136663 0.12325349 -0.11170129
v -0.71197941 0.27036941 -0.01632026
v -0.67933072 0.36242357 -0.00459085
v -0.69232257 0.49529005 -0.05841019
v -0.69602258 0.48760589 -0.00453660
v -0.69215710 0.52568987 -0.07247380
v -0.69387815 0.65159632 -0.07066974
v -0.68005969 -0.82252208 0.17427376
v -0.70053028 -0.78232393 -0.00130018
v -0.68217450 -0.79124678 0.01010304
v -0.68268184 -0.66671741 -0.02719117
v -0.69296385 -0.52791788 -0.11139299
v -0.68900423 -0.53632434 0.05953343
v -0.68134423 -0.43459434 -0.10586972
v -0.69329306 -0.26542452 0.16104297
v -0.68402886 -0.14512634 -0.22007069
v -0.66934627 0.09709256 -0.02202616
v -0.68452422 0.26814947 -0.02451039
v -0.67324971 0.30782757 -0.06983110
v -0.68309324 0.40158462 -0.00004271
v -0.68224855 0.43581123 0.00851900
v -0.69445132 0.48462090 -0.02589702
v -0.68433435 0.51599033 -0.02107283
v -0.67557025 0.62611818 -0.04799362
v -0.68711498 0.68677642 -0.05315163
v -0.68014703 -0.96819513 0.20494335
v -0.68014828 -0.82579948 0.18425059
v -0.68980404 -0.82334195 0.19699352
v -0.67953169 -0.82147776 0.08161279
v -0.67755649 -0.79897585 0.00151703
v -0.69235757 -0.78489278 0.03478588
v -0.66461832 -0.71744934 -0.01730452
v -0.69432656 -0.50214356 0.15679962
v -0.68047241 -0.49564903 -0.10207160
v -0.68762561 -0.43574581 0.14219551
v -0.70166943 -0.37987675 0.04127394
v -0.69229768 -0.33000595 0.16397957
v -0.69541805 -0.27034643 -0.18500049
v -0.66414261 -0.30507182 0.09330379
v -0.68465357 -0.27205138 0.07875522
v -0.66927825 -0.22796137 -0.20002685
v -0.68671263 0.09803720 -0.09109200
v -0.68906836 0.12924356 -0.08186338
v -0.69249933 0.36072845 -0.03127962
v -0.69639672 0.63999784 -0.13333182
v -0.68608585 0.69955142 -0.08363717
v -0.68465570 -0.92023051 0.14917362
v -0.68011343 -0.83165988 0.18783511
v -0.68294945 -0.82476444 0.18775526
v -0.69664495 -0.74274763 -0.02132687
v -0.68940623 -0.72210849 -0.01084989
v -0.70201130 -0.70317313 0.16826909
v -0.68793076 -0.56871791 -0.04100008
v -0.66862153 -0.47748182 0.18757793
v -0.67957753 -0.24203829 0.16567159
v -0.68940233 -0.09249658 -0.22013179
v -0.66418627 -0.01281240 0.06720645
v -0.68556803 0.09758208 -0.12314174
v -0.68924898 0.15099857 -0.04607111
v -0.67163345 0.12823605 -0.06211757
v -0.67866925 0.37060766 0.01261813
v -0.67106219 0.63512366 -0.08911897
v -0.68697896 0.67307428 -0.02163185
v -0.69863834 -0.98453120 0.23449216
v -0.70179242 -0.90053742 0.12146397
v -0.66923359 -0.84932296 0.19988121
v -0.67564704 -0.82964978 0.17683458
v -0.67510405 -0.83278402 0.18311148
v -0.67550494 -0.79043630 0.01311068
v -0.67534596 -0.78163471 0.07077514
v -0.67930362 -0.76337570 0.04847571
v -0.67204115 -0.71739048 -0.02185285
v -0.67570774 -0.72151355 0.06706445
v -0.66829440 -0.53311726 -0.03918262
v -0.67745725 -0.54239886 0.14422545
v -0.68645041 -0.52055934 -0.02697958
v -0.67053218 -0.53059754 -0.07139918
v -0.66920363 -0.46703090 0.10467962
v -0.67644938 -0.47180222 0.14226404
v -0.68659131 -0.46979894 0.14339146
v -0.67499568 -0.31517713 0.18199701
v -0.66641308 0.05758108 0.04294341
v -0.67897391 0.18207811 -0.03068345
v -0.69093203 0.38148397 -0.04685058
v -0.67525803 0.39604333 0.03524713
v -0.64853520 -0.96306831 0.23684308
v -0.67972224 -0.83423983 0.18667942
v -0.66572080 -0.84305924 0.18539082
v -0.66918696 -0.83509174 0.18216437
v -0.67567029 -0.82745345 0.17962641
v -0.68239546 -0.80675201 0.02795873
v -0.67229535 -0.79371057 0.01350763
v -0.67136455 -0.79100823 0.01378168
v -0.67257198 -0.78961107 0.01659862
v -0.66771003 -0.78330106 0.04819595
v -0.66120673 -0.78613514 0.01097902
v -0.65661712 -0.76457741 0.02316689
v -0.66896790 -0.75600123 0.17743421
v -0.68468085 -0.56269523 -0.06426169
v -0.66102294 -0.49786247 0.08484936
v -0.67315380 -0.48899943 0.17407064
v -0.67455073 -0.29806345 0.08484223
v -0.67794617 -0.04938438 0.06061424
v -0.64952078 0.04548951 -0.23436210
v -0.66728669 0.13597522 -0.09547633
v -0.67440910 0.13827420 -0.10822398
v -0.68095190 0.46487846 -0.03238686
v -0.67229497 0.50849107 -0.02679725
v -0.68228075 0.56179983 -0.04195280
v -0.64373077 -0.92715546 0.13867425
v -0.66862460 -0.82064988 0.17124618
v -0.65481361 -0.81932689 0.07003665
v -0.65856793 -0.79005293 0.02102761
v -0.68718892 -0.72779869 0.08751148
v -0.67124687 -0.72036396 -0.00069814
v -0.66989498 -0.68406174 -0.04255345
v -0.66394820 -0.60561069 -0.06431855
v -0.66222273 -0.54421672 -0.04746984
v -0.65683256 -0.51216611 0.12958339
v -0.67738554 -0.45561747 -0.13522815
v -0.67024144 -0.41621149 0.16224159
v -0.66783963 -0.35108278 0.05836587
v -0.66037891 -0.18964754 0.13797125
v -0.64221130 0.09995992 -0.19587107
v -0.67293103 0.10234273 -0.17167807
v -0.67079206 0.15977352 -0.10067424
v -0.67010716 0.41231379 -0.00972672
v -0.67098721 0.51673968 -0.06099550
v -0.66600445 0.54658642 -0.03314557
v -0.65866390 -0.94442359 0.21130756
v -0.64790899 -0.85410927 0.11831477
v -0.66160408 -0.86561460 0.11092381
v -0.68406643 -0.80587345 0.11650345
v -0.67362117 -0.78414088 0.17712918
v -0.66950959 -0.79530413 0.09216388
v -0.65008822 -0.80388576 0.04643080
v -0.63603353 -0.76451131 0.18235165
v -0.66585467 -0.73235535 -0.03268689
v -0.67022654 -0.67427081 0.00889419
v -0.66890143 -0.65058077 -0.04601563
v -0.67212002 -0.61068111 0.17551616
v -0.64302000 -0.56782736 -0.06706805
v -0.67473190 -0.52645888 -0.06455643
v -0.67492107 -0.48519144 -0.12633323
v -0.66185060 -0.40864587 -0.14979383
v -0.66308643 -0.26555788 0.10388117
v -0.67519951 -0.06041372 0.08817067
v -0.65549323 0.12465297 0.00187345
v -0.64963517 0.16215674 -0.10362817
v -0.65496938 0.31123006 -0.04840505
v -0.67052332 0.41209051 -0.05568377
v -0.65709674 0.44823995 -0.11373089
v -0.66697152 0.50758732 0.00164439
v -0.66420634 0.61198879 -0.05536006
v -0.66521906 0.62660159 -0.03239111
v -0.63328771 -0.84619701 0.18113013
v -0.65540190 -0.65687757 -0.01728738
v -0.66973136 -0.56348577 0.15971282
v -0.65579501 -0.47734208 -0.11080935
v -0.64957836 -0.46924305 0.17705114
v -0.65866489 -0.45885291 0.08251439
v -0.65325166 -0.44212702 -0.13847172
v -0.65479053 -0.42089563 -0.12857821
v -0.64987852 -0.36298805 0.06319427
v -0.67295603 -0.34559071 0.17371920
v -0.66755206 -0.21548118 0.13864512
v -0.66356422 -0.12778018 0.13872346
v -0.63993352 -0.01758171 0.07384880
v -0.66357794 0.03251256 0.08775854
v -0.65049244 0.10079875 0.01801933
v -0.65851992 0.14028440 -0.16380718
v -0.64645871 0.17281822 -0.09217267
v -0.65624960 0.32746957 -0.01840418
v -0.66928620 0.44663171 -0.05286417
v -0.66319113 0.43415171 0.02638919
v -0.66642659 0.54667340 -0.06040589
v -0.64244241 0.58902938 -0.05424808
v -0.66082193 0.54234331 -0.02044623
v -0.68137446 -0.96040579 0.17157681
v -0.64148253 -0.91823691 0.14724685
v -0.65590648 -0.89725734 0.20651286
v -0.65291477 -0.84614019 0.15337600
v -0.66181089 -0.80073078 0.15792139
v -0.64761781 -0.82085573 0.10151729
v -0.65301013 -0.79660248 -0.00171347
v -0.64532411 -0.64140591 -0.07389235
v -0.66326317 -0.60151424 -0.02157886
v -0.65744596 -0.52741320 0.16648981
v -0.63305212 -0.53187636 0.15674111
v -0.66449508 -0.35518006 -0.14285966
v -0.65151565 -0.27482955 -0.17004192
v -0.66558106 -0.19455396 -0.19558341
v -0.66120767 -0.14475028 0.16080120
v -0.66003689 -0.13995159 -0.21768347
v -0.67762248 -0.08293567 0.11623530
v -0.62602003 0.40294494 0.09926174
v -0.64987400 0.64527665 -0.04404675
v -0.64534715 -0.92340392 0.17591474
v -0.64630155 -0.87421866 0.16526130
v -0.65892890 -0.83092637 0.12579062
v -0.66243958 -0.81642800 0.16902669
v -0.64670654 -0.81364809 0.03853503
v -0.64717586 -0.78667965 0.12985194
v -0.64996982 -0.77863865 0.02138919
v -0.65586259 -0.53162832 0.11765228
v -0.64782469 -0.52261832 0.18643451
v -0.67602649 -0.58200887 -0.08699822
v -0.64837031 -0.39984945 0.09297404
v -0.65148421 -0.36160629 -0.16610959
v -0.64763303 -0.16624459 -0.22006974
v -0.66960734 0.18923668 -0.07227208
v -0.65721093 0.38965634 -0.00274993
v -0.65684037 0.56057317 -0.08508947
v -0.65531529 0.64528067 -0.06914981
v -0.62668440 -0.91720753 0.22135868
v -0.64257939 -0.79112610 0.15790664
v -0.64242251 -0.74545658 0.04123583
v -0.65677242 -0.56381416 0.18376063
v -0.65150700 -0.59285686 0.16236550
v -0.63744544 -0.52613470 0.17515862
v -0.64128817 -0.40071871 -0.14498579
v -0.63097860 -0.12296150 0.15769822
v -0.67351959 -0.06021364 -0.23238538
v -0.65334833 0.52912967 0.05859523
v -0.65558347 0.60149980 -0.01343920
v -0.65675403 0.63248734 -0.01207019
v -0.63640472 -0.86735271 0.14075651
v -0.64386447 -0.85662830 0.11787677
v -0.64531611 -0.84654541 0.08182617
v -0.64357149 -0.84892037 0.12489120
v -0.64378518 -0.85185063 0.11998319
v -0.64902908 -0.79007585 0.20330549
v -0.64527127 -0.78725196 0.09419928
v -0.66068106 -0.73573679 0.05233383
v -0.64842001 -0.71278380 0.19824286
v -0.64504746 -0.62265887 0.15301715
v -0.64640893 -0.48853093 -0.12444836
v -0.64050559 -0.38449427 -0.14230872
v -0.64682478 -0.38369743 0.18602356
v -0.63503282 -0.23114380 0.16355351
v -0.63044209 0.02089400 0.07783579
v -0.63757457 0.07215281 0.06581330
v -0.61233303 0.14585910 -0.19782815
v -0.64328952 0.48103068 0.07409372
v -0.63582592 -0.81512669 0.17937393
v -0.64630584 -0.76729120 -0.00322947
v -0.63630740 -0.71814138 0.02190929
v -0.65475711 -0.58550970 -0.09409364
v -0.63448229 -0.52319689 -0.09394997
v -0.65187253 -0.30419639 0.18343580
v -0.63447967 0.34218452 -0.02702294
v -0.65210977 0.38655590 -0.08063213
v -0.63414436 0.60782238 0.03127959
v -0.65157130 -0.97795765 0.20092768
v -0.62235807 -0.88602854 0.18956202
v -0.65455178 -0.86783824 0.07620368
v -0.63914132 -0.58534498 0.17301728
v -0.61941888 -0.60190412 -0.04461858
v -0.63375847 -0.54850826 -0.10050717
v -0.61559823 -0.46726860 -0.13039189
v -0.63087913 -0.26843122 -0.19280096
v -0.63789694 -0.10269649 -0.23318305
v -0.61973375 -0.07970984 0.12417824
v -0.62559448 -0.04816991 0.08383870
v -0.63549611 0.09081118 0.02396380
v -0.63740978 0.32248625 -0.04342013
v -0.64560764 0.36017822 -0.06877288
v -0.64364778 0.49979681 -0.13122767
v -0.64831318 -0.97757064 0.16417390
v -0.63101594 -0.82217739 0.16453853
v -0.62413337 -0.76279859 0.06751977
v -0.63115520 -0.74833659 -0.03001326
v -0.65257784 -0.68294786 0.18620798
v -0.61535010 0.12032899 0.01355113
v -0.63438544 0.14649727 -0.01824371
v -0.65235052 0.16197067 -0.02886841
v -0.63653845 0.21934388 -0.06767681
v -0.63448913 0.42580451 -0.13302809
v -0.62699029 0.45577180 0.11595353
v -0.63564772 0.58467962 0.03204424
v -0.62862988 -0.94461401 0.15654052
v -0.62037407 -0.92132676 0.13503965
v -0.64494890 -0.89204288 0.10693386
v -0.62224222 -0.79002919 0.06874429
v -0.63509822 -0.74954685 0.00233926
v -0.62517699 -0.62924380 -0.05669490
v -0.63032796 -0.35321578 -0.15510862
v -0.63731507 0.14691264 0.00422038
v -0.62382563 0.18705467 -0.04265240
v -0.63736759 0.18275217 -0.01690510
v -0.64244821 0.19145428 -0.10058685
v -0.61665667 0.40288951 -0.16349187
v -0.64078164 0.57987125 -0.01604563
v -0.62209525 -0.94199535 0.17198217
v -0.63721361 -0.78385745 0.18038317
v -0.61491387 -0.79078493 0.03318116
v -0.62133429 -0.77864647 0.08080421
v -0.63118674 -0.75736440 0.16210089
v -0.62722701 -0.62573109 0.19196306
v -0.62103961 -0.54910340 -0.10809004
v -0.63045213 -0.17772845 0.16434872
v -0.63684209 0.15290340 -0.14943510
v -0.64183506 -0.92749287 0.12295301
v -0.63098626 -0.93248186 0.19969574
v -0.62411533 -0.66352995 -0.02757471
v -0.62341087 -0.55936371 0.14233912
v -0.59698041 -0.21949830 -0.20667488
v -0.63531754 -0.21627472 -0.20395423
v -0.59895859 0.20532724 -0.12302111
v -0.62310562 0.57736484 -0.13340231
v -0.61573914 0.57437368 0.10305975
v -0.62769839 0.60369503 -0.00693422
v -0.61961864 -0.82398937 0.13361351
v -0.63372106 -0.78883073 0.05408813
v -0.61235413 -0.72175736 -0.00295699
v -0.61213106 -0.58993768 0.16475775
v -0.61452221 -0.52963947 0.17919091
v -0.63057355 -0.58877868 0.19623657
v -0.62481060 -0.49464510 -0.11826480
v -0.63258174 -0.44668762 -0.12627981
v -0.64977785 -0.01382926 -0.23639794
v -0.61422400 0.19319951 -0.00111268
v -0.61979627 0.29401026 0.04281726
v -0.60928413 0.29736156 0.09937880
v -0.61424553 0.31466176 0.11305846
v -0.58511766 0.44655150 -0.19909448
v -0.62882469 -0.70736446 -0.02672452
v -0.59872027 -0.47814214 -0.12607993
v -0.59694613 -0.43777828 0.17995935
v -0.61331739 -0.15222952 -0.21578158
v -0.60484543 -0.06068637 -0.25036758
v -0.62523543 0.15779831 0.02841392
v -0.60966412 0.16586390 -0.19080369
v -0.60945713 0.26103241 -0.10107863
v -0.62880441 0.36683339 -0.12959990
v -0.60841207 -0.81627286 0.19388063
v -0.61500612 -0.75004214 -0.01840955
v -0.61179665 -0.70367033 0.04427455
v -0.58994723 -0.70394876 0.00786073
v -0.61288108 -0.57167183 -0.08255424
v -0.61550183 -0.53185729 -0.09328391
v -0.59785108 -0.47858857 -0.11660672
v -0.63043843 -0.51973698 0.13997162
v -0.61191611 -0.48372043 -0.12591755
v -0.61423897 -0.43124878 0.18383366
v -0.61005248 -0.39346769 -0.15667015
v -0.62079577 -0.36526160 0.17690161
v -0.60709323 0.26254199 0.01043119
v -0.61316232 0.29215847 -0.00981995
v -0.59403136 0.43170102 0.14072515
v -0.60691590 -0.92836965 0.21948213
v -0.60301305 -0.80171972 0.05343702
v -0.60416247 -0.77451130 0.17679622
v -0.61548242 -0.72201456 -0.03241949
v -0.60633002 -0.56973384 -0.06539924
v -0.60590407 -0.35877671 0.11479799
v -0.59998297 -0.33532159 0.16856985
v -0.59945867 -0.36276085 -0.14105771
v -0.64841756 0.17220773 -0.14617446
v -0.60000491 0.24157745 -0.04421323
v -0.61086625 0.25534774 -0.06854592
v -0.62870940 0.45442942 -0.15979008
v -0.61786779 0.62908338 -0.02586921
v -0.59078969 -0.89982722 0.19725429
v -0.60132372 -0.87496576 0.21903963
v -0.61880962 -0.81998435 0.05519613
v -0.61472205 -0.83912103 0.20741907
v -0.60151542 -0.78161559 0.03631257
v -0.59589814 -0.76692212 0.01935917
v -0.61058519 -0.64936347 -0.05442399
v -0.59353490 -0.61733802 -0.04045825
v -0.58939962 -0.50291298 0.16861513
v -0.59604716 -0.49885732 0.17720675
v -0.60919141 -0.39406576 0.14921163
v -0.61158630 -0.39110327 0.18327783
v -0.60983575 -0.32231353 -0.18233684
v -0.61174055 -0.31588565 0.11192094
v -0.59799859 -0.33131714 0.19099415
v -0.60404626 -0.29783435 -0.17072842
v -0.61075412 -0.19357282 0.16018916
v -0.59152164 -0.16051628 -0.21673307
v -0.62041500 -0.10797721 -0.24014786
v -0.59628216 0.01651069 0.09954211
v -0.59556632 0.06270028 0.08121849
v -0.59712978 0.16873732 0.01955653
v -0.59770235 0.18834767 -0.17608128
v -0.58629233 0.24912068 0.01289376
v -0.60132861 0.38054109 -0.16610010
v -0.61933130 0.61969651 -0.09585822
v -0.59791809 -0.92565631 0.13636692
v -0.60726118 -0.87803044 0.09336979
v -0.58215607 -0.85233549 0.06499348
v -0.60258395 -0.79857258 0.02238211
v -0.59952163 -0.78388526 -0.00105002
v -0.59628958 -0.64522772 -0.03862021
v -0.58744513 -0.54885006 0.16300812
v -0.59152863 -0.45005501 0.14705095
v -0.58707934 -0.34973115 0.12934114
v -0.60563145 0.08629768 0.04661480
v -0.60378050 0.22365850 -0.13958773
v -0.58890187 0.24335583 -0.11427133
v -0.60171226 0.25181801 -0.02246630
v -0.59037063 0.33811004 0.11796856
v -0.62024656 0.34084536 0.04189399
v -0.58645403 -0.86808045 0.19179496
v -0.60514863 -0.83970955 0.08228719
v -0.57638215 -0.54238044 0.18793712
v -0.58536953 -0.51755599 0.15622817
v -0.60593986 -0.28609002 0.08969525
v -0.60054159 -0.15414691 0.16926398
v -0.61171121 -0.04594714 -0.24193497
v -0.58220323 0.21350320 -0.15530760
v -0.61123332 0.30657095 -0.11944873
v -0.59186325 0.36834238 0.09840393
v -0.61775386 0.60522160 0.01718447
v -0.57807451 -0.87491864 0.11179040
v -0.59083477 -0.86868108 0.13080405
v -0.58295905 -0.83539293 0.10678544
v -0.57826187 -0.79416662 0.11022544
v -0.58520331 -0.75535784 -0.00222221
v -0.60712282 -0.58574949 -0.08729560
v -0.59001903 -0.52317748 -0.09998443
v -0.58930974 -0.56625488 -0.06511636
v -0.59280924 -0.52054312 -0.10815209
v -0.58960232 -0.42676237 0.15126231
v -0.58107024 -0.41752236 -0.13565729
v -0.59371669 -0.27122881 0.10994847
v -0.57468420 -0.07145083 0.14184267
v -0.58286930 -0.03613755 0.08612595
v -0.58314162 0.13692423 -0.21925158
v -0.56572888 0.18430214 -0.21011249
v -0.57135847 0.30113559 0.05643212
v -0.59933894 0.30395859 0.07728478
v -0.57868301 0.33543024 0.15414178
v -0.57121650 0.38347152 -0.20214826
v -0.58328349 -0.88811767 0.20492865
v -0.57862075 -0.87610676 0.09291297
v -0.58057005 -0.67958118 -0.03617397
v -0.58890672 -0.59277660 -0.06704055
v -0.58243576 -0.49666620 -0.10148088
v -0.59189860 -0.52684030 0.20346199
v -0.59036206 -0.43800511 0.19837371
v -0.57651538 -0.38251928 -0.15700890
v -0.57963562 -0.20252314 0.08659459
v -0.55604201 0.25134132 -0.14587723
v -0.58211144 0.36294024 0.14989323
v -0.57150653 0.36575537 0.14088265
v -0.57104756 0.43826905 0.15078331
v -0.57590483 -0.77557554 0.10934127
v -0.59542495 -0.78012710 0.10750100
v -0.57205525 -0.76442705 0.19016672
v -0.58577846 -0.76827444 0.06769334
v -0.57102025 -0.72296322 0.04380663
v -0.59589613 -0.38674514 0.20393364
v -0.58233244 -0.33361271 0.11533053
v -0.58157967 -0.27189659 0.15931954
v -0.60004751 -0.26707559 0.18923264
v -0.58750917 -0.23102397 -0.21247542
v -0.58809727 -0.09907835 0.16499888
v -0.59218164 0.05517464 -0.25219715
v -0.59157024 0.36254552 -0.17790955
v -0.56735998 0.42027944 0.13699040
v -0.57664036 0.64590479 -0.09891317
v -0.58025517 -0.75960526 0.01293417
v -0.57856753 -0.55733509 0.16918741
v -0.57446972 -0.49817729 -0.11831715
v -0.54659960 -0.47519267 0.17401038
v -0.56704203 -0.41415657 -0.14428187
v -0.58296391 -0.46786561 0.19558846
v -0.59136619 -0.36205052 0.12540411
v -0.58104119 -0.30482202 -0.18167113
v -0.56183730 -0.30034429 0.10322389
v -0.56837781 0.24561899 0.03593015
v -0.56758086 0.41402430 0.15064866
v -0.59119555 0.50021928 -0.19593987
v -0.60661696 0.52891017 0.13585237
v -0.58091795 0.63751621 0.03876059
v -0.58121135 -0.81104317 0.14804836
v -0.57846547 -0.79295183 0.02571750
v -0.56930508 -0.69701167 -0.02297216
v -0.57773483 -0.65170930 -0.06247039
v -0.56161749 -0.62197551 -0.06276964
v -0.57010692 -0.22834407 0.13697716
v -0.58586582 -0.20919375 0.18705419
v -0.57167164 -0.13400349 -0.24102816
v -0.58414470 0.11377663 0.00700235
v -0.57647115 0.22021759 -0.00411633
v -0.56059676 0.34823559 0.15084759
v -0.56505012 0.47974442 0.18364784
v -0.56387047 0.56417823 0.15085555
v -0.57996456 -0.76971276 0.01230507
v -0.57096971 -0.60599064 0.19111460
v -0.57768551 -0.50950195 0.19653459
v -0.55275127 -0.43950597 0.17616689
v -0.55097934 -0.06129814 0.12570649
v -0.57862383 -0.00879715 -0.25755608
v -0.52140923 0.33087818 -0.20206979
v -0.57684790 0.33723367 -0.17742042
v -0.57392175 0.47398506 0.16655305
v -0.55755001 -0.80623457 0.16151494
v -0.58604655 -0.80043486 0.04336669
v -0.55952392 -0.78188231 0.07630517
v -0.57061782 -0.57797254 -0.08510593
v -0.56661930 -0.52139712 0.15078298
v -0.57196368 -0.47640412 0.15054986
v -0.56477216 -0.44512147 0.20477960
v -0.57639881 -0.39743123 0.17589913
v -0.56952008 -0.36074183 -0.17402783
v -0.57957954 -0.33065824 0.15773273
v -0.56882515 -0.26598137 0.13603645
v -0.56728853 -0.23734953 0.16104225
v -0.54569150 -0.16860498 0.10594542
v -0.57264269 -0.13860301 0.13911184
v -0.55696715 0.05755392 -0.26276092
v -0.56738842 0.20448602 -0.20384987
v -0.53969217 0.22585635 -0.16273276
v -0.56606414 -0.78341823 0.00693453
v -0.55428574 -0.77284482 0.20624490
v -0.55090529 -0.73778456 -0.00780381
v -0.53382808 -0.39714874 0.16047751
v -0.54437169 -0.33550602 0.18419100
v -0.55837299 -0.30301586 0.12224041
v -0.55206021 0.13229781 0.03534440
v -0.52122505 0.20690313 -0.23182030
v -0.53234483 0.36073295 -0.21273914
v -0.56588745 0.34774608 0.16705488
v -0.54873115 0.45793180 0.19083883
v -0.59123693 0.57004306 -0.16752887
v -0.54482262 0.64967796 -0.11798693
v -0.55495498 -0.89474530 0.12557476
v -0.56889838 -0.85854718 0.17734483
v -0.54225390 -0.82069002 0.17316105
v -0.55984899 -0.81577418 0.06501193
v -0.52861681 -0.80510489 0.02013887
v -0.57914040 -0.77288154 0.12764094
v -0.56630107 -0.78306035 -0.01112291
v -0.56536185 -0.72636838 0.06921705
v -0.55292604 -0.69961906 0.01517303
v -0.55001233 -0.68248164 -0.04673152
v -0.55779657 -0.61817106 -0.05530604
v -0.56359125 -0.18451989 -0.22248868
v -0.57686440 -0.07014573 -0.24658725
v -0.56638539 0.00412157 0.09259620
v -0.54663883 0.10779844 0.02622987
v -0.56113185 0.24376854 -0.16318275
v -0.56760503 0.32112939 0.08429688
v -0.55745411 0.35934428 0.17138809
v -0.56031498 0.61397962 0.12090668
v -0.59190645 0.61502258 -0.12718720
v -0.58161806 0.62080631 0.08188270
v -0.53540924 -0.78258705 0.12028338
v -0.54226883 -0.60803445 -0.07335492
v -0.56901657 -0.36367386 0.20032652
v -0.55498818 -0.32146045 0.20203786
v -0.56648180 -0.17764606 0.18105607
v -0.53568008 -0.14277062 -0.22146854
v -0.53784283 0.02517684 -0.26788880
v -0.54744212 0.26993857 0.03783719
v -0.55730506 0.36805055 0.12944410
v -0.55613217 0.45905244 0.16398752
v -0.55028015 -0.47967788 -0.11149144
v -0.54124748 -0.28597075 0.16747439
v -0.54627221 -0.29574798 -0.18323016
v -0.54605143 -0.17965626 0.14423289
v -0.55535289 -0.09922176 0.12257037
v -0.56228985 0.14175573 0.05567156
v -0.57093856 0.15073446 0.02791763
v -0.53939048 0.19047888 0.03276139
v -0.54721278 0.41248957 0.17626666
v -0.55033075 0.67780950 -0.02700120
v -0.52593841 -0.77498158 0.09769269
v -0.53271455 -0.68698604 0.19374844
v -0.55082216 -0.58737570 -0.07376399
v -0.53243435 -0.46888071 0.15641069
v -0.55857447 -0.09138405 -0.23742033
v -0.53670840 -0.07221137 0.11303599
v -0.57300852 0.11776567 -0.24743703
v -0.55041227 0.61127886 -0.16762809
v -0.51845422 0.63894830 -0.15908861
v -0.51964086 -0.70311783 0.03057212
v -0.56086005 -0.67761739 0.20469261
v -0.55925129 -0.31912454 0.12642488
v -0.53826174 -0.00468654 -0.26131713
v -0.55004226 0.05672010 0.06206032
v -0.52990569 0.17533436 0.01383752
v -0.51719450 0.56890965 -0.21436630
v -0.54845185 0.64369113 -0.13714717
v -0.55708276 -0.81950610 0.06832095
v -0.54225886 -0.36511483 -0.15700845
v -0.53225994 -0.31865538 -0.18967295
v -0.52925450 -0.14416686 0.15674886
v -0.52075681 -0.06628768 -0.25755093
v -0.52620555 0.12845225 -0.26248802
v -0.55264858 0.31651354 0.15687487
v -0.55535649 0.45487156 -0.21922486
v -0.53200433 0.49008174 0.14598983
v -0.54570186 0.49915017 0.19089281
v -0.52992293 0.66896505 -0.10711387
v -0.53843757 -0.87043991 0.11958219
v -0.53453840 -0.87801675 0.19575120
v -0.50979448 -0.78755796 0.14430036
v -0.49863554 -0.73373364 0.06323416
v -0.53918507 -0.76842964 0.16042402
v -0.53924122 -0.77666146 0.05446879
v -0.54803196 -0.69653748 -0.00877944
v -0.53344578 -0.01575690 0.07163868
v -0.53271347 0.01834297 0.09111449
v -0.53027079 0.18443669 0.03068735
v -0.53317309 0.30033308 0.13979906
v -0.55448418 0.36571337 0.16059398
v -0.50232324 0.65539061 0.08526828
v -0.52437213 0.67817458 0.03511405
v -0.53149872 -0.69028709 -0.03082976
v -0.52205103 -0.48972329 -0.12284332
v -0.51302075 -0.13440675 -0.24197702
v -0.53124783 0.20509550 -0.00432503
v -0.53078227 0.47628511 -0.23228562
v -0.50822045 0.54349163 0.17035702
v -0.50105713 0.52140942 -0.23368350
v -0.49633974 0.59173496 0.14848792
v -0.52239853 -0.84147889 0.12113360
v -0.51408149 -0.67672015 0.00364799
v -0.51113450 -0.59443862 0.19733574
v -0.54225001 -0.43138365 -0.14425289
v -0.51864060 -0.05357866 -0.24846571
v -0.51524472 0.21856500 0.02963448
v -0.52272768 0.24660796 0.12311035
v -0.50617931 0.31342712 0.17040132
v -0.54182717 0.35167172 0.13887000
v -0.52725883 0.57759703 0.15250843
v -0.53776438 -0.80943742 0.04532334
v -0.52126040 -0.77611411 0.02222357
v -0.52753531 -0.76749602 0.01741196
v -0.52593417 -0.66633543 -0.00532847
v -0.52961635 -0.23915733 0.11277107
v -0.52389025 -0.13986032 0.10656631
v -0.52164840 0.18204729 0.01843187
v -0.49593392 0.39781742 0.17186531
v -0.50937873 0.68656244 0.02080473
v -0.50401596 -0.79879226 0.09479196
v -0.50438030 -0.70671229 -0.00812488
v -0.50161287 -0.59804485 -0.06600725
v -0.50631870 -0.25651524 -0.19266211
v -0.52459468 -0.10774947 0.12676076
v -0.50680071 -0.07148721 0.06590557
v -0.50554727 0.08148642 0.04869786
v -0.52288075 0.23988675 -0.18677219
v -0.48538361 0.37200050 0.16304194
v -0.51841327 0.62161250 0.11623686
v -0.52514060 -0.77352018 0.02450124
v -0.50431016 -0.75396269 0.00616669
v -0.52006679 -0.70543136 -0.03123452
v -0.51231039 -0.35162964 -0.15851329
v -0.52116994 0.12732490 0.03002695
v -0.50920757 0.14030067 0.04970782
v -0.50210895 0.20642111 -0.01633051
v -0.51019711 0.26353412 -0.18808208
v -0.52143643 -0.73193447 0.00970486
v -0.52242533 -0.46862017 -0.12527695
v -0.52489451 -0.16378926 0.07868007
v -0.51104524 0.30482947 0.17446831
v -0.46785511 -0.78087778 0.10624861
v -0.52193253 -0.21569062 -0.21462623
v -0.50658950 0.02336234 0.03993018
v -0.50460941 -0.82933636 0.07552816
v -0.50172590 -0.45754328 -0.11320292
v -0.51119177 -0.39251878 -0.16317735
v -0.51075226 -0.29359687 0.13951179
v -0.50855958 -0.10846069 0.05295214
v -0.50906938 -0.04306428 0.08583983
v -0.49088163 0.29928156 0.17147815
v -0.52216281 0.52258666 -0.22624583
v -0.49550571 0.69532480 -0.03852751
v -0.48703036 -0.81865157 0.04571648
v -0.48845633 -0.78894355 0.06917555
v -0.50225478 -0.77875178 0.03607454
v -0.50078350 -0.66196871 -0.01928142
v -0.50330472 -0.34841527 -0.18057614
v -0.51574945 -0.17861016 0.11171604
v -0.48021646 -0.76806967 0.22039140
v -0.49429467 -0.76616417 -0.00157788
v -0.48932961 -0.11967302 0.10861615
v -0.49430531 -0.05977885 0.03804910
v -0.47320562 -0.02183204 -0.26661616
v -0.49658093 -0.00185839 0.07123032
v -0.52525398 0.41972832 -0.23257887
v -0.47904764 0.66598865 0.06143077
v -0.51508690 -0.89067459 0.12952275
v -0.48634678 -0.67701373 -0.00991938
v -0.49499832 -0.61866248 -0.05086827
v -0.49512718 -0.45020376 -0.13810787
v -0.49198534 -0.01386724 -0.00451886
v -0.52587800 -0.01165122 -0.26549950
v -0.47399511 0.67798065 -0.11614835
v -0.48450370 -0.87806265 0.10449021
v -0.49485888 -0.82509726 0.10898006
v -0.49077226 -0.73882049 0.05837735
v -0.48926103 -0.68810052 -0.01666861
v -0.47663332 -0.35015959 -0.15983275
v -0.49567017 -0.26139774 -0.20647546
v -0.47833012 -0.02389646 0.02305857
v -0.49706610 -0.00885498 0.03672159
v -0.47737184 0.04072937 0.01830592
v -0.44990790 0.12484873 -0.27919132
v -0.46742742 0.16118298 0.08562004
v -0.48249761 0.25243623 0.16461596
v -0.47404969 0.31783663 0.16335827
v -0.42383642 0.34537441 0.16586121
v -0.47122283 -0.87782001 0.12876959
v -0.48563361 -0.85390049 0.08418493
v -0.47782394 -0.71596950 -0.02805607
v -0.47559183 -0.71121591 -0.02029149
v -0.48911372 -0.74248737 0.02548012
v -0.48794067 -0.69684072 -0.02913363
v -0.48690290 -0.61033391 0.18745094
v -0.49722044 -0.39745671 -0.13794746
v -0.48479080 0.14216649 0.01029765
v -0.47281424 -0.78985721 0.14913717
v -0.48174721 -0.67002303 0.21167083
v -0.47752175 -0.65820939 -0.05219752
v -0.47799209 -0.64207750 -0.03291846
v -0.45924909 -0.29611556 -0.18140801
v -0.47026015 -0.17463813 -0.21610702
v -0.46790653 0.04310053 -0.27336157
v -0.50215990 -0.79290856 0.12925536
v -0.48154128 -0.76666474 0.01854442
v -0.51571025 -0.77244832 0.18263176
v -0.46872353 -0.76063014 -0.00020175
v -0.47739379 -0.73716885 0.01335176
v -0.47448343 -0.73830408 0.00988647
v -0.47448343 -0.73778057 0.00984405
v -0.47508392 -0.73368295 0.01406989
v -0.46810332 -0.60371703 -0.06990830
v -0.48554183 -0.54016918 -0.09061130
v -0.48158869 -0.14355955 -0.23586390
v -0.46152334 -0.11178335 0.05495477
v -0.43489092 0.44862432 -0.25029554
v -0.45625717 -0.88561208 0.10187181
v -0.45578251 -0.77897049 0.07026526
v -0.43570862 -0.77669792 0.20334415
v -0.46481677 -0.75666408 0.02483121
v -0.45906126 -0.62205702 0.20909116
v -0.47898815 -0.57849935 -0.08493206
v -0.46677019 -0.35502125 -0.17480708
v -0.46274245 -0.02245556 0.03218116
v -0.45114514 0.03579617 -0.28330087
v -0.48199467 0.19569722 -0.02608725
v -0.46998019 0.61391494 0.12248021
v -0.46558627 -0.82712084 0.03945726
v -0.47975949 -0.74135597 0.02676487
v -0.46789777 -0.70577751 -0.00034089
v -0.44275614 -0.20627612 0.12533245
v -0.48012476 0.02529657 -0.02175172
v -0.46652102 0.58338106 0.13036426
v -0.45551709 -0.76505881 0.00838825
v -0.43595696 -0.77754434 0.18084736
v -0.46875134 -0.75007849 -0.01279991
v -0.47404549 -0.73199253 0.01067146
v -0.46597041 -0.73056717 -0.00829319
v -0.46255768 -0.72807903 -0.01354624
v -0.46388426 -0.72838533 -0.00599561
v -0.45704203 -0.70509516 0.01326343
v -0.46066159 -0.07379265 -0.24627285
v -0.46531493 -0.06215655 0.03068130
v -0.45812775 0.07077853 -0.04442689
v -0.47302855 0.05172320 -0.02328361
v -0.45354145 0.13042270 -0.02006823
v -0.47650807 0.19827465 -0.25365442
v -0.46196987 -0.69500708 -0.01926655
v -0.49584718 -0.53902432 0.19722793
v -0.46194060 -0.46713388 -0.13279211
v -0.47140182 0.55174879 0.13574459
v -0.43811174 -0.82886206 0.05482254
v -0.42534336 -0.66165276 0.21240397
v -0.45930793 -0.09738680 -0.25292741
v -0.43624940 -0.62106802 -0.04171864
v -0.44405696 -0.54740646 0.18423408
v -0.45726936 -0.51813866 -0.10710069
v -0.46545732 -0.38510405 0.14892970
v -0.41709124 0.13735133 0.05849567
v -0.43043431 0.22936132 -0.24432115
v -0.46672310 -0.42964253 -0.13801547
v -0.45417516 -0.07234138 0.07332921
v -0.46057555 0.69504296 -0.05828669
v -0.43075212 -0.38290978 -0.16386404
v -0.45996256 -0.20632983 -0.22949024
v -0.46417770 -0.10763213 0.09654072
v -0.42016342 0.41706636 0.18068966
v -0.44242301 0.64065653 -0.17222022
v -0.44499363 -0.39340779 0.17144719
v -0.44217944 -0.29636512 -0.19677693
v -0.45485558 -0.15733868 -0.24002767
v -0.44289573 0.25736059 -0.21697164
v -0.40980591 0.55296399 -0.23182711
v -0.48132014 0.60473271 -0.20249521
v -0.45585165 0.63592439 0.12049956
v -0.43741127 -0.79553252 0.06087580
v -0.43938386 -0.68023501 -0.01966943
v -0.43006538 -0.57910691 -0.06333693
v -0.42965933 -0.43052541 -0.14013204
v -0.41786330 -0.15121890 0.11249497
v -0.42436586 -0.05561045 -0.25603543
v -0.42359083 -0.07580759 0.05229183
v -0.43591413 0.01472807 -0.27123050
v -0.43135589 0.02407455 0.02061215
v -0.42994000 0.28016921 0.17322077
v -0.44583459 0.31480129 0.18437215
v -0.43556992 -0.75704635 -0.00747288
v -0.45507836 -0.74578198 0.20219716
v -0.43436844 -0.70134565 -0.02465838
v -0.43204027 -0.67086873 -0.00357033
v -0.43025216 -0.66876681 -0.03483185
v -0.42756461 -0.20898628 -0.21824844
v -0.41361711 0.33562191 0.18411217
v -0.43568848 -0.74132093 0.01406444
v -0.42802389 -0.66932567 -0.02733369
v -0.43729749 -0.10898687 -0.24240021
v -0.44226748 0.69563146 0.02281854
v -0.42151865 -0.78538613 -0.00696445
v -0.43828587 -0.73322138 0.02240789
v -0.42088709 -0.68289564 -0.02079480
v -0.42298869 0.12719619 0.02508063
v -0.37440260 0.35110226 -0.22547983
v -0.40981966 0.38149144 0.19201309
v -0.43161122 -0.84610781 0.09341540
v -0.42334884 -0.75281781 0.00188724
v -0.40323050 -0.76990955 0.22691844
v -0.42619935 -0.60918747 -0.06396731
v -0.42417623 -0.52326527 -0.10316956
v -0.48791513 0.38449021 0.18682811
v -0.41640112 0.64235517 0.10580790
v -0.39586822 -0.83120725 0.14317896
v -0.39689753 -0.83820820 0.07187786
v -0.42965001 -0.85960212 0.16670958
v -0.41583989 -0.78937762 0.03874837
v -0.41510673 -0.70955354 -0.02493460
v -0.46023689 0.35108180 -0.23584080
v -0.43803656 0.45593927 0.17496076
v -0.40655552 -0.76522574 0.16435707
v -0.42532743 -0.74530968 0.08381329
v -0.40363605 -0.66660374 -0.00857061
v -0.41162107 -0.68204511 0.20308163
v -0.38224971 -0.57988497 0.20495802
v -0.40678083 -0.59646232 -0.07023085
v -0.41397168 -0.45678406 -0.12935299
v -0.41057188 -0.19948890 -0.21167337
v -0.42074765 -0.13350113 -0.24127906
v -0.43319215 0.22328091 0.14159455
v -0.44072636 0.29888155 -0.22295543
v -0.40963591 0.63381387 -0.18385484
v -0.43527772 0.67257716 0.08060563
v -0.41865415 0.68883952 -0.08329695
v -0.39647508 -0.40833539 -0.13019482
v -0.42943296 -0.07347001 0.08080028
v -0.42953778 -0.03321812 0.02034075
v -0.42543121 0.04119392 -0.00541305
v -0.41432921 0.12375163 -0.27746336
v -0.40646688 0.54517370 0.14148878
v -0.44011392 -0.79720776 0.12553840
v -0.43996495 -0.80605773 0.15250113
v -0.37448219 -0.76688094 0.02729327
v -0.41548774 -0.70125376 0.00520211
v -0.39585662 -0.67468872 -0.02395209
v -0.39181859 0.02497906 -0.26621467
v -0.45862376 0.17582685 0.11989424
v -0.38172423 -0.80242935 0.07250939
v -0.39000213 -0.76777995 0.08163206
v -0.39005658 -0.74429560 0.03382098
v -0.40706043 -0.62594533 -0.03395099
v -0.39118349 -0.48406317 -0.12027271
v -0.35374634 -0.02672805 0.04981620
v -0.37506858 0.34490823 0.21061449
v -0.39990864 -0.77217349 -0.00282966
v -0.39737947 -0.73904350 0.00196206
v -0.40280864 -0.38169939 -0.15101930
v -0.41437615 -0.28274115 0.15558168
v -0.38287256 -0.14611772 0.13177545
v -0.37719165 -0.76607124 0.16853447
v -0.40310119 -0.44903077 0.18550368
v -0.39914511 -0.20216559 -0.22296743
v -0.38896786 0.00392209 0.04751346
v -0.38637837 0.49643803 0.17608043
v -0.39073703 0.53454311 0.14430807
v -0.38354221 -0.79871244 0.16877992
v -0.38361611 -0.09714667 -0.23879888
v -0.36297288 0.25850032 -0.21703910
v -0.37656192 -0.79015617 0.12556477
v -0.39711458 -0.72471411 0.03480893
v -0.38388925 -0.68994135 -0.00411646
v -0.37286578 -0.66945975 -0.02495209
v -0.38287665 -0.64868068 -0.01528613
v -0.39549235 -0.48329611 0.18615619
v -0.38194653 -0.35253226 -0.17727832
v -0.42001818 -0.08251734 0.09445954
v -0.39520921 -0.08382080 -0.25758124
v -0.32440917 0.28548726 -0.19428285
v -0.43109586 0.60516044 0.13398949
v -0.38227253 -0.73351374 -0.00116089
v -0.38497580 -0.73090623 0.01411393
v -0.36586903 -0.51270663 -0.09421437
v -0.37675353 -0.42773224 0.16819644
v -0.38813669 -0.28007087 -0.19198016
v -0.36902696 0.28505690 0.23904836
v -0.40778943 0.56376223 0.15622424
v -0.37300402 0.63562177 0.11009403
v -0.38030845 -0.77274507 0.04397663
v -0.38688977 -0.42159544 -0.14592853
v -0.35724115 -0.17532305 0.14457035
v -0.33324988 0.62736883 -0.15403216
v -0.36455797 -0.74701469 0.03265507
v -0.38056418 -0.60957999 0.19193913
v -0.36322192 0.03447693 0.02165808
v -0.38317504 0.09220948 -0.27359258
v -0.36258485 -0.76259150 0.07615636
v -0.35732039 -0.76368711 0.05425679
v -0.36695289 -0.67829450 0.00576658
v -0.38349261 0.27517900 0.20715934
v -0.38646689 0.40594430 0.18482660
v -0.37031602 0.43169035 0.18236187
v -0.35932817 0.61404447 0.11183489
v -0.37216106 0.68002464 -0.08833393
v -0.40758827 0.69612842 0.00759973
v -0.34831007 -0.80110428 0.06179530
v -0.35348085 -0.75372869 0.01131493
v -0.37261869 -0.16329891 -0.23907768
v -0.38315150 0.01286850 -0.27813080
v -0.40594721 0.24422971 0.17747178
v -0.36972423 0.38793343 0.16113328
v -0.37314741 -0.75465099 0.15469278
v -0.37693033 -0.66559611 0.21302604
v -0.34780480 -0.01200766 0.06928060
v -0.34030918 0.18663033 0.16253262
v -0.36647051 0.36385068 0.16632121
v -0.35376483 0.41665828 0.18840921
v -0.35145202 -0.79164475 0.15672009
v -0.33171604 -0.75444427 0.10015199
v -0.40180273 -0.74626996 0.09837012
v -0.35626877 -0.75015921 0.03738621
v -0.35792843 -0.75011694 0.04134503
v -0.35635477 -0.74617934 0.03892367
v -0.35635477 -0.74761975 0.04134503
v -0.36479754 -0.74594783 0.02160428
v -0.36690213 -0.58590541 -0.06234189
v -0.36233210 -0.38194298 -0.14269101
v -0.35707602 -0.33443455 -0.17698519
v -0.36807175 0.44755579 0.19401226
v -0.37010969 0.51209153 0.19087876
v -0.33217988 0.66970573 -0.00720428
v -0.35210087 -0.76531661 0.04402863
v -0.35656350 -0.74143566 0.03698362
v -0.34635963 -0.60562703 -0.04590658
v -0.34364519 -0.50983550 0.19867413
v -0.33998620 -0.44088297 -0.12916699
v -0.34654402 -0.39628702 0.16793078
v -0.37523962 -0.37540686 0.17875370
v -0.36883909 -0.28270248 0.15806861
v -0.36373908 -0.29414373 -0.18057839
v -0.39509222 -0.29889811 0.14554083
v -0.34445755 -0.02987134 -0.26738592
v -0.34564115 -0.00116234 -0.26112242
v -0.34083261 0.07597744 0.03471715
v -0.29849135 0.38648857 0.17434000
v -0.37895923 0.38932728 0.17662745
v -0.35231232 0.46735292 0.17674318
v -0.37783605 -0.77154380 0.01351994
v -0.36272298 0.12671773 0.15041048
v -0.37295056 0.18041737 -0.25985872
v -0.35047693 0.43594660 0.16114023
v -0.34350100 0.50927268 0.14443539
v -0.34527762 -0.75047173 0.06074542
v -0.34801499 -0.70154462 0.01944356
v -0.34705289 -0.71632843 0.05823798
v -0.35558192 -0.66611163 -0.01124380
v -0.34293998 -0.50877613 -0.10548925
v -0.32615263 -0.32456968 -0.17602479
v -0.34913317 0.44486655 0.16193994
v -0.35591408 0.53111255 0.15667647
v -0.28470862 0.55291920 -0.17059486
v -0.32711875 0.58464141 -0.18696507
v -0.36403384 0.66728541 0.06033686
v -0.33992821 -0.78467291 0.12322369
v -0.35371850 -0.78582002 0.08040687
v -0.32902179 -0.74829590 0.01984140
v -0.33579903 -0.73905043 0.03464113
v -0.34552073 -0.39172564 -0.15653820
v -0.34238662 -0.24175465 -0.21266688
v -0.33380618 -0.19279110 0.12966830
v -0.36580639 -0.14238590 0.10486061
v -0.34694692 0.09930360 -0.27371729
v -0.31679269 0.33334289 -0.20334361
v -0.34157347 -0.77994583 0.02638256
v -0.32636514 0.05873828 -0.27212399
v -0.33836474 0.52608445 0.15502118
v -0.33791710 -0.78842025 0.02166716
v -0.32221000 -0.74211661 0.03953058
v -0.31563007 -0.75398888 0.15859709
v -0.34976913 -0.76729087 0.22417484
v -0.33031121 -0.66215975 -0.00153463
v -0.35321807 -0.67994983 -0.01623348
v -0.33365832 -0.61445572 -0.04787875
v -0.30005286 -0.31582859 0.15656046
v -0.35343315 0.21913584 0.18383096
v -0.32588252 0.30037684 0.19053353
v -0.34319018 -0.69614574 -0.01013115
v -0.31965632 -0.38335989 -0.15546027
v -0.34268541 -0.19209925 -0.21510078
v -0.32446174 0.12002115 0.15669478
v -0.32894870 0.26380260 0.17733473
v -0.27748662 0.38815979 0.14584329
v -0.36600306 0.39469803 -0.23763835
v -0.31909182 -0.65095125 -0.03199871
v -0.33067696 -0.11338354 -0.23987298
v -0.30682539 -0.79181986 0.15487218
v -0.33532591 -0.75275270 0.05710806
v -0.31695196 -0.74936570 0.13346407
v -0.34024474 0.12317366 0.07070242
v -0.31812079 0.44921591 0.17111686
v -0.31755486 -0.53749491 -0.08296288
v -0.33310449 -0.13027683 0.12532796
v -0.32178068 -0.01757132 -0.26671767
v -0.31720586 -0.78630926 0.04576338
v -0.31228506 -0.71202582 0.04113971
v -0.31960069 -0.38999161 0.17847193
v -0.30981440 -0.29876179 -0.17723604
v -0.29398324 0.45779486 0.14365590
v -0.30603343 0.56055076 0.12367900
v -0.31529029 -0.79063252 0.09881510
v -0.29427672 -0.76974054 0.08007195
v -0.30735118 -0.66651549 0.01435711
v -0.32706754 -0.53200808 0.18486448
v -0.31531487 -0.24605162 -0.20297472
v -0.30325094 0.07485350 -0.26726219
v -0.32175568 0.13529194 0.17382779
v -0.30054604 0.42531959 0.17006359
v -0.31624685 0.60490606 0.09378511
v -0.29067415 -0.74040171 0.18916648
v -0.29459912 -0.52639435 -0.07806732
v -0.30260711 -0.07987291 -0.25644936
v -0.30772797 0.01913852 0.05485975
v -0.29432341 0.36757971 0.16279373
v -0.31057791 0.48278999 0.13497637
v -0.26326825 0.51391690 0.10647154
v -0.26254611 0.49313351 -0.17361774
v -0.30553053 -0.77491710 0.13074651
v -0.28358795 -0.73159722 0.01979409
v -0.29966965 -0.68527428 0.00218360
v -0.30220486 -0.62163252 -0.02790401
v -0.30753073 -0.44399807 -0.12095142
v -0.28594649 -0.43040093 -0.13082030
v -0.29606629 -0.29547851 -0.18971570
v -0.29671730 -0.11230661 0.11238331
v -0.26893607 -0.04393585 0.09897118
v -0.32604811 0.37328689 0.17751952
v -0.33207792 0.51035114 -0.21979757
v -0.28711362 -0.77256840 -0.00809649
v -0.29064662 -0.75723804 0.13673913
v -0.27563175 -0.44297369 0.16333618
v -0.31724510 -0.29437112 0.16111678
v -0.30557097 -0.16080400 -0.23567356
v -0.29010678 0.24097149 0.14869707
v -0.29038116 -0.78698338 0.05178482
v -0.29835932 -0.73276187 0.13934894
v -0.27807109 -0.66264735 0.01827068
v -0.29506042 -0.33516100 -0.17319955
v -0.28052924 -0.22681921 -0.21083453
v -0.30622793 0.15625295 -0.25259912
v -0.33821346 0.42197609 0.14587864
v -0.32800301 -0.09019808 0.09393129
v -0.28909373 0.04688669 0.01727642
v -0.29062264 0.00741150 -0.27128361
v -0.31821567 0.24519937 -0.20212148
v -0.28809765 0.27425366 0.14198537
v -0.29116168 0.45129698 0.13778729
v -0.30647125 0.63379083 0.05119552
v -0.26500846 -0.79735356 0.18823959
v -0.28104494 -0.70447900 0.02678132
v -0.26829774 -0.72784000 -0.00635920
v -0.28204400 -0.71976034 0.09990121
v -0.28787944 -0.71801098 0.12171058
v -0.27913232 -0.37629749 -0.14992987
v -0.25552844 0.08501310 -0.01160301
v -0.34032418 0.46705950 -0.23381172
v -0.30284086 -0.75808606 0.09806561
v -0.26658701 -0.67089241 0.10113214
v -0.31023236 -0.55786544 0.19652712
v -0.27243836 -0.01801004 0.06227587
v -0.29553070 0.13928339 0.04872873
v -0.27880783 0.19088923 0.14849448
v -0.28335565 0.24045458 -0.17572641
v -0.27487888 -0.75608110 0.16307341
v -0.30278835 -0.70606762 -0.02458398
v -0.24849843 0.13810129 -0.23514673
v -0.27342693 0.38394992 0.16349895
v -0.25497458 -0.75063352 0.21658215
v -0.28435037 -0.69356184 0.09329589
v -0.27861792 -0.54700889 -0.06523837
v -0.29594592 -0.45244233 0.18055156
v -0.26949777 -0.17266852 -0.21459588
v -0.29397632 -0.17949953 0.13384150
v -0.27896989 -0.09981276 -0.24408225
v -0.27131682 0.37620783 -0.18719489
v -0.23654608 0.43457556 -0.15840909
v -0.26293631 -0.74848645 0.09250060
v -0.27213950 -0.74891646 0.11156052
v -0.25824360 0.44384266 0.13711643
v -0.25320559 0.59540389 -0.06558737
v -0.26766948 -0.72880186 0.04805405
v -0.26641805 -0.67030092 0.02990205
v -0.26676008 -0.55793079 -0.05246796
v -0.28265587 -0.25950384 0.13810055
v -0.26801034 0.06616493 -0.26958775
v -0.30430658 0.65300811 -0.05427722
v -0.24392786 -0.68727889 0.06162192
v -0.26782194 -0.65228895 -0.00757640
v -0.26789787 -0.54654679 -0.07316425
v -0.25555442 -0.75367716 0.00529723
v -0.24829250 -0.70464732 0.03857100
v -0.26214535 -0.68412162 -0.01880744
v -0.26478043 -0.63375368 -0.02922517
v -0.25143440 -0.42549370 -0.12933520
v -0.24244951 -0.33434981 0.15778061
v -0.27096048 -0.26470600 -0.19345283
v -0.25439683 0.05339511 0.03493384
v -0.25803875 0.15587392 0.10877648
v -0.24480065 0.22495272 0.13181114
v -0.25865167 0.25262862 0.14026298
v -0.26513495 0.29367224 0.16383776
v -0.28817882 0.46518359 0.16386899
v -0.26953933 0.59910275 -0.10806207
v -0.26303981 0.60619834 0.01649564
v -0.23751125 -0.31598570 -0.17835614
v -0.24975836 -0.11990205 -0.24527309
v -0.23763052 -0.06283365 -0.26463374
v -0.24205220 0.02956753 -0.25923911
v -0.25598664 0.23499576 -0.07468857
v -0.26324139 0.17144122 0.13828841
v -0.24032414 -0.76417650 0.02844419
v -0.25145986 -0.74828170 0.17394229
v -0.24179499 -0.72600316 0.07158345
v -0.23676551 -0.73354536 0.04843961
v -0.25699360 -0.68167697 0.00658130
v -0.25852570 -0.18433830 -0.22906791
v -0.25417604 -0.04192439 -0.25106483
v -0.25533013 0.18060786 0.00946384
v -0.25315217 0.38918225 0.13116805
v -0.25967322 0.39939630 0.13807470
v -0.25632548 0.45629820 0.10184864
v -0.24416140 -0.67987879 0.08273534
v -0.25966158 -0.50445297 -0.08059640
v -0.23881042 -0.18235995 -0.21314445
v -0.23081585 0.12526757 0.18245640
v -0.28047517 0.28490079 -0.16103060
v -0.24231900 0.31978872 0.15535749
v -0.25819773 0.43181216 0.10433971
v -0.24756670 0.44100886 0.12340032
v -0.27146624 0.56766819 0.08570710
v -0.25573850 -0.73577050 0.19756511
v -0.24042841 -0.65461702 0.04987285
v -0.24251747 -0.65535643 0.08763187
v -0.23847174 -0.63186779 -0.01098264
v -0.25502843 -0.25365048 0.14488185
v -0.23097484 -0.17202840 0.11646393
v -0.25873043 -0.09410574 0.10328191
v -0.26820069 0.08329020 0.19191783
v -0.24241683 0.23600020 0.12974647
v -0.24313735 0.22808164 0.13181051
v -0.24206797 0.22711046 0.13211976
v -0.24557990 0.23391289 0.13294416
v -0.24153058 0.22549000 -0.02434189
v -0.22139765 0.38216412 -0.12375284
v -0.25706165 0.43354225 0.15344127
v -0.22651831 0.52688293 0.05013537
v -0.24877244 0.57451548 0.05059557
v -0.24703998 -0.71643169 0.14486795
v -0.23387667 -0.63906513 -0.03069065
v -0.22691344 -0.48243241 -0.08711746
v -0.24099943 -0.44735768 -0.10313914
v -0.23629003 -0.22534546 -0.20983052
v -0.24909919 0.17662773 -0.08547470
v -0.24263135 0.23227750 0.13216794
v -0.24067394 0.27385033 0.14936649
v -0.24047227 0.30287839 -0.13385125
v -0.24512285 -0.71710409 0.17002502
v -0.23837083 -0.67377341 0.03657316
v -0.23889904 -0.43066648 0.16639030
v -0.23073797 -0.02791353 0.06975565
v -0.25038247 -0.00302497 0.08198764
v -0.21326035 0.08847161 0.21870782
v -0.23989927 0.13259643 -0.04905790
v -0.24604307 0.21711869 0.13787594
v -0.24137099 0.22184245 -0.10098441
v -0.24687074 0.19378487 -0.20145183
v -0.22810616 0.28063715 -0.10534155
v -0.23634047 0.22364841 0.16434752
v -0.23806257 0.36661095 0.11759389
v -0.23242655 0.45586549 0.14696338
v -0.23050687 -0.74406461 0.16212225
v -0.22156272 -0.40768891 -0.13279711
v -0.22804197 -0.38483006 -0.13515487
v -0.21555478 0.09098351 -0.25093680
v -0.23339260 0.25607682 -0.07536125
v -0.22671032 0.34237599 -0.12411081
v -0.22904931 0.27481019 0.12646015
v -0.22551093 0.55845225 -0.00845243
v -0.23247529 -0.59403031 0.04392680
v -0.20491776 -0.07813678 0.08601652
v -0.23234955 0.01377926 0.17678194
v -0.22166840 0.12302876 -0.02131721
v -0.23704550 0.22635510 0.12885160
v -0.22299765 0.30175196 -0.06764992
v -0.24372636 0.40242665 0.15066629
v -0.22037866 0.52938317 -0.08455260
v -0.22065775 -0.73647935 0.01546730
v -0.20940422 -0.72711972 0.07207307
v -0.21244944 -0.65612058 0.17860125
v -0.22180558 -0.70339584 0.20615586
v -0.22688173 -0.53089803 0.00791744
v -0.22554791 -0.13146036 0.10195840
v -0.21481032 0.01413202 0.15755252
v -0.23161683 0.08317897 0.15018717
v -0.23999898 0.15748050 0.16231075
v -0.21953554 0.21015139 0.20032506
v -0.21879372 0.26753680 0.09755056
v -0.21868682 0.42998739 -0.12487750
v -0.21963209 0.43921109 0.06349418
v -0.22398014 -0.72632204 0.02475893
v -0.20406329 -0.60393739 0.07496696
v -0.22993611 -0.52597056 -0.07755302
v -0.20565944 -0.33716996 0.14388917
v -0.23425335 0.05286473 0.18638234
v -0.22408472 0.18243673 0.17256955
v -0.21036098 0.29948826 -0.00798028
v -0.21364820 0.47929732 0.02614204
v -0.21509314 0.03338771 0.20702424
v -0.21439267 0.37442651 0.04058847
v -0.19737986 -0.69947880 0.00877393
v -0.21249874 -0.65913709 0.00567954
v -0.22275165 -0.68642867 0.04993525
v -0.21140160 -0.65031360 0.11279608
v -0.20478912 -0.52570476 0.03855914
v -0.21205372 -0.49143809 0.04694053
v -0.23971614 -0.54567257 0.18152331
v -0.22888233 -0.34187869 0.13942152
v -0.21773064 -0.09694757 -0.24556181
v -0.25872152 0.23633380 -0.14216699
v -0.21818129 0.20545237 0.06319715
v -0.20438527 0.29091800 -0.03875230
v -0.21053265 0.51640849 -0.00791935
v -0.21796214 -0.71101067 0.19905052
v -0.22245460 -0.67067485 0.12354816
v -0.19473321 -0.65062966 0.19211587
v -0.21905013 -0.66890715 0.04715668
v -0.20840798 -0.59024400 0.00923039
v -0.21283596 -0.61996773 0.03238081
v -0.20906182 -0.54626842 -0.01185705
v -0.21027204 -0.45996602 -0.10797049
v -0.21716871 0.00947143 -0.27201940
v -0.20466162 0.33165929 -0.05225061
v -0.21047353 -0.00946608 0.18447446
v -0.19741976 0.12224996 -0.23273048
v -0.15830589 0.17869192 -0.15730940
v -0.17398856 0.20259397 0.12478597
v -0.20243842 0.35571793 -0.07170007
v -0.19765288 0.38838128 -0.05399328
v -0.20065087 -0.65821744 0.01856321
v -0.19535908 -0.47643711 -0.02198555
v -0.20459972 -0.45934833 0.01542598
v -0.17996782 -0.15595911 -0.22825528
v -0.19896921 0.34392065 -0.01384426
v -0.19613672 0.46335368 -0.04928604
v -0.19750951 -0.67378103 0.12049082
v -0.20132299 -0.65604347 0.04543129
v -0.20103600 -0.64374872 0.05864620
v -0.19371632 -0.57651804 0.00812215
v -0.19065968 -0.57176425 0.01980290
v -0.21392143 0.22569473 0.19842534
v -0.16331552 0.35034278 0.16918206
v -0.19145003 -0.60344512 0.03707397
v -0.19489486 -0.61574369 0.16642778
v -0.19769085 -0.00761100 -0.26779576
v -0.19135152 0.40056363 -0.00757225
v -0.20514670 0.40158869 0.15779301
v -0.18254596 -0.70551976 0.05131287
v -0.18515216 -0.64303757 0.05743773
v -0.20324564 -0.62477517 0.14004859
v -0.18941186 -0.57957219 0.17921911
v -0.17807867 -0.54840148 0.05471276
v -0.18731823 -0.50921783 -0.07685627
v -0.16932410 -0.46087578 0.15650600
v -0.19788713 -0.36130809 -0.15362875
v -0.17737432 -0.24321943 -0.19196703
v -0.19472672 -0.25161687 0.11741774
v -0.20381297 -0.22221822 0.12727505
v -0.19455582 -0.10716139 -0.25205350
v -0.20828866 0.00636973 0.04471303
v -0.18104973 0.07104332 -0.27420735
v -0.17261842 0.13361239 -0.25647180
v -0.21349997 0.24233437 0.17123214
v -0.18009959 -0.66424254 0.03818926
v -0.19061473 -0.63237072 -0.01630690
v -0.18844866 -0.53641505 0.02178696
v -0.18373490 -0.53105767 -0.04896640
v -0.07450513 -0.02260129 0.20928619
v -0.13721449 0.07771662 -0.01232019
v -0.20153514 -0.67452414 0.02832959
v -0.16870993 -0.63416478 0.11435726
v -0.16579745 -0.61026302 -0.01845691
v -0.21062864 -0.62163370 0.09348058
v -0.17984572 -0.53012011 0.04191384
v -0.18147552 -0.52748962 0.03830157
v -0.17788374 -0.53934035 0.00634543
v -0.18131657 -0.48948275 0.02551407
v -0.17911395 -0.33319343 -0.17287581
v -0.16941111 0.01264950 -0.28137499
v -0.20369955 0.31247912 0.16419228
v -0.17631834 -0.67885974 0.02176958
v -0.19431007 -0.59774391 -0.02804815
v -0.18253960 -0.56903527 -0.03075556
v -0.17477849 -0.54538347 0.04548580
v -0.17494503 -0.36170156 -0.14564093
v -0.17574035 -0.27251827 -0.19068050
v -0.14965460 0.16518294 0.21996340
v -0.17435329 -0.66032936 0.07972313
v -0.17754407 -0.62839165 0.08449723
v -0.17021561 -0.59363567 0.18310706
v -0.19321059 -0.44506777 -0.10827125
v -0.24289403 0.10852928 0.20898648
v -0.17598490 -0.67955754 0.04130995
v -0.16604878 -0.63227553 0.06586827
v -0.14887046 -0.54918303 0.16893730
v -0.18225028 -0.52325758 0.07150475
v -0.18949664 -0.50731351 0.04797777
v -0.16355812 -0.37228991 -0.14927986
v -0.17519051 -0.08878794 0.07887181
v -0.16072434 0.06572459 0.19643637
v -0.18503200 0.14972279 -0.05559479
v -0.17941249 0.30874463 0.11710738
v -0.16454284 -0.61026592 0.00491034
v -0.17155048 -0.57780570 -0.03364510
v -0.14377597 -0.51060554 0.14328282
v -0.19177788 -0.57541603 0.09067529
v -0.16488869 -0.51258005 0.02528320
v -0.15924620 -0.37050641 -0.12645741
v -0.16766579 -0.39891144 -0.11999568
v -0.16281996 -0.34425640 -0.14622977
v -0.18828615 -0.21353469 -0.21479296
v -0.15295498 -0.13218251 -0.24527966
v -0.14344893 0.15124422 0.19095696
v -0.15456495 0.32223913 0.16665871
v -0.15742314 -0.67546674 -0.00603519
v -0.15864998 -0.67341051 0.03076920
v -0.14122481 -0.59914007 -0.01092831
v -0.16818932 -0.58504537 0.06570362
v -0.15469431 -0.41647960 -0.12342782
v -0.14595257 -0.63830262 0.10534612
v -0.14219997 -0.51675561 0.10912123
v -0.15542537 -0.50513312 -0.06388727
v -0.16159926 -0.46508887 -0.01419846
v -0.15626187 -0.36789736 -0.14210585
v -0.15647997 -0.24023777 -0.20569336
v -0.15752062 -0.07063619 -0.25227520
v -0.14641831 -0.00969448 -0.28126070
v -0.15683015 0.12809302 0.20181719
v -0.16588525 0.18018266 -0.10607936
v -0.13149132 0.46108427 0.14478414
v -0.15738964 -0.71218408 0.05147950
v -0.16442353 -0.66408854 0.03951109
v -0.17603581 -0.65389313 -0.01232438
v -0.14847230 -0.50875637 -0.03063316
v -0.14068872 -0.45219712 0.01815840
v -0.14766210 -0.17385685 0.09104102
v -0.15592139 -0.68462803 0.00684862
v -0.15042651 -0.55983652 -0.03821570
v -0.15122449 -0.54365874 -0.00197981
v -0.14037214 -0.52830924 -0.04025295
v -0.11831538 -0.40191989 0.13429195
v -0.15386875 -0.43086569 -0.10178457
v -0.15153356 -0.14259971 0.09647472
v -0.10907771 0.00674043 0.22854557
v -0.14853507 -0.67047630 0.00417404
v -0.13922825 -0.65479635 0.01833252
v -0.13744798 -0.63311194 0.04097384
v -0.14715715 -0.61430408 -0.03880463
v -0.15864300 -0.58732672 -0.00014432
v -0.14450190 -0.46023552 -0.06971759
v -0.14364580 -0.42765079 -0.01359830
v -0.14918231 -0.32146102 -0.16826633
v -0.15328832 0.23028811 0.18147886
v -0.17569394 0.27633037 0.16750157
v -0.14326820 -0.70168638 0.06068518
v -0.12411627 -0.48507314 0.15587706
v -0.14068983 -0.40222554 -0.11111001
v -0.15098997 -0.34173935 0.13668609
v -0.14726492 -0.20212849 -0.20286057
v -0.14148149 -0.02597904 0.05142222
v -0.13222962 -0.57474092 -0.01841709
v -0.13569450 -0.56230737 -0.02160593
v -0.15877034 -0.56994054 -0.01578137
v -0.12748363 -0.46886645 -0.09484145
v -0.14802000 -0.39712737 -0.12599526
v -0.17829466 0.15631540 -0.20019534
v -0.12916553 -0.68292759 0.01531138
v -0.13377662 -0.63202200 0.09050419
v -0.13251815 -0.56519910 -0.02567096
v -0.13191032 -0.56504875 -0.02437677
v -0.13141318 -0.56092535 -0.02155537
v -0.12209955 -0.50740780 -0.00805002
v -0.14072819 -0.48810841 -0.07717130
v -0.14226132 -0.47910501 0.07207099
v -0.11576620 -0.43824898 0.05156331
v -0.14686588 -0.37814918 -0.13975581
v -0.11750168 -0.06665785 0.05682075
v -0.12883792 -0.69595387 0.00277112
v -0.12504624 -0.68518644 0.03776489
v -0.12613695 -0.63254159 0.07557593
v -0.11500111 -0.63717983 -0.01226413
v -0.13501519 -0.56965006 -0.05417425
v -0.12311870 -0.53487815 -0.03378023
v -0.10035060 -0.50167020 0.02004151
v -0.12382899 -0.49739481 -0.04300406
v -0.10421429 -0.34764199 -0.13081770
v -0.10851405 0.20256598 0.21734231
v -0.13032322 0.28370270 0.20935892
v -0.12903585 -0.61492385 0.07579672
v -0.10663772 -0.43228843 -0.09294166
v -0.16599963 -0.26493481 0.12373112
v -0.13256522 -0.02381511 -0.26879266
v -0.12975595 0.34669754 0.17674735
v -0.11521835 -0.61526116 -0.02195812
v -0.12885229 -0.58836338 -0.05345571
v -0.13047399 -0.45630068 -0.00601967
v -0.11798010 -0.43611486 0.03233404
v -0.11109750 -0.33984559 -0.14629279
v -0.11613829 -0.23255439 -0.19858739
v -0.12453844 0.18684626 -0.16041790
v -0.22461831 0.45311768 0.11226207
v -0.11515771 -0.63749822 0.05148317
v -0.11025742 -0.50229245 -0.06007606
v -0.11668789 -0.52318610 -0.03563339
v -0.11421455 -0.43898806 -0.05578821
v -0.13031257 -0.18831214 -0.22581597
v -0.13779748 -0.04735598 -0.27514016
v -0.10358323 0.04000643 0.00939566
v -0.11488227 0.42314720 0.15456027
v -0.12764107 -0.63545413 0.01064534
v -0.11966597 -0.41839226 0.10551162
v -0.12286773 -0.40207110 -0.12740596
v -0.12285622 -0.09392000 -0.25295799
v -0.10397525 -0.44659677 -0.03201303
v -0.12960483 -0.44695393 0.08381637
v -0.10200599 -0.38278546 -0.14037352
v -0.10055405 -0.11714314 -0.25096578
v -0.12023586 -0.15267679 0.08832809
v -0.10448024 -0.71163969 0.03570435
v -0.10400226 -0.60309474 -0.00754671
v -0.11077103 -0.41447931 -0.08957279
v -0.12110099 -0.41154840 0.01466177
v -0.11279835 -0.40335219 0.06843076
v -0.10308980 -0.09555370 -0.25879916
v -0.08367133 0.18780694 -0.28702622
v -0.07648381 0.28671067 0.21573065
v -0.09646695 -0.46312476 0.06808951
v -0.08332539 -0.39432168 -0.12450154
v -0.10099812 -0.40267104 0.02004996
v -0.10018832 -0.36775386 -0.11643183
v -0.09773753 -0.28333957 -0.16700199
v -0.11968603 0.10899728 0.23678900
v -0.10598500 0.21912118 -0.20367737
v -0.12420338 -0.62211516 0.03253500
v -0.10154462 -0.57440780 -0.04230796
v -0.09321821 -0.49050522 -0.04858886
v -0.09628865 -0.42842199 -0.08554416
v -0.07399288 -0.45368238 0.03122343
v -0.09637089 -0.41605842 -0.09887267
v -0.09465469 -0.38555757 -0.12027277
v -0.09635675 -0.40477051 -0.10186339
v -0.10611117 -0.39976223 -0.01994894
v -0.08808103 -0.35798150 -0.00841364
v -0.09682707 -0.36828754 -0.13102071
v -0.09647173 -0.36423001 -0.13171722
v -0.07830525 0.19996978 -0.14413151
v -0.10873722 -0.61764947 0.10055875
v -0.08098878 -0.59968844 0.01512078
v -0.10743430 -0.55209484 -0.02130240
v -0.10342586 -0.51114191 -0.05335935
v -0.08265709 -0.46394709 -0.08018502
v -0.07875309 -0.44267004 0.04753898
v -0.09771229 -0.35423764 -0.14935375
v -0.09731541 -0.31723471 -0.17440942
v -0.09812743 -0.19565662 -0.21085004
v -0.09576780 -0.00674045 -0.27732832
v -0.06627304 0.13378338 -0.06329065
v -0.04949121 0.40844840 0.16954045
v -0.10060838 -0.58977876 -0.02672433
v -0.10054609 -0.55226858 -0.04517156
v -0.05686823 -0.48447429 0.02430040
v -0.10249946 -0.47543624 -0.06271256
v -0.09043204 -0.41332395 -0.07440086
v -0.09598170 -0.42018474 0.13844936
v -0.08287999 -0.25038762 -0.19551349
v -0.08871449 -0.12921545 -0.22952484
v -0.03127024 0.45903432 0.11170062
v -0.07149129 -0.71826143 0.06501159
v -0.08997094 -0.65687566 0.03574274
v -0.05929947 -0.59058936 0.08276580
v -0.06774921 -0.58722461 -0.05029244
v -0.07567635 -0.57780624 -0.03978076
v -0.09442737 -0.53393503 -0.05304001
v -0.09170233 -0.38990091 0.04429246
v -0.09477189 0.00634022 0.15901400
v -0.10314997 0.16196045 -0.09994902
v -0.11918083 0.18686253 0.23192835
v -0.06520350 0.23868827 -0.27067432
v -0.09510349 0.24612764 0.21857466
v -0.11631127 -0.52432208 0.04290219
v -0.08741432 -0.45749729 0.04242324
v -0.09229695 -0.41382408 -0.09291633
v -0.08291625 -0.38107861 -0.11497878
v -0.07852622 -0.14959753 -0.23836201
v -0.07726060 -0.03021401 0.03393183
v -0.08593784 -0.01225741 -0.28040678
v -0.04546357 0.32961229 0.18243649
v -0.04832433 -0.62124381 0.02863961
v -0.07656550 -0.51351839 -0.05402417
v -0.07698675 -0.51312342 -0.01782725
v -0.07678363 -0.50992203 -0.02015183
v -0.07581626 -0.41069450 -0.11064991
v -0.08679116 -0.41075835 -0.02116084
v -0.06017426 -0.36257198 -0.14510085
v -0.08893172 -0.36085717 -0.09196408
v -0.07455621 -0.31351638 -0.15263621
v -0.07653168 -0.28676049 0.10593111
v -0.07525427 -0.09414404 -0.26124556
v -0.09419100 -0.62338365 0.09173956
v -0.07759526 -0.58964924 -0.03994037
v -0.08926791 -0.57168253 -0.02760711
v -0.07593149 -0.51390062 -0.02180875
v -0.07652977 -0.49957588 -0.02917356
v -0.08074842 -0.47317001 0.00257590
v -0.07008210 -0.43755583 -0.10219773
v -0.06791880 -0.38766114 -0.09909948
v -0.06064996 -0.33308780 0.11405429
v -0.04398193 -0.14005254 0.06832100
v -0.04558116 -0.67763150 0.05612173
v -0.07421951 -0.65229393 -0.01420934
v -0.09330001 -0.66227680 0.05346025
v -0.05939929 -0.52965048 -0.03161348
v -0.07315262 -0.53745018 -0.00373365
v -0.07284994 -0.51387463 -0.02122866
v -0.06243335 -0.48730267 0.04730992
v -0.05681265 -0.49871601 -0.06757838
v -0.05770603 -0.46726052 -0.09537631
v -0.06235523 -0.31359674 0.08515528
v -0.06481659 -0.20748496 -0.20207508
v -0.05369510 0.17139448 -0.08928976
v -0.09045067 0.12733105 0.13819662
v -0.05616882 -0.69899060 -0.01106539
v -0.08748053 -0.65774966 0.01827231
v -0.05426248 -0.65385559 -0.03417982
v -0.06909589 -0.62172351 -0.02468520
v -0.06450163 -0.61223012 -0.03341628
v -0.06380974 -0.55268454 -0.00244592
v -0.04878336 -0.51365135 0.06090942
v -0.05843664 -0.45341278 -0.07123843
v -0.07252762 -0.41963117 0.03126733
v -0.07029289 -0.36608734 0.00612538
v -0.07761528 -0.08074042 -0.24822657
v -0.05596726 0.02401915 -0.28840899
v -0.10494724 0.09519716 -0.29483881
v -0.05232847 -0.67661748 0.04470175
v -0.06117942 -0.60929919 -0.04461730
v -0.06736233 -0.59606642 -0.00194023
v -0.06341717 -0.55527317 -0.05458717
v -0.05327465 -0.38046242 0.03046146
v -0.07661633 -0.35586710 0.03633784
v -0.05745913 -0.35904982 -0.08392317
v -0.01413925 -0.03555675 0.25520734
v -0.04596952 -0.41896639 0.00347379
v -0.08165207 -0.41687553 0.03597588
v -0.05389619 -0.40530890 -0.10226370
v -0.05690786 -0.34119745 -0.02138980
v -0.06722549 -0.34683814 -0.15314624
v -0.04910720 -0.30335780 -0.09286080
v -0.04970282 -0.10806422 -0.24915191
v -0.05089642 -0.01400651 -0.28529359
v -0.04697458 0.02798159 0.23122742
v -0.07264549 0.25637080 0.23497677
v -0.05843476 -0.68320736 0.01352336
v -0.05036492 -0.53516769 0.08877731
v -0.06864996 -0.51401564 -0.00766620
v -0.07268284 -0.49517552 0.05752246
v -0.05670188 -0.47613282 0.04152193
v -0.04148000 -0.42657855 -0.02310003
v -0.06498353 -0.32953623 -0.11709079
v -0.04643915 -0.29946953 -0.16520102
v -0.06231957 0.05445454 0.25891597
v -0.07491316 0.04942597 -0.28673967
v -0.06250466 0.11653660 0.21431939
v -0.04290516 -0.66061324 0.03331106
v -0.05464484 -0.55008076 -0.02055378
v -0.05254282 -0.51896315 -0.07712949
v -0.05480964 -0.50334677 -0.05232559
v -0.04412396 -0.48787952 0.04667481
v -0.04894130 -0.48104318 0.04107575
v -0.04994730 -0.48000265 0.04647847
v -0.06608265 -0.43366038 -0.11673280
v -0.05101442 -0.33212320 -0.15643221
v -0.05036020 -0.27053606 -0.14860630
v -0.05210532 -0.51310645 0.02749193
v -0.03972504 -0.51561283 0.01349291
v -0.04528265 -0.49023393 0.05264803
v -0.05829848 -0.44755207 0.05567532
v -0.04374469 -0.35173073 -0.09572658
v -0.05650717 -0.32248349 0.02607949
v -0.04414738 -0.33459042 -0.17279758
v -0.04592512 -0.25173374 -0.16763630
v -0.06994778 0.00500607 0.23945905
v -0.05307029 0.06273780 -0.30223195
v -0.03973385 0.14270472 -0.30856684
v -0.04713206 -0.67106977 0.02440377
v -0.04253027 -0.53258741 0.05910686
v -0.04133589 -0.49416689 0.04966451
v -0.03576386 -0.49212433 0.05617160
v -0.04704582 -0.47720232 0.04341248
v -0.04607881 -0.45843651 -0.07197706
v -0.04117355 -0.36912473 -0.11697563
v -0.05935346 -0.36645219 -0.04498228
v -0.04460769 -0.29792537 -0.17935178
v -0.03319771 -0.30255651 -0.00673621
v -0.03384369 -0.14029459 -0.23292837
v -0.02693629 -0.02990941 -0.28016583
v -0.04301852 0.21431249 0.19502936
v -0.03802104 -0.59295091 -0.05398051
v -0.07186050 -0.59266032 0.05440085
v -0.03800217 -0.58549933 0.10058869
v -0.04473027 -0.46778365 0.07905508
v -0.03981028 -0.39694744 -0.09897932
v -0.04908252 -0.43817435 -0.10193985
v -0.03496872 -0.22816916 -0.20386877
v 0.02543907 -0.02149358 0.28045217
v -0.03710020 -0.71138837 0.02535927
v -0.02759459 -0.69937912 -0.01049964
v -0.02635247 -0.61150706 0.02722306
v -0.03422663 -0.57439485 0.04335898
v -0.02004580 -0.56432354 0.03289307
v -0.03772039 -0.54623436 0.03451813
v -0.03015694 -0.49831872 0.06230134
v -0.02838721 -0.48989568 0.05535691
v -0.03570698 -0.31508864 -0.09872628
v -0.03614539 -0.25571849 -0.18675207
v -0.03686582 -0.26440730 -0.20050148
v -0.00140175 0.10536516 0.27008359
v -0.05012971 -0.59455855 0.07307393
v -0.02779157 -0.58791711 0.02768347
v -0.01548971 -0.56126863 0.00174946
v -0.02641704 -0.44264676 -0.12207778
v -0.03179196 -0.43224996 -0.05412400
v -0.03767740 -0.38175962 -0.15383186
v -0.02328661 -0.38482200 -0.02689303
v -0.03394407 -0.31488826 0.00786624
v -0.02178086 0.17814430 0.22817871
v -0.02904535 0.17625434 0.19750537
v -0.04209064 -0.58688463 0.00047477
v -0.02559454 -0.49810916 0.05834068
v -0.02410502 -0.49799664 0.06179780
v -0.02559454 -0.49641427 0.05709552
v -0.02556598 -0.49414424 0.06105102
v -0.04548343 -0.39164552 -0.13968178
v -0.01481919 -0.33271954 -0.00265652
v -0.02571168 -0.23408020 -0.18636186
v -0.01380360 -0.01212400 0.01471983
v -0.08524725 0.29230013 0.17533390
v -0.02156001 -0.68748605 0.03345023
v 0.00466385 -0.67334622 0.09167618
v -0.03507582 -0.62142539 0.10433019
v -0.04776547 -0.59399626 -0.04026964
v -0.03264967 -0.59538269 0.08735217
v -0.01778597 -0.56224787 0.00553665
v -0.02919401 -0.50443513 -0.09393095
v -0.01874062 -0.45816141 0.07420780
v -0.02287544 -0.47031004 -0.09595146
v -0.02273058 -0.43851427 -0.06052086
v -0.01528446 -0.44358279 -0.11652200
v -0.00570346 -0.33692211 -0.16902486
v -0.01324521 -0.40211633 -0.04183637
v -0.00278363 -0.33879326 -0.11747742
v -0.00942561 -0.33453222 0.02827298
v -0.02449138 -0.33897697 -0.04538582
v -0.02199694 -0.23290854 0.06560578
v -0.02939794 -0.24778355 0.09049683
v -0.01344605 -0.10292428 -0.24957496
v -0.04019849 0.09730150 -0.03711893
v -0.02037454 0.45776671 0.14309861
v -0.03422836 -0.67473495 0.06047712
v 0.00565645 -0.64238317 0.05413118
v -0.01773261 -0.62217349 -0.01516253
v -0.01645906 -0.62190776 -0.03048023
v -0.01946907 -0.61237407 0.07278756
v -0.01232280 -0.56502719 0.05637763
v -0.01461644 -0.57298095 0.00625371
v -0.01999220 -0.52190184 -0.07192101
v -0.02502050 -0.53113274 0.00485096
v -0.03797577 -0.48373911 -0.01881354
v -0.02194073 -0.43755636 0.06448975
v -0.03726275 -0.40002174 0.00482619
v -0.02450914 -0.34895228 -0.08738853
v -0.01849570 0.36830541 0.11810488
v -0.02599972 -0.61919411 0.01866704
v -0.00989625 -0.58735436 0.04134899
v -0.01191381 -0.57341784 -0.06620292
v -0.01759806 -0.57320990 0.03401687
v -0.01356140 -0.56824003 0.00554954
v 0.01103111 -0.55056338 0.11837368
v -0.02261841 -0.52491170 -0.03157933
v -0.01112196 -0.47895393 0.00549928
v -0.01330828 -0.47336253 0.06855174
v -0.01518981 -0.42691865 0.04932104
v -0.02178468 -0.23298288 -0.20043939
v -0.00635426 0.10911454 -0.30923698
v -0.01776676 -0.66218526 -0.01798072
v -0.00969207 -0.60451985 -0.02567425
v -0.00779189 -0.61935402 -0.01202956
v -0.01033155 -0.60264641 -0.02203063
v 0.00042449 -0.62252971 0.01962851
v -0.01329095 -0.59796846 -0.03128937
v 0.00098933 -0.59177189 0.00723197
v -0.01252672 -0.56432866 0.00542686
v -0.03773309 -0.55197799 0.08565139
v -0.01485969 -0.47900716 -0.10363841
v -0.03147284 -0.45833948 0.01314662
v -0.00561523 -0.37398257 0.01340414
v -0.00681050 -0.36126844 -0.00526856
v -0.03217989 0.16765468 -0.10224543
v -0.05001074 0.17296689 0.25683021
v -0.00338590 0.40379905 0.12068077
v -0.01541048 -0.73126418 0.01081964
v 0.00154647 -0.69844855 -0.01190573
v -0.00791811 -0.70906199 0.04625724
v -0.00262974 -0.62678063 0.00720857
v -0.00845821 -0.62502886 0.06345502
v -0.01538131 -0.57975418 0.00854879
v 0.00199816 -0.57831754 -0.03767476
v -0.00496722 -0.57558665 0.04698431
v -0.01944553 -0.35366751 -0.09777879
v -0.01327329 -0.28898848 -0.17774357
v -0.00185919 0.20355699 0.18085918
v -0.01663058 -0.59329269 0.02287343
v -0.00078767 -0.58339091 0.04936021
v -0.01140930 -0.56311189 0.00695465
v -0.00788404 -0.53104265 -0.08251836
v -0.01363930 -0.54083432 0.05109104
v -0.00195228 -0.48979887 -0.06810875
v 0.00149985 -0.52063760 -0.01621484
v -0.00780956 -0.44864490 -0.01423456
v 0.00756328 -0.43164668 0.06637868
v -0.00384624 -0.40287413 -0.12938475
v -0.01059106 -0.34094759 -0.15590992
v -0.00657509 -0.19362431 -0.20923163
v -0.00239494 -0.04791619 -0.26891718
v -0.00935296 0.03191732 -0.28589940
v -0.00249493 0.11098516 0.14989518
v -0.01233688 0.31597697 0.16479375
v 0.00371361 -0.71591201 0.08943755
v -0.01230490 -0.61883040 0.09064185
v -0.00258865 -0.54821653 -0.05768186
v 0.00210131 -0.40541982 -0.13793372
v 0.00089894 -0.37515530 -0.13958401
v -0.00343012 -0.19824002 0.06716606
v 0.00816273 -0.13568112 0.06447289
v 0.00171903 0.42777638 0.14354902
v 0.00827165 -0.74541432 0.01258871
v 0.01517260 -0.74269284 0.03635112
v -0.00141275 -0.58815904 -0.02403724
v 0.00197377 -0.57605156 -0.07369746
v -0.00825103 -0.40228557 -0.14245084
v 0.00451979 -0.33659045 -0.14952858
v -0.00497420 -0.28421360 -0.13437550
v 0.00591030 -0.07456187 -0.27333957
v 0.00384094 0.25981566 0.14979185
v 0.01835404 0.29410173 -0.24571439
v 0.00601408 -0.66363206 0.06982343
v -0.00014360 -0.66101859 0.13658337
v 0.01866340 -0.62748788 -0.00635119
v 0.00912938 -0.51274477 0.02850056
v 0.01376567 -0.47217846 -0.08700036
v -0.00288506 -0.45212435 -0.02920805
v 0.02235072 -0.41442594 0.04453930
v 0.01333627 -0.41551143 0.02255868
v 0.01043655 -0.33290552 -0.15989475
v 0.01065891 -0.23407142 -0.17616917
v -0.00908391 -0.22926460 -0.21926341
v -0.00260067 -0.02495636 0.19151193
v -0.01637984 0.10754429 -0.04759641
v -0.02556272 0.20176576 -0.30800255
v -0.00185897 -0.75557127 0.00231492
v -0.00836080 -0.65386329 0.02615170
v 0.01105815 -0.61651734 0.05322981
v 0.02523551 -0.61992233 0.03631994
v 0.01334515 -0.51264053 -0.08172918
v 0.00396420 -0.48878550 0.07551087
v -0.01531250 -0.52943044 -0.00055137
v 0.00324494 -0.42653011 -0.02376651
v 0.00991815 -0.42419705 -0.11959938
v 0.02242970 -0.33678122 -0.09707548
v 0.01210767 -0.36860435 0.04007208
v 0.02907459 -0.30292849 -0.16710691
v 0.01715592 0.00497048 0.17044390
v 0.02401930 0.08358051 -0.30629235
v 0.01930927 0.06755272 0.17238936
v 0.02812224 0.15653542 0.24913681
v 0.03331680 -0.74002051 0.05613442
v 0.02108840 -0.71586601 0.10544588
v 0.00592910 -0.64268208 0.12034614
v 0.03569155 -0.62993750 0.00365059
v 0.01482342 -0.58158896 -0.07072429
v 0.01358532 -0.55069190 -0.07484325
v 0.01741068 -0.51330323 -0.10477872
v 0.01075352 -0.45682600 -0.11950243
v 0.02379505 -0.39507526 -0.06974286
v 0.00869850 -0.74119132 0.04891109
v 0.01731545 -0.71904418 0.13590804
v 0.01871267 -0.65311253 0.04339187
v 0.02130207 -0.64326030 0.03780081
v 0.05026140 -0.48066490 -0.01284476
v -0.00032661 -0.29891498 0.09114785
v 0.01809031 -0.24281024 -0.19157397
v 0.01237201 -0.18394890 -0.21731225
v 0.02325137 0.12705771 0.27377679
v 0.11852234 0.34643948 -0.16471907
v 0.10918978 0.35287338 -0.21126806
v 0.01447143 0.79131673 -0.01845973
v 0.02789704 -0.68501175 0.05150037
v 0.02222137 -0.68227051 -0.03182045
v 0.02776058 -0.67456585 0.07627314
v 0.03244762 -0.70691106 0.14432950
v 0.01538467 -0.66231394 0.04635781
v 0.01960473 -0.65836641 0.12393572
v 0.01322293 -0.66166042 0.08501018
v 0.02856309 -0.64015610 0.04535054
v 0.02886018 -0.63448794 -0.03959055
v 0.02389883 -0.55206383 -0.06017753
v 0.02614490 -0.52686510 -0.05052912
v 0.01568379 -0.33740155 -0.16206433
v 0.02439882 -0.31951940 -0.18405986
v 0.02845462 -0.28273575 0.11800986
v 0.02515799 -0.27561467 -0.17060405
v -0.00600096 -0.14272719 -0.24356653
v 0.01695898 -0.05217008 0.21870341
v 0.00447022 0.03072105 -0.30200328
v 0.02425482 0.77876470 0.03976887
v 0.04030931 -0.70972134 -0.02750102
v 0.02807423 -0.67015709 0.02606030
v 0.03767146 -0.72955019 0.17789894
v 0.04951041 -0.62424190 0.06077015
v 0.03656629 -0.58057667 -0.02305903
v 0.03260652 -0.62327153 -0.02635454
v 0.01901759 -0.52825279 0.10386126
v 0.01830218 -0.54986946 0.06069320
v 0.02600103 -0.53385851 -0.09127485
v 0.02907291 -0.52053545 -0.04679042
v 0.01886932 -0.47013053 -0.02829843
v 0.02526515 -0.37594185 0.05581627
v 0.02582032 -0.37255916 0.11469618
v 0.02845606 0.80430101 -0.06874485
v 0.03477701 0.80282185 0.05643797
v 0.02917109 0.85393789 0.05431358
v 0.04234474 0.81415151 0.08495655
v 0.03550242 -0.70238206 0.08801215
v 0.02650100 -0.67742862 0.06122798
v 0.04331853 -0.65870569 0.15569881
v 0.02665592 -0.64174695 0.02343786
v 0.01720329 -0.53690540 0.07680428
v 0.03563426 -0.49936337 0.02861337
v 0.04348378 -0.45732264 0.09850273
v 0.04283507 -0.46595281 0.10468113
v 0.02612276 -0.34505299 -0.17564921
v 0.04017564 -0.35923965 -0.14654066
v 0.02919953 -0.02106503 -0.28076774
v 0.00710960 0.04723890 0.27963129
v 0.00329629 0.24170192 0.19670632
v 0.03504681 0.79435625 0.00299854
v 0.04669626 0.78674370 0.03677127
v 0.02746990 0.80316606 0.04874825
v 0.03664563 -0.69128421 0.06493115
v 0.04050237 -0.65662509 0.00990880
v 0.04416489 -0.57920031 0.00181038
v 0.06450184 -0.47642973 0.10316550
v 0.03583144 -0.43014540 -0.06500842
v 0.03690563 -0.39899930 0.07519232
v 0.03717378 -0.30863689 -0.19955052
v 0.03003688 -0.12070094 0.04609564
v 0.03140640 -0.09312505 -0.25487305
v 0.06149929 0.01152159 0.00126585
v 0.00467378 0.08027574 0.26337161
v 0.03514225 0.24191426 -0.10765356
v 0.03730529 0.76480179 -0.05418929
v 0.04258623 0.83347724 0.04420075
v 0.02360181 0.80793774 0.02900302
v 0.02368065 -0.61223500 -0.06407544
v 0.05311944 -0.52887083 0.00635009
v 0.04068569 -0.55681047 -0.06946671
v 0.03312711 -0.47140082 0.04744995
v 0.04128860 -0.50199965 -0.10120890
v 0.03469802 -0.45433904 0.09042336
v 0.04909370 -0.40093386 -0.09243690
v 0.05551405 -0.31938204 -0.14860597
v 0.03832918 -0.17396731 0.19431291
v 0.04176618 -0.09113579 0.18018221
v 0.05235389 -0.05998857 0.03560356
v 0.06937356 -0.06220866 0.18766720
v -0.00820090 0.25094686 0.23822405
v 0.03746608 0.18995556 0.18652048
v 0.04503005 0.75346698 0.01869604
v 0.04466430 0.82987395 -0.10780691
v 0.04582920 0.84905849 -0.03163354
v 0.04097729 0.86555671 0.03185924
v 0.04204352 -0.71945870 -0.00070579
v 0.04797226 -0.71088217 0.09407298
v 0.05243227 -0.67633906 0.03399901
v 0.05094208 -0.66836109 0.09196662
v 0.04597187 -0.64071101 0.04009065
v 0.05101680 -0.45408030 -0.08125314
v 0.04258060 -0.44381506 0.04194624
v 0.03350749 -0.43456652 -0.00009785
v 0.03863991 -0.41703594 0.06663751
v 0.04522371 -0.41632541 0.11385639
v 0.02697576 -0.26657478 -0.14950261
v 0.04932959 -0.23384231 -0.19365635
v 0.04080523 -0.18122505 0.23262800
v 0.04274093 -0.14067300 0.20105085
v 0.04065340 0.09059042 -0.04782217
v 0.05510429 0.14777158 -0.31761257
v 0.04834263 -0.69256252 0.05750717
v 0.04602213 -0.64162944 0.09464293
v 0.04824936 -0.65931374 0.16855064
v 0.05032934 -0.66098551 0.03618689
v 0.04612145 -0.64448258 -0.03792384
v 0.06278003 -0.46986751 0.01574627
v 0.05577292 -0.50953558 -0.07729973
v 0.04542471 -0.46363543 -0.09151672
v 0.04721337 -0.45820028 0.01231405
v 0.04122184 -0.43887726 0.08553453
v 0.06200639 -0.41084124 -0.13084511
v 0.04378635 -0.42280416 -0.04798013
v 0.03611115 -0.35384256 -0.11715043
v 0.04281198 -0.32836924 -0.06364736
v 0.03297162 -0.18682600 -0.22843585
v 0.05127937 -0.19186222 -0.20819265
v 0.05015830 -0.17596179 -0.23936160
v 0.03869675 -0.11996751 -0.25221423
v 0.05588275 -0.03933009 -0.27568272
v 0.04330693 0.04213360 -0.29557146
v 0.05170247 0.19511780 0.20987413
v 0.03864206 0.75175042 -0.07758734
v 0.03399313 0.77076773 0.07390533
v 0.05005335 0.83777833 0.11396020
v 0.06109892 0.87166533 0.11049833
v 0.04115182 -0.76684792 0.02041799
v 0.04688872 -0.47911066 -0.02537024
v 0.05885191 -0.52934334 -0.08405461
v 0.07110097 -0.47590088 -0.05856682
v 0.05736630 -0.42803554 0.08163203
v 0.07906689 -0.36248718 -0.04250679
v 0.06034904 -0.26367589 -0.19150475
v 0.05118379 -0.23645753 -0.21617988
v 0.08922663 -0.00335502 -0.01373080
v 0.04557194 0.73382996 0.02099508
v 0.03846283 0.74966802 -0.04611807
v 0.05689866 0.75895371 0.10161789
v 0.06316207 0.79320471 0.12531669
v 0.04287723 -0.73034193 0.07320411
v 0.05783187 -0.75851623 0.16879861
v 0.08614189 -0.50765867 0.09570069
v 0.05474139 -0.50363004 -0.03678901
v 0.05858620 -0.41744393 0.17623690
v 0.05802452 -0.36068788 -0.06619037
v 0.07557747 -0.26762343 0.12748363
v 0.06120431 -0.17616904 -0.23808569
v 0.05949823 -0.16758242 -0.22237402
v 0.09099905 -0.77251075 0.02993421
v 0.07252173 -0.76645047 0.11979900
v 0.05722264 -0.74569580 0.12161218
v 0.06681494 -0.70205880 0.00988953
v 0.05353205 -0.64086762 0.05714207
v 0.06619321 -0.56235874 0.13872693
v 0.06495325 -0.52727720 0.02541816
v 0.06556706 -0.54636605 0.01057808
v 0.05614082 -0.46059589 -0.00700553
v 0.06057426 -0.46757833 0.07814408
v 0.05700596 -0.42049305 0.06668753
v 0.05861265 -0.38277460 -0.00988493
v 0.06169958 -0.33820602 -0.16909130
v 0.04515960 -0.27901084 -0.15281547
v 0.06189967 -0.27769755 -0.20154593
v 0.06075672 -0.17994233 0.18464647
v 0.05630567 -0.13821338 0.16024869
v 0.05868863 -0.16012167 0.24890398
v 0.05605874 0.76282036 -0.11276463
v 0.07154517 0.84942237 -0.09782375
v 0.06165401 0.86063670 -0.06557673
v 0.05923058 0.88587926 0.05455151
v 0.06352496 -0.69506589 0.05131148
v 0.09299264 -0.69636092 0.09555171
v 0.08188862 -0.65371676 -0.00886551
v 0.04728031 -0.69455021 -0.01873628
v 0.08045961 -0.51008366 0.08383999
v 0.07116834 -0.52402496 0.13879507
v 0.07821274 -0.44990570 0.03919495
v 0.07675797 -0.37616605 -0.05991815
v 0.06811769 -0.39352977 -0.10879519
v 0.06364133 -0.32684067 0.17744386
v 0.05737807 -0.29409109 -0.10372656
v 0.07183537 -0.25582764 -0.14942269
v 0.06629362 -0.20288607 0.25683500
v 0.06459321 -0.22609493 -0.20448440
v 0.06246086 -0.19431004 0.21199892
v 0.06503094 -0.16586686 -0.22641714
v 0.06451629 0.00012860 -0.28110854
v 0.08339911 0.07770950 -0.03385439
v 0.04597095 0.03870466 0.17842241
v 0.06134030 0.74497464 0.06350408
v 0.06912816 0.81093880 -0.12436494
v 0.07150861 0.87516049 0.03134834
v 0.06659680 -0.68874142 0.07273452
v 0.05620309 -0.58232917 0.15490334
v 0.07476061 -0.36123776 -0.02610510
v 0.07340848 -0.02598832 -0.28822436
v 0.06404485 0.01291208 0.27969416
v 0.08205924 0.70423998 -0.05353083
v 0.06715002 0.84126306 0.14854159
v 0.07179701 0.88254068 0.11303478
v 0.05470684 -0.75975740 0.06838439
v 0.09487670 -0.66415205 0.10526103
v 0.06507299 -0.65520721 0.00143984
v 0.08684730 -0.61117261 0.06410832
v 0.04641173 -0.67579274 0.11849711
v 0.07722511 -0.60230846 0.12602584
v 0.08658181 -0.55191139 -0.07537133
v 0.07620743 -0.45912773 0.11045800
v 0.04583374 -0.06482722 0.26306470
v 0.07417663 -0.06509999 -0.27551455
v 0.06019437 0.14305257 0.24643606
v 0.09182849 0.75655232 0.13161552
v 0.07518080 0.78446754 -0.14932147
v 0.07738801 0.80409528 0.15661118
v 0.08075645 -0.76102902 0.03591099
v 0.07885347 -0.71128901 0.05121726
v 0.07397282 -0.65397564 -0.01440098
v 0.07473046 -0.60854644 -0.02411836
v 0.07060689 -0.59681504 -0.06670347
v 0.07315972 -0.52249388 0.03032870
v 0.06896721 -0.52325848 0.03326951
v 0.07212662 -0.50753344 -0.06424571
v 0.09626199 -0.49550522 -0.06678675
v 0.06045684 -0.44769316 -0.09814498
v 0.08716573 -0.45704572 0.09435608
v 0.06675145 -0.47007226 -0.12440568
v 0.10617717 -0.43233799 0.21115833
v 0.08199575 -0.40177327 0.01343631
v 0.08421389 -0.37071953 -0.02253767
v 0.05663842 -0.40614956 -0.11584209
v 0.08250146 -0.39339041 -0.07918183
v 0.09106400 -0.29384383 -0.12631802
v 0.08308213 -0.20546154 0.24699702
v 0.07268063 -0.21920389 -0.21631764
v 0.06889619 -0.18493177 -0.21241484
v 0.08085227 -0.21403696 -0.21004392
v 0.06799311 0.15880087 -0.06401401
v 0.08578209 0.88596075 -0.06214422
v 0.07608156 -0.58395959 -0.03851540
v 0.07580427 -0.53797214 -0.05177175
v 0.08483361 -0.46753292 0.12227551
v 0.08391893 -0.42500829 -0.15329351
v 0.07948363 -0.31301461 -0.19206564
v 0.07411068 -0.15667777 -0.24929095
v 0.08404875 -0.17109976 -0.22257061
v 0.08486027 -0.09482254 -0.25635207
v 0.04498672 -0.11968311 0.26850751
v 0.10244968 0.04014840 -0.30407615
v 0.05136590 0.09059151 -0.31429772
v 0.08759765 0.29645329 -0.12709534
v 0.08544363 0.68626630 -0.10063556
v 0.07238241 0.71063808 0.04250996
v 0.09004021 0.75080782 -0.14493460
v 0.07903784 -0.72971365 0.00128731
v 0.07619655 -0.64471613 0.03405195
v 0.08756332 -0.63952669 0.05642125
v 0.09933706 -0.65874938 0.01274644
v 0.06080480 -0.62346127 0.07002968
v 0.07566578 -0.56711285 -0.04029478
v 0.09411937 -0.54279301 0.03326595
v 0.09062013 -0.51782484 0.05278506
v 0.07536324 -0.46355396 -0.11665726
v 0.06882568 -0.33774383 -0.12827066
v 0.07848002 -0.33733686 -0.10570248
v 0.05012775 -0.09436478 0.24489389
v 0.09955360 -0.04814758 0.17510887
v 0.09605393 0.66194117 -0.05058390
v 0.08234442 0.72437758 -0.09061524
v 0.07684060 0.85195053 0.14518724
v 0.08195538 -0.78444438 0.16367747
v 0.09834278 -0.76038710 0.06605669
v 0.08459301 -0.73787557 0.07559177
v 0.08156011 -0.70073303 0.00386830
v 0.06952935 -0.63491321 -0.02860205
v 0.08964624 -0.51306850 0.04754106
v 0.08502209 -0.43807292 0.01911505
v 0.08559738 -0.46170184 0.11514826
v 0.08213200 -0.45552598 -0.00289458
v 0.07551707 -0.38240973 -0.15059833
v 0.07958101 -0.24765713 -0.16227855
v 0.08625831 -0.27400620 -0.20987073
v 0.10816112 -0.09494082 0.27218008
v 0.07612076 0.27278983 -0.08849885
v 0.07528992 0.70251597 -0.00967557
v 0.08939434 0.81803116 0.15291706
v 0.08912884 0.83207609 0.16974765
v 0.07483244 0.89805009 -0.00103131
v 0.09547754 -0.78800871 -0.00481815
v 0.06222998 -0.75513544 0.14745397
v 0.10352947 -0.72264133 -0.00618227
v 0.09299784 -0.68061956 -0.00599732
v 0.12496977 -0.68173094 0.05155888
v 0.07747808 -0.68051136 0.05046309
v 0.11820735 -0.67270371 0.07800657
v 0.09108502 -0.64139664 -0.01656445
v 0.09700166 -0.62586900 -0.00229940
v 0.06271041 -0.58275393 0.09888774
v 0.07519804 -0.45041426 0.05656346
v 0.11122471 -0.36371586 -0.16167788
v 0.08895293 -0.35953947 -0.13087957
v 0.09254518 -0.27537134 -0.18365708
v 0.07635743 -0.15678838 0.15547526
v 0.09181388 -0.16439982 -0.24365889
v 0.13051935 -0.10921203 0.29413170
v 0.08599504 0.05706280 -0.00315927
v 0.07979272 0.09828114 0.18667443
v 0.11905992 0.70155156 0.05788019
v 0.10917307 0.72904977 0.09846556
v 0.08337199 0.87975168 0.14697040
v 0.10952470 0.91086025 0.07420438
v 0.09480660 -0.72745095 0.16047659
v 0.10077528 -0.63880059 0.03108114
v 0.09130996 -0.55646791 0.05382872
v 0.08471538 -0.59424807 0.07934181
v 0.09955001 -0.55198255 0.03385280
v 0.09314443 -0.52199533 -0.06786764
v 0.08184763 -0.50112571 -0.11423546
v 0.09718599 -0.46738860 -0.07998324
v 0.09811385 -0.42451136 -0.08993837
v 0.11200663 -0.35982996 0.01352602
v 0.05898341 -0.35927953 0.20409773
v 0.08182650 -0.35490627 0.20993596
v 0.10248096 -0.23873958 0.11536459
v 0.09598891 -0.20473753 -0.23059804
v 0.11401414 -0.13842131 0.28861495
v 0.06890072 0.18565880 -0.05795856
v 0.08827514 0.24915784 -0.07768347
v 0.09445037 0.91386906 0.07563223
v 0.13919391 -0.78597755 0.18758070
v 0.07865344 -0.77080789 0.00124879
v 0.09382419 -0.63527834 -0.01217463
v 0.07880794 -0.62745315 0.01399619
v 0.10592295 -0.59669642 -0.01142048
v 0.10038584 -0.57286021 0.01287224
v 0.07870837 -0.41885052 -0.13992465
v 0.10009666 -0.36445022 -0.13036826
v 0.09906192 -0.32691755 -0.15075762
v 0.09978474 -0.29469742 -0.14163940
v 0.08759970 -0.17724457 0.27300505
v 0.09240992 -0.08064064 0.02460789
v 0.10617203 0.07418808 0.24169476
v 0.10881027 0.06953183 -0.30378738
v 0.08937001 0.30384211 -0.11030901
v 0.11096156 0.87751745 -0.10463932
v 0.08171297 -0.70662800 0.06537211
v 0.11444220 -0.62081566 0.04062138
v 0.10151019 -0.44727408 0.01286903
v 0.11709982 -0.31655493 -0.14789847
v 0.11176886 -0.30243866 -0.13497149
v 0.09531743 -0.26111191 -0.20158962
v 0.11621601 -0.26364790 -0.21527235
v 0.09605649 -0.03713378 0.28226891
v 0.16374357 0.24677593 -0.03329650
v 0.09214797 0.68706425 -0.13565244
v 0.10319375 0.85131932 -0.13448383
v 0.10214284 -0.62449376 -0.02039289
v 0.13161565 -0.61712061 0.14713065
v 0.11088809 -0.58377452 0.02603154
v 0.10748563 -0.55872738 -0.04713753
v 0.09091928 -0.50057173 -0.01445923
v 0.10403779 -0.49353741 0.05581371
v 0.11533254 -0.44861553 0.06099275
v 0.10146403 -0.47242207 0.14739190
v 0.10309781 -0.39137306 -0.11030353
v 0.09781457 -0.32464393 -0.16927156
v 0.10827809 -0.26756356 -0.17775951
v 0.11670956 -0.22298089 -0.20998557
v 0.10093020 -0.21134974 -0.19982587
v 0.13002456 -0.07208655 0.04946276
v 0.06884273 0.08948221 0.26960724
v 0.08359277 0.15090004 -0.32182621
v 0.10803189 0.58966394 -0.01905630
v 0.10501568 0.58923710 -0.02564933
v 0.10828460 0.59815538 -0.03346979
v 0.09844856 0.72848593 -0.12827800
v 0.11219619 -0.63044767 0.12622224
v 0.11000826 -0.55327183 -0.03101656
v 0.11507088 -0.43823062 -0.11683194
v 0.11021003 -0.44623715 -0.08311495
v 0.10969256 -0.34918387 0.00014144
v 0.11254497 -0.12915673 -0.24603180
v 0.11402609 -0.02236964 -0.27953173
v 0.12052255 0.12446500 -0.00639454
v 0.11028814 0.60048735 -0.02953216
v 0.15453445 0.73523628 0.15978146
v 0.11250516 0.72213563 -0.18540440
v 0.12829798 0.91544763 -0.04043949
v 0.12544683 -0.78306517 0.07694013
v 0.12231311 -0.73729652 0.04401284
v 0.10949349 -0.70613417 0.06183416
v 0.11096601 -0.71241276 0.02112039
v 0.10548629 -0.68263129 -0.01718079
v 0.10267518 -0.64384350 -0.02086651
v 0.11271034 -0.52259422 -0.08730332
v 0.12202372 -0.50891631 -0.01431771
v 0.12045601 -0.48673751 0.04765910
v 0.11897980 -0.42229848 0.03303330
v 0.09848088 -0.38462123 0.23011880
v 0.11916595 -0.37965773 0.00377813
v 0.11988024 -0.33961990 -0.12285883
v 0.08756491 -0.34022219 -0.18507842
v 0.15943036 -0.12217285 0.14187365
v 0.12194153 0.02674794 -0.29143844
v 0.10632117 0.60691352 -0.04703358
v 0.11395058 0.62028799 -0.07907678
v 0.11190563 0.68271368 0.00690039
v 0.10780851 0.78166075 0.17617944
v 0.09953372 0.81927118 -0.17509651
v 0.10195024 -0.80654342 0.09096800
v 0.12063777 -0.76009247 0.08004119
v 0.11231520 -0.62129180 -0.04974099
v 0.12431149 -0.60435869 -0.01065151
v 0.16596311 -0.57624326 0.09862448
v 0.11645275 -0.57635783 0.01872483
v 0.12928459 -0.57863655 0.02733189
v 0.10834570 -0.54060882 -0.02296367
v 0.12248316 -0.51693370 0.05094772
v 0.12396454 -0.54346633 0.06628087
v 0.11665495 -0.48905438 -0.04141836
v 0.11130117 -0.34823290 -0.10740164
v 0.10692804 -0.36810472 -0.17129406
v 0.11858481 -0.31121115 -0.18235978
v 0.15579679 -0.12590502 0.27833398
v 0.13098987 0.59739642 -0.03468551
v 0.11689311 0.63207326 -0.02506364
v 0.12219210 0.61202397 -0.12027455
v 0.12796324 0.64916423 0.09303469
v 0.11790031 0.71870701 -0.15661154
v 0.13753649 0.90699485 -0.05812194
v 0.12642106 -0.72565171 -0.01068324
v 0.11168673 -0.53312673 0.11273245
v 0.11958278 -0.54423251 -0.06382611
v 0.12521656 -0.50231242 -0.05812167
v 0.12784922 -0.39033627 -0.13888288
v 0.11944197 -0.16560086 -0.24105950
v 0.10671764 -0.08667108 0.02480255
v 0.13013745 -0.05751404 -0.26778921
v 0.14663485 0.01043533 0.21457839
v 0.13949102 0.28926049 -0.06267640
v 0.12224596 0.55319600 -0.10420863
v 0.12338829 0.61858056 0.05828989
v 0.12659004 -0.67261063 -0.02488549
v 0.12155732 -0.56002220 0.04664788
v 0.11966701 -0.53471087 0.08104871
v 0.13767616 -0.37429491 0.22590188
v 0.12639483 -0.26913412 -0.17855592
v 0.14861759 -0.23938048 0.10177501
v 0.11248699 -0.20081424 0.28436209
v 0.13489648 -0.15496846 0.05317845
v 0.11761541 -0.10431948 0.13449223
v 0.13341081 -0.01110790 0.18618850
v 0.12866236 0.55510029 0.01222592
v 0.13009578 0.56848217 -0.02218950
v 0.13547899 0.57631887 -0.10383710
v 0.11669844 0.81006186 0.17770893
v 0.11682438 0.83910528 0.20038680
v 0.13215713 0.88082229 0.17451301
v 0.14054881 0.90190663 0.13111861
v 0.12646357 -0.73702834 0.01520403
v 0.12844022 -0.75476116 0.13478599
v 0.11119971 -0.64557295 0.08902927
v 0.14130946 -0.60102841 0.11379739
v 0.15180037 -0.57147360 0.00437847
v 0.13376254 -0.56993350 0.03790828
v 0.13254887 -0.54490097 -0.00856934
v 0.13474819 -0.55462127 -0.08456531
v 0.13370761 -0.44559681 -0.07402792
v 0.13390444 -0.40248106 -0.08231461
v 0.13005737 -0.37534165 -0.10996509
v 0.13402604 -0.31362756 -0.15128915
v 0.13169796 -0.29990001 -0.16773200
v 0.13191032 -0.29729044 -0.16725117
v 0.12878461 -0.08002910 -0.27117310
v 0.13225291 0.54029635 -0.07012804
v 0.14592046 0.70548377 0.10635863
v 0.11288330 0.89879361 0.13479435
v 0.09044210 0.89533728 0.04167200
v 0.10910960 -0.71209210 0.08308358
v 0.12625943 -0.66120313 0.01922340
v 0.12675966 -0.61133941 0.05606366
v 0.13218010 -0.50515264 -0.08678233
v 0.12546062 -0.45749084 -0.08740381
v 0.11350219 -0.05629741 0.14804842
v 0.14169063 -0.00996756 0.25151869
v 0.17524371 0.38355823 -0.12246075
v 0.13533850 0.55110605 -0.02979552
v 0.12397489 0.81616262 -0.18418580
v 0.14199092 0.94170110 0.06781405
v 0.13978557 -0.73289561 0.08465887
v 0.14015425 -0.72935132 0.08610344
v 0.13516347 -0.70778675 0.04689510
v 0.14553542 -0.67568850 -0.02630618
v 0.14280621 -0.73166513 0.01619954
v 0.13635545 -0.68070976 0.00003102
v 0.12706935 -0.63730865 0.13997328
v 0.14655517 -0.56024055 0.11649285
v 0.14226765 -0.52251201 0.04229559
v 0.13924411 -0.31493835 -0.16638138
v 0.15065686 -0.28561592 -0.17431100
v 0.16332893 -0.19191717 0.27343319
v 0.12710156 0.00460488 -0.29586774
v 0.13434999 0.83717300 0.20073932
v 0.12268810 0.87588120 0.15905364
v 0.13739490 -0.79700560 0.10326010
v 0.13860787 -0.77382310 0.01916750
v 0.13748234 -0.73451595 0.07488313
v 0.14167743 -0.73469635 0.08602039
v 0.14302118 -0.73133187 0.08274121
v 0.14451047 -0.72937175 0.08445355
v 0.15289718 -0.73176834 0.03296264
v 0.13820750 -0.72423335 0.07850717
v 0.13733160 -0.68799148 0.13241124
v 0.13218902 -0.67018828 0.11767538
v 0.15457327 -0.60366988 0.06773680
v 0.13242632 -0.57434084 -0.05911849
v 0.13304042 -0.58938167 0.06584940
v 0.15655441 -0.52097549 -0.07228404
v 0.14946637 -0.53532516 -0.06156461
v 0.14441199 -0.46025199 0.07015830
v 0.15370315 -0.46447384 -0.09374494
v 0.16155450 -0.44042863 0.20782458
v 0.15069324 -0.42019556 -0.12557294
v 0.14376986 -0.41952398 -0.08376642
v 0.14037915 -0.18571039 -0.23450502
v 0.14625125 0.90715818 -0.10833027
v 0.14938863 0.91514517 0.15217584
v 0.13719025 0.93159441 0.02208916
v 0.14768096 -0.73215685 0.08690325
v 0.14742274 -0.64220890 -0.03629035
v 0.15536475 -0.54376305 0.06770020
v 0.13769589 -0.38917619 -0.15208553
v 0.13664734 -0.12608083 -0.24752034
v 0.12154581 0.35094872 -0.14571408
v 0.14645309 0.50202487 -0.07767277
v 0.14330051 0.52806274 -0.11132653
v 0.14595791 0.60844967 -0.14390673
v 0.14498222 0.75510986 0.16399498
v 0.14316754 0.90583359 -0.08404504
v 0.15733418 -0.73772074 0.09669962
v 0.15335442 -0.73142448 0.09272732
v 0.16046562 -0.71661089 0.10554338
v 0.11052244 -0.69960509 0.14503675
v 0.16190969 -0.67574270 0.09582323
v 0.14136267 -0.64965321 0.08212338
v 0.17631918 -0.65156583 -0.01484862
v 0.14761736 -0.63914519 -0.03534338
v 0.15075578 -0.07426296 0.24716649
v 0.15333674 0.77063368 -0.22483582
v 0.16392764 0.88676643 -0.15040291
v 0.15659090 0.93713355 -0.03168863
v 0.13791841 -0.63680005 0.03837905
v 0.15789237 -0.62963994 -0.03791428
v 0.16123162 -0.58241375 -0.03418149
v 0.16910552 -0.46698530 -0.07693464
v 0.16820863 -0.42495399 -0.08833069
v 0.15992974 -0.29997970 -0.19862939
v 0.15412559 -0.25551021 -0.21122743
v 0.18901048 -0.21815204 0.09720247
v 0.15207807 -0.05108729 0.19829451
v 0.14662283 0.64894492 -0.14937700
v 0.16981266 0.78003849 0.20906580
v 0.14367383 0.85911343 0.20493154
v 0.11506996 0.86088598 -0.15391644
v 0.16184551 0.92792995 0.10856128
v 0.16976557 -0.77089843 0.09367374
v 0.17683241 -0.72876110 0.18476712
v 0.14800608 -0.68885539 -0.00882389
v 0.16394776 -0.60307423 -0.02788042
v 0.15926565 -0.57097148 -0.05752541
v 0.16557018 -0.49022608 0.09928145
v 0.18157432 -0.23666609 0.11523063
v 0.14317157 -0.17059904 0.27624942
v 0.16979191 -0.08740187 -0.26375452
v 0.16352502 0.08115424 -0.31348179
v 0.15386465 0.51562251 -0.05228961
v 0.15982257 0.54320643 -0.14124005
v 0.17741341 0.71866562 0.12755184
v 0.16739499 0.90552240 0.16403504
v 0.17674175 -0.71460613 0.09370306
v 0.14920126 -0.63007886 0.01874163
v 0.15594103 -0.55655949 -0.02321260
v 0.15076074 -0.52368625 0.08780479
v 0.12741880 -0.49210239 0.09402972
v 0.14550575 -0.48426992 -0.10877024
v 0.17055576 -0.20318598 -0.23071857
v 0.18100698 -0.20899671 -0.20662327
v 0.16679324 0.23702434 -0.02757408
v 0.19074892 0.70719743 0.20280900
v 0.16048312 0.76477525 0.19746262
v 0.17637642 -0.73070937 0.07958013
v 0.17368286 -0.74308871 0.17455560
v 0.14955736 -0.71598139 0.14001848
v 0.18933142 -0.71036774 0.01647864
v 0.16689725 -0.70870069 0.04979615
v 0.17162729 -0.51500084 -0.05286681
v 0.13978139 -0.47773310 -0.06216016
v 0.16319304 -0.48085081 0.11813846
v 0.14982865 -0.48500492 0.14322876
v 0.16068575 -0.29707177 -0.18187734
v 0.15240634 -0.27081191 -0.18307450
v 0.18442195 -0.09183036 0.25779102
v 0.16908085 -0.01734524 -0.28807669
v 0.17100670 0.02787324 -0.28965838
v 0.11826302 0.23206450 -0.31632546
v 0.08471418 0.28386397 -0.29392682
v 0.15714661 0.38741567 -0.19470752
v 0.13977726 0.53961797 0.08664485
v 0.15165510 0.61659839 0.08710342
v 0.13764010 0.72747164 -0.19690072
v 0.17598290 0.74993924 -0.22039171
v 0.16933847 0.80672719 0.22143067
v 0.16825689 0.87727897 0.20761518
v 0.16106302 0.87161687 -0.18094062
v 0.15931335 -0.77568809 0.00337513
v 0.19530338 -0.53270936 0.10480559
v 0.16988329 -0.46437334 -0.12024031
v 0.17440341 -0.40866877 -0.11285741
v 0.15940125 -0.39198210 0.23527978
v 0.16710607 -0.22518074 0.07434905
v 0.16271712 -0.16179133 -0.24220704
v 0.17221890 -0.05722553 0.18357680
v 0.17625293 0.46829638 0.05314746
v 0.16376822 0.52860496 -0.06742096
v 0.16778649 0.71328120 -0.21935360
v 0.16497151 0.83023122 -0.20025664
v 0.17168117 0.94512446 0.01728368
v 0.17072892 -0.61733287 -0.03590155
v 0.18806264 -0.41579560 -0.12828362
v 0.17262377 -0.38065484 -0.15513221
v 0.13546280 -0.20516107 0.25676841
v 0.17420203 -0.16070546 -0.22364897
v 0.18610866 -0.15283162 0.17232997
v 0.17482572 0.05465216 0.04003975
v 0.16184284 0.46573477 0.01285823
v 0.17238084 0.54829418 -0.10180780
v 0.16904424 0.62749579 -0.17390115
v 0.19553544 0.92600123 0.16142989
v 0.17542554 0.93397577 -0.07661261
v 0.18518844 -0.77202759 0.00991746
v 0.18046277 -0.72529724 -0.00891161
v 0.18646931 -0.68431498 0.14386105
v 0.18147838 -0.67250132 -0.03532256
v 0.18656856 -0.65614496 0.13151854
v 0.18169345 -0.63228692 0.08181794
v 0.19229486 -0.53576747 0.12867765
v 0.17914084 -0.37947264 -0.16734615
v 0.18315304 -0.26976687 -0.18331679
v 0.18281277 -0.15720327 0.25049034
v 0.18780398 -0.09621854 0.21816986
v 0.16681167 0.13332476 -0.32152249
v 0.16497992 0.52547641 -0.11198103
v 0.17300904 0.80604054 -0.22550029
v 0.17338175 -0.73441448 0.00917119
v 0.18466313 -0.74782298 0.12497084
v 0.19525022 -0.69627828 0.17522178
v 0.19176814 -0.71532605 0.14505930
v 0.18486428 -0.62204259 -0.04425933
v 0.17959722 -0.52634354 -0.07422396
v 0.18231874 -0.51087798 -0.09698325
v 0.19142280 -0.32962698 -0.15165522
v 0.19104983 -0.28924122 0.08773463
v 0.18333783 0.03679279 -0.29894771
v 0.17974500 0.20523098 -0.03383586
v 0.18646567 -0.64458223 0.12733887
v 0.17819275 -0.41939167 -0.11372481
v 0.17681848 -0.10407380 0.17574233
v 0.21876729 0.20209123 -0.32144356
v 0.16376469 0.28228297 -0.05517978
v 0.22736959 0.46043500 -0.18072310
v 0.18278200 0.47716223 -0.04288947
v 0.20723605 0.53372496 -0.13603104
v 0.14868941 0.66985854 -0.17643807
v 0.17790065 0.91315535 0.14167479
v 0.17889598 -0.67322005 0.11897332
v 0.19091830 -0.65776523 0.13154855
v 0.19262113 -0.65155782 0.13348200
v 0.19492280 -0.63427360 0.11700123
v 0.18829761 -0.61549279 -0.01528027
v 0.18910249 -0.17916093 0.21823825
v 0.24431386 0.42427416 0.04245348
v 0.18027107 0.50741394 -0.10784840
v 0.19506040 0.54841506 -0.15384723
v 0.16621044 0.65434214 0.13996170
v 0.19634129 -0.75700651 0.00518287
v 0.18947125 -0.70285659 -0.00532124
v 0.19523556 -0.50215753 -0.07164135
v 0.20682933 -0.34352134 0.20226732
v 0.19682744 -0.16507605 0.23666801
v 0.22308297 0.15829141 0.01314779
v 0.19042560 0.75963813 0.23387815
v 0.19742448 0.95106333 0.05153401
v 0.20701130 -0.77014431 0.07451020
v 0.19714942 -0.72338368 -0.01410406
v 0.19640448 -0.72864757 -0.00918949
v 0.20203230 -0.71880370 -0.01821817
v 0.17537478 -0.68363612 0.07901253
v 0.20243092 -0.66226447 0.13910619
v 0.19730167 -0.50649897 -0.09310978
v 0.17616630 -0.55681956 -0.02450941
v 0.19444954 -0.44948104 -0.12218293
v 0.19855556 -0.33154230 -0.17399456
v 0.20080243 -0.13974965 0.18594502
v 0.18734136 -0.02669335 0.06433479
v 0.19983442 -0.06249636 -0.27483343
v 0.20116996 0.43037194 0.06329031
v 0.20386584 0.48229820 -0.11859092
v 0.22210488 0.61667164 -0.19705884
v 0.18451153 0.81718220 -0.22656497
v 0.17490960 0.91098564 -0.11717604
v 0.20064821 -0.77281197 0.09135185
v 0.20402132 -0.72961156 -0.00908442
v 0.19917590 -0.72391100 0.07312357
v 0.21403648 -0.67954910 -0.04795565
v 0.20120919 -0.45702876 0.14136523
v 0.19413719 -0.00359497 0.03437104
v 0.20488633 0.08901937 -0.30428335
v 0.20917659 0.27679659 -0.01712474
v 0.18500417 0.27964991 -0.00012637
v 0.21698450 0.27171513 0.01568652
v 0.20067261 0.31278478 -0.00024229
v 0.20704586 0.44503625 -0.14805777
v 0.18721993 0.57575027 -0.14788427
v 0.21749869 0.66481974 -0.21383613
v 0.19917315 0.85891965 -0.19530199
v 0.19916973 -0.78739808 -0.00114177
v 0.20181689 -0.65937737 -0.00517924
v 0.20760959 -0.60830421 -0.08136741
v 0.20738266 -0.37079393 0.21047317
v 0.30807398 0.24919778 -0.31242610
v 0.19956210 0.39376319 -0.07622570
v 0.20545904 0.51940271 -0.15132076
v 0.19583194 0.93990213 0.11859986
v 0.20548755 -0.70248700 0.03272143
v 0.20610685 -0.71080402 -0.01908072
v 0.21774696 -0.72781875 0.11974763
v 0.21355111 -0.58654333 -0.07324981
v 0.19941896 -0.55429168 0.15441694
v 0.22016756 -0.55340266 -0.05462856
v 0.21797117 -0.24894549 -0.20755267
v 0.20478319 -0.18735024 -0.21760719
v 0.21915528 -0.12643342 0.07309676
v 0.20098739 0.02081809 -0.29529069
v 0.20188178 0.54749967 0.12236407
v 0.22486001 0.58428036 -0.18485151
v 0.19839827 0.86659646 -0.22317433
v 0.20558443 0.89920187 -0.16351843
v 0.19190146 0.93968118 -0.04701843
v 0.22600626 -0.77867085 0.01752738
v 0.21667831 -0.48992015 -0.07238589
v 0.20246914 -0.41283357 -0.10923765
v 0.19494976 -0.43905535 -0.11370901
v 0.20239317 -0.42585586 0.18699873
v 0.21375051 -0.37318465 -0.13986601
v 0.18564501 0.37619007 -0.25679564
v 0.22517929 0.44807643 -0.14278272
v 0.22527647 0.50464980 -0.14802649
v 0.22008218 0.55163474 -0.16591991
v 0.22069728 0.69498249 0.15602055
v 0.21308641 0.80241081 0.24034609
v 0.21788631 0.85840399 -0.21615932
v 0.19586166 0.88214220 0.19624704
v 0.21864603 -0.73967345 -0.01708018
v 0.22181037 -0.70378919 -0.00869474
v 0.21168305 -0.51732255 -0.08610105
v 0.21910763 -0.41209710 -0.15241084
v 0.22723821 -0.33791749 -0.15296419
v 0.21274120 -0.20276736 0.10641711
v 0.22860067 -0.12908571 -0.24769854
v 0.18979390 0.22044810 -0.04182062
v 0.21423072 0.42740220 -0.10804924
v 0.21524080 0.62060283 0.10435026
v 0.20364228 0.77851833 -0.24634147
v 0.21076606 0.85022284 0.21915650
v 0.20544155 -0.68535948 0.07869274
v 0.21535341 -0.68170701 0.00994151
v 0.22420550 -0.64903262 -0.01671594
v 0.20597686 -0.62683760 0.15376712
v 0.22247563 -0.51022625 -0.09253411
v 0.22147167 -0.50116771 -0.09563294
v 0.22476244 -0.34958615 -0.17277290
v 0.21543597 -0.28075661 0.12389201
v 0.22147875 -0.28454642 0.15375715
v 0.19381475 0.24043027 -0.04668512
v 0.24270134 0.23084027 -0.01141602
v 0.21897869 0.40337950 -0.08175786
v 0.21183678 0.83419021 0.23563768
v 0.23788270 0.95100897 0.10297227
v 0.20994227 -0.64138777 0.16988608
v 0.22753647 -0.51669434 -0.09021575
v 0.22482822 -0.50926533 -0.09259382
v 0.22498747 -0.50129552 -0.09504024
v 0.22611681 -0.49810916 -0.09647173
v 0.24166879 -0.49320209 -0.10870760
v 0.21290286 -0.37929591 -0.14811389
v 0.22673858 -0.40067665 0.13817731
v 0.23347348 0.35167563 -0.05844482
v 0.24819476 0.41350389 0.09243753
v 0.23098379 0.73797257 0.23740176
v 0.23211325 -0.67155501 0.18153901
v 0.25165711 -0.66769488 0.13617320
v 0.21672837 -0.65371917 0.01275058
v 0.23070214 -0.59416101 0.15132139
v 0.24581071 -0.60429531 -0.01602314
v 0.23426396 -0.51760169 -0.09635877
v 0.23031460 -0.49613069 -0.10006183
v 0.22699259 -0.49009986 -0.09864530
v 0.23188517 -0.32475448 0.16833046
v 0.23506302 -0.28657471 -0.18442986
v 0.24291526 -0.18632007 -0.21965918
v 0.21082653 0.43036514 0.09526399
v 0.23000051 0.64812760 0.16371460
v 0.24218251 0.85533249 0.21905963
v 0.23691817 -0.73627168 0.11458812
v 0.22766976 -0.73311780 0.04381537
v 0.21128057 -0.71484211 0.01434647
v 0.23527954 -0.65791741 0.00814784
v 0.23571576 -0.51086708 -0.09223353
v 0.22851707 -0.50766995 -0.09733032
v 0.23272966 -0.45630529 -0.12009948
v 0.22921004 -0.39490475 -0.12964469
v 0.23229322 -0.31393177 0.13571844
v 0.22660771 -0.17120354 0.10205717
v 0.22312314 -0.08601025 -0.25833628
v 0.23473683 -0.08847899 0.07420458
v 0.22661897 -0.01348279 0.06945711
v 0.24268231 0.20893358 -0.00691852
v 0.22628654 0.27781933 0.01858531
v 0.22613517 0.46732852 0.11595066
v 0.21284798 0.54135351 0.18489966
v 0.23279294 0.74784168 -0.25258580
v 0.23475887 0.90087007 0.19214958
v 0.23845432 -0.74474651 0.09777295
v 0.22801408 -0.73275445 0.01228570
v 0.24435313 -0.66270258 0.11418609
v 0.24002722 -0.39819875 -0.14667285
v 0.23366225 -0.19403474 0.08402187
v 0.23187773 0.14161035 -0.31797896
v 0.24874624 0.93810836 0.13076748
v 0.22264384 0.95428768 -0.03416851
v 0.25093032 -0.74983793 0.09384032
v 0.24931766 -0.75566014 0.19745997
v 0.25602688 -0.46188161 -0.12170886
v 0.24518618 -0.46389103 -0.11216474
v 0.24926470 -0.45608614 -0.13473866
v 0.23602575 -0.45285558 -0.11629680
v 0.24146010 0.20407995 0.01796074
v 0.20578999 0.42293261 -0.22787325
v 0.22770367 0.69068932 0.20559316
v 0.27861640 0.75435248 0.23290554
v 0.23387257 0.76910486 0.24145952
v 0.23261707 0.84555239 -0.23401140
v 0.22863094 -0.71768715 0.06987059
v 0.25239908 -0.67315089 0.01661651
v 0.23878657 -0.66258218 -0.02130828
v 0.23642334 -0.69281196 0.04379203
v 0.22976330 -0.64949282 0.15138501
v 0.23518144 -0.60514151 -0.05592057
v 0.24313783 -0.57112455 -0.07042450
v 0.22679973 -0.53847440 -0.10574214
v 0.24255320 -0.56448547 -0.05650199
v 0.24331655 -0.45624455 -0.12010292
v 0.24916726 -0.06788379 0.11362254
v 0.25634355 -0.01057932 -0.27519407
v 0.25502947 0.13185910 -0.30873449
v 0.25189231 0.54572288 0.18704646
v 0.28069385 0.86370511 -0.22158288
v 0.24215357 0.89726913 -0.18795511
v 0.23062859 0.92082368 0.16437003
v 0.25560029 -0.58937455 -0.07171773
v 0.21560125 -0.52035106 0.16632984
v 0.23070695 -0.26619650 0.13106640
v 0.26274718 -0.16767608 0.14340871
v 0.28751809 0.49709507 -0.19139861
v 0.27335015 0.69163040 0.17183340
v 0.28733621 0.89208729 0.21107301
v 0.25693613 0.91948318 -0.13110260
v 0.22879946 0.94890174 0.05051905
v 0.24540171 -0.64774989 -0.05025566
v 0.25387561 -0.63835963 0.16465019
v 0.24897577 -0.45088379 -0.12159689
v 0.27055475 -0.43317622 -0.11286173
v 0.25216449 -0.36772916 -0.16276324
v 0.25096474 -0.10292934 0.08552319
v 0.24209748 0.07036126 -0.30384723
v 0.25974413 0.22815001 0.01362879
v 0.21203582 0.29229353 -0.30929396
v 0.23996624 0.39698987 -0.01702681
v 0.23297542 0.60553540 0.15679920
v 0.29302932 -0.69025096 0.06100304
v 0.25655145 -0.58805506 -0.05634528
v 0.26248713 -0.52965972 -0.06522157
v 0.24812614 0.11429185 0.04811130
v 0.27818190 0.33533295 -0.01163961
v 0.27009577 0.62132316 0.12209952
v 0.24926547 0.69351777 -0.22918451
v 0.25196833 -0.77122666 0.00074598
v 0.28874042 -0.77315183 0.21793630
v 0.27980355 -0.69236053 0.10605091
v 0.25293879 -0.60874523 -0.03252508
v 0.28040496 -0.57072543 0.16670944
v 0.26805187 -0.36573413 0.14963105
v 0.30658581 0.09048960 0.08077579
v 0.30368415 0.15381578 -0.31264305
v 0.26482624 0.24598686 -0.02972278
v 0.23652613 0.52529552 0.16746962
v 0.25840796 0.78460957 0.23148167
v 0.24926362 -0.74627737 0.07000890
v 0.26022197 -0.65842255 0.18414693
v 0.28669086 -0.64706848 -0.02480556
v 0.26994252 -0.55228129 -0.07041589
v 0.26360244 -0.47171120 -0.12094306
v 0.24258745 -0.29178907 -0.19080366
v 0.25718325 -0.25034122 0.12636160
v 0.25621298 0.05718017 0.05967682
v 0.28896600 0.39360006 -0.27555230
v 0.27831363 0.41898322 0.05728275
v 0.25469785 0.95708042 0.06244683
v 0.25986888 -0.77739512 0.15047261
v 0.26711131 -0.60897597 -0.05878840
v 0.30154210 -0.10402559 0.15497607
v 0.26711562 0.21755625 0.00440767
v 0.25570563 0.41950268 0.13037339
v 0.26243361 0.80558021 -0.25527100
v 0.27107503 -0.74835793 0.05668446
v 0.26962287 -0.73821261 -0.02452740
v 0.30184265 -0.71803105 0.07423304
v 0.25827452 -0.68295271 0.08712155
v 0.27230504 -0.62530458 -0.06283314
v 0.26843985 -0.62574234 -0.00931466
v 0.29151955 -0.59655100 0.15481222
v 0.27124525 -0.56529693 -0.05305338
v 0.27882000 -0.50852521 -0.09214362
v 0.27497036 -0.43424561 -0.13512157
v 0.25600993 -0.23756685 0.12873641
v 0.26375980 0.47147736 0.13519820
v 0.28220609 0.56261068 0.14346371
v 0.30614622 0.94656279 0.08447099
v 0.24323209 0.96084954 0.00184240
v 0.22870741 -0.70538231 0.16480630
v 0.26713260 -0.68183123 0.03913520
v 0.26670672 -0.05190811 -0.27223295
v 0.26855704 0.21016588 0.02973048
v 0.26659282 0.67493750 -0.23272732
v 0.26212311 0.77052590 0.24022042
v 0.28407064 0.79380175 -0.24559645
v 0.28121933 -0.54370418 -0.09103978
v 0.29242401 -0.13430955 -0.22696189
v 0.25901366 -0.01481554 0.09991535
v 0.27915714 0.18129791 0.03185868
v 0.27419515 0.72905935 -0.25789762
v 0.25307842 0.94930727 -0.04709307
v 0.29026203 -0.70937525 0.10693046
v 0.26280367 -0.65688059 -0.05049241
v 0.29504698 -0.46835401 -0.11215531
v 0.28564634 -0.32509361 0.14261760
v 0.28551550 -0.33901974 -0.16076735
v 0.27772150 -0.19101386 -0.21667743
v 0.28376848 0.65703185 0.17119546
v 0.30022617 0.77995473 0.22446926
v 0.28165818 0.90485156 -0.16783323
v 0.28720942 -0.76771429 0.16757868
v 0.29414464 -0.75861026 0.13600564
v 0.32617029 -0.61337526 0.18189714
v 0.29681982 -0.58200885 -0.04586915
v 0.25842046 -0.29358211 0.14069152
v 0.28378396 0.04911328 0.10811163
v 0.29343538 0.06760254 -0.29606171
v 0.29510373 0.79722242 0.23629775
v 0.28880201 0.88931194 0.18900182
v 0.30088379 -0.55297998 0.17990227
v 0.32489172 -0.37236743 0.17168756
v 0.35648569 -0.25308188 0.17617143
v 0.29549432 -0.14835441 -0.24291951
v 0.26422699 0.59339188 -0.19852483
v 0.27273026 0.74626518 -0.24688994
v 0.27219435 0.82524495 0.24256041
v 0.30051241 -0.71555417 0.17563306
v 0.30123675 -0.56560177 -0.07368464
v 0.31867179 -0.57340272 -0.05314797
v 0.32489997 -0.40905408 -0.13543788
v 0.31950448 -0.10736741 0.13485672
v 0.28096276 -0.18275350 0.13337968
v 0.30911705 0.84736646 -0.23674847
v 0.27194192 -0.70910885 0.13121383
v 0.29387270 -0.69598060 0.07926461
v 0.29406784 -0.69085023 0.03945321
v 0.35134096 -0.64154499 0.14672324
v 0.30464097 -0.52245632 -0.06936497
v 0.30477783 -0.35773547 -0.16325568
v 0.32586476 -0.21006217 0.15459795
v 0.30505734 -0.07835565 -0.25181149
v 0.31432272 0.14156955 0.09493811
v 0.30646882 0.71147551 -0.23412328
v 0.30237473 -0.75833974 0.03918089
v 0.28327100 -0.77581915 0.00870248
v 0.30387587 -0.65736158 0.10616515
v 0.28252819 0.29037682 0.04577796
v 0.28846439 0.56288348 -0.18353464
v 0.32545954 -0.57962315 0.16964094
v 0.31469749 -0.52483774 -0.08922069
v 0.30451594 -0.18006038 -0.22346393
v 0.32796129 -0.04991899 -0.26584007
v 0.30722585 0.27173249 0.03643880
v 0.34237093 0.45205882 0.04334456
v 0.31622722 0.85169211 0.21010997
v 0.29507537 0.93805336 -0.09339138
v 0.29521661 0.93087929 0.13077917
v 0.29764476 -0.75766218 0.12329044
v 0.32752469 -0.58436906 -0.03052442
v 0.32488477 -0.77301025 0.19763861
v 0.32191332 -0.70429060 0.11490007
v 0.31082586 0.00996413 -0.27359060
v 0.32418471 0.28724761 0.06776153
v 0.30941729 -0.75145259 0.01487308
v 0.31688784 -0.67015385 -0.01258413
v 0.31706562 -0.69834636 0.15588136
v 0.32627880 -0.68349331 0.08676979
v 0.31680735 -0.67351396 0.17269621
v 0.35892137 -0.70768418 0.20893884
v 0.29701700 -0.62077381 -0.00687560
v 0.32085199 -0.57097015 -0.03179974
v 0.32383788 -0.47325323 -0.10315547
v 0.32289145 0.34990255 0.00434346
v 0.32102487 0.49874380 0.11796743
v 0.32964451 -0.76034908 0.09394111
v 0.35366054 -0.74879314 0.11344970
v 0.32556506 -0.69137584 0.17282346
v 0.30381694 0.23691931 0.02092454
v 0.31690740 0.30101381 0.00303225
v 0.31348301 0.70707872 0.16005939
v 0.29858902 0.76651042 -0.25472557
v 0.34782408 0.82122420 -0.22766684
v 0.30566879 -0.75012544 0.10712623
v 0.33648589 -0.25779132 -0.19138476
v 0.34278467 0.02647919 -0.28065011
v 0.37225212 0.24063078 0.04958846
v 0.34570869 0.36522229 0.02727296
v 0.33561324 0.56691578 0.15021236
v 0.34768502 0.63462908 0.14448022
v 0.33654398 -0.67872731 0.04602789
v 0.34538239 -0.61011932 0.15672040
v 0.33904860 -0.60431678 -0.03642797
v 0.33649329 0.18502159 -0.30437139
v 0.29194491 0.69586086 0.21027204
v 0.28983591 0.73581536 0.21905634
v 0.35730991 0.88090856 -0.17660708
v 0.32929640 0.90843025 0.14273178
v 0.32634568 0.89165865 0.17800116
v 0.36536855 0.89224001 0.14411719
v 0.32498044 0.91984102 -0.12060564
v 0.30989937 0.95312476 -0.01265104
v 0.33256159 -0.76846052 0.21699114
v 0.31212227 -0.71017984 0.01376016
v 0.34141990 -0.45174760 -0.10322932
v 0.32664567 -0.22356622 -0.19005268
v 0.32053544 -0.15709964 -0.23395479
v 0.35480682 0.49569878 -0.21720126
v 0.33936041 -0.77936473 0.06463852
v 0.33917227 -0.76081338 0.02819911
v 0.33833491 -0.75715311 0.13197884
v 0.33029354 -0.76691069 0.03536758
v 0.33128963 -0.71529706 0.13042994
v 0.33275716 -0.69885917 0.16709500
v 0.34619992 -0.65631327 0.13304257
v 0.34225661 -0.18153780 -0.21201592
v 0.37826911 0.13903039 0.11722163
v 0.35896320 0.43000901 0.01547315
v 0.30034569 0.43647025 0.12640646
v 0.31959491 0.76982639 0.22859329
v 0.34991699 0.85656316 0.18514260
v 0.32408258 -0.68758760 0.10189336
v 0.35594500 -0.61186058 -0.01307029
v 0.37847728 0.32527741 0.04334968
v 0.33437366 0.68190279 -0.22283031
v 0.34459622 0.77018724 -0.22795097
v 0.35990271 -0.72731669 0.22515189
v 0.36358267 -0.68307408 0.05305351
v 0.33078271 -0.67826104 0.18100273
v 0.34352923 -0.58526331 -0.03267135
v 0.34827586 -0.49453051 -0.09108405
v 0.35752436 -0.40114866 -0.12660908
v 0.34864991 -0.31130524 -0.16738777
v 0.33785149 0.84693735 0.21994243
v 0.34473628 -0.78175029 0.21390255
v 0.34533148 -0.77634904 0.17928950
v 0.33980762 -0.71739596 0.00191944
v 0.35512607 -0.67111288 0.21226564
v 0.34515179 -0.64419012 0.02335014
v 0.35546802 -0.00927995 0.15930918
v 0.37137224 0.13225054 -0.29231576
v 0.33240493 0.57345630 -0.17788800
v 0.34186564 0.62305479 -0.19678186
v 0.35615065 0.73673354 0.17125770
v 0.36389563 0.78498626 0.20325523
v 0.37636755 -0.76966159 0.10174216
v 0.36316416 -0.72909457 0.08048754
v 0.34454998 -0.75142503 0.18323622
v 0.33373824 -0.72758331 0.16478999
v 0.38037227 -0.63217696 0.14981149
v 0.35425115 -0.07400437 -0.24536173
v 0.35672851 0.25787724 0.06789748
v 0.35978512 0.83035148 0.19181642
v 0.37378476 0.86872897 0.19692845
v 0.34635085 0.93947973 0.03251377
v 0.38910771 -0.69753706 0.09031971
v 0.36081913 -0.66849273 0.16708996
v 0.36811477 -0.31865820 -0.15013020
v 0.37272845 0.57809823 0.12801097
v 0.34470530 -0.75224745 0.05775933
v 0.35911362 -0.69444142 0.01482793
v 0.36708662 -0.23750030 -0.18120284
v 0.37053855 0.28456667 0.05341696
v 0.37244315 0.75995243 0.16986703
v 0.37179849 0.84857366 -0.18388788
v 0.34920484 0.92929307 0.11446625
v 0.36562024 0.93336639 0.06926210
v 0.36144427 -0.65507690 0.15518011
v 0.38674695 -0.47416737 0.19090037
v 0.35130563 0.72903276 0.12123124
v 0.36367002 0.77078103 -0.23019136
v 0.35245774 0.93711862 -0.03249459
v 0.34844521 -0.75952918 0.04411672
v 0.36434077 -0.68585071 0.03777378
v 0.37976324 -0.64333765 0.17950470
v 0.37104186 -0.62014902 -0.01599585
v 0.34294428 0.51111996 -0.18781492
v 0.39197322 0.67574934 -0.18012438
v 0.38089557 0.84069335 -0.21093228
v 0.38675337 -0.31329118 -0.16067938
v 0.36775988 -0.16550754 0.15997453
v 0.37642511 -0.00102397 -0.25870581
v 0.40778088 0.89433046 0.09665589
v 0.36562724 0.91978017 -0.11054993
v 0.38830329 -0.75384743 0.21120186
v 0.37724060 -0.74216830 0.20001134
v 0.38718150 -0.74839285 0.18858075
v 0.34963623 -0.73388250 0.11899669
v 0.38079514 -0.59355549 -0.04244637
v 0.38918753 -0.21165537 -0.19950470
v 0.38263167 -0.05808458 -0.24860551
v 0.44170115 0.39560404 -0.24074165
v 0.37023237 0.60586759 -0.18122649
v 0.36876466 0.75395305 -0.21500071
v 0.38150895 -0.76824858 0.22513548
v 0.38462047 -0.65273437 0.12525589
v 0.37483316 -0.27142801 -0.17535243
v 0.37552615 -0.13926316 -0.21696013
v 0.42820361 0.09665863 0.14639166
v 0.41199228 0.59885920 -0.12240304
v 0.39632468 0.90304759 -0.08356552
v 0.36629589 -0.75535664 0.03687030
v 0.38228408 -0.71942484 0.01174292
v 0.41827502 -0.69883490 0.10830514
v 0.38287186 -0.56256466 0.17946103
v 0.37822347 -0.53501738 -0.05578568
v 0.38616584 0.01903503 0.14477929
v 0.41333487 0.45981839 -0.22255113
v 0.36989887 0.58100266 -0.15690391
v 0.38846290 0.64477556 -0.16070767
v 0.38955954 0.75872483 0.13247444
v 0.39286000 0.82320933 -0.20275377
v 0.42016390 -0.76980534 0.04557713
v 0.37221215 -0.75299105 0.11769480
v 0.33888416 -0.59484297 0.16882564
v 0.33816566 0.20289154 0.08215175
v 0.39558044 -0.70025688 0.18342384
v 0.38433097 -0.65657512 0.04069291
v 0.42858048 -0.66813580 0.21274441
v 0.38476384 -0.69852359 0.03296334
v 0.40009423 -0.49220919 -0.07851905
v 0.39080090 -0.42413884 -0.10526852
v 0.40182305 -0.11039292 -0.22982824
v 0.37111371 -0.01390257 0.13927460
v 0.41340501 0.70755056 0.09954240
v 0.41039875 -0.72115403 0.01290528
v 0.39932566 -0.60961387 -0.00848334
v 0.44474638 -0.33254993 0.18786114
v 0.39334799 0.02827710 -0.27023496
v 0.42406702 0.30863264 0.06407927
v 0.41235050 0.28269427 -0.28351367
v 0.39978728 0.65041003 0.06739991
v 0.37922532 -0.77858480 0.07767393
v 0.40986280 -0.76440419 0.13292283
v 0.39908473 -0.70937921 0.01259043
v 0.39531609 -0.66822117 -0.00236976
v 0.41146728 -0.57998212 0.17566897
v 0.40645596 -0.55723966 -0.04785212
v 0.37924419 0.40514528 0.00776499
v 0.38123970 0.48735894 0.06887782
v 0.42239934 0.61309668 0.02260022
v 0.39242093 0.72651428 -0.20515423
v 0.42230886 0.90903750 0.05461584
v 0.40387193 -0.79135196 0.03754436
v 0.39211441 -0.73481703 0.05991764
v 0.41045573 0.00166529 0.16730336
v 0.40444511 0.88052480 0.13959543
v 0.41463466 0.92227523 0.02433601
v 0.40819630 -0.73301170 0.16890292
v 0.39216314 -0.68208276 0.12875364
v 0.41275029 -0.66377554 -0.01556772
v 0.40977611 -0.43007026 -0.11236851
v 0.40840357 0.44477122 -0.01897158
v 0.38640443 0.49626344 0.01547493
v 0.40904465 0.52060718 -0.00592626
v 0.40939693 0.82145897 -0.18218477
v 0.39868181 0.87255868 -0.14643331
v 0.41891517 0.87961738 0.08682881
v 0.39193254 0.92623739 -0.03461039
v 0.42426818 -0.72820340 0.02889664
v 0.37533300 -0.74064287 0.13526844
v 0.39495254 -0.67497656 0.00474044
v 0.37711195 0.19659360 -0.29861452
v 0.41854186 0.50679799 -0.14789104
v 0.40962910 0.54475288 -0.12727543
v 0.41264144 0.54280796 -0.01460502
v 0.40724131 0.73945340 -0.18584994
v 0.39775816 0.80659346 0.16680855
v 0.41741398 -0.66378745 0.16625692
v 0.42402966 -0.59067013 -0.03503409
v 0.42127095 0.55909314 0.01142219
v 0.39683505 0.85076846 0.15244878
v 0.43572786 -0.70057485 0.01709006
v 0.44049401 -0.65752188 0.13316020
v 0.41395830 -0.63198215 0.02171457
v 0.42839697 -0.53411071 -0.04717295
v 0.42368241 -0.33910842 -0.14216691
v 0.40714812 0.50723037 -0.01629045
v 0.41218691 0.50967981 -0.17982163
v 0.42221894 0.54410769 -0.05716118
v 0.43651843 0.84286646 0.14035356
v 0.41484633 -0.68976179 0.01494447
v 0.42728871 -0.66223586 0.18064587
v 0.41913625 -0.61993610 0.15759455
v 0.42576085 -0.26785703 0.15812207
v 0.42561862 0.58505004 -0.06684514
v 0.42781650 0.61463573 -0.02033122
v 0.43630325 0.62254951 -0.09223829
v 0.44553231 0.78259191 0.09282364
v 0.42481652 0.90686611 0.01662473
v 0.43170656 -0.72169507 0.07777844
v 0.42628427 -0.65931575 0.22174618
v 0.40681667 -0.56640851 0.18808886
v 0.43024994 -0.24506667 -0.18101256
v 0.40277970 -0.02308703 0.15395550
v 0.43448461 0.47542525 -0.07245995
v 0.42973959 0.56706125 -0.05108118
v 0.42455014 0.58635506 -0.03545994
v 0.41140571 0.71182194 -0.17614164
v 0.44782421 -0.72691683 0.19200172
v 0.43906656 -0.68267537 0.00146185
v 0.43472428 -0.65153601 0.04700523
v 0.43380892 -0.14236634 -0.20902631
v 0.45602572 0.50068298 -0.12609366
v 0.44328247 0.60643232 0.02958716
v 0.44429452 0.88005087 0.09962040
v 0.44550819 -0.75444640 0.02101934
v 0.44459081 -0.76205693 0.20305330
v 0.43849484 -0.62914044 0.12415021
v 0.44421927 -0.25003560 -0.16288910
v 0.47690861 -0.09704940 0.17104061
v 0.44599244 0.85631900 0.09074887
v 0.46213801 0.86942325 -0.07932611
v 0.44606207 -0.78648729 0.05490483
v 0.41869365 -0.69727423 0.03891072
v 0.43658131 -0.59217090 -0.02141997
v 0.44418389 -0.63711804 0.17630143
v 0.45813953 -0.61411460 0.14735453
v 0.44684358 -0.61038407 0.17147362
v 0.43491439 -0.45977714 -0.08407365
v 0.43162907 0.62602362 0.04964666
v 0.43739768 0.68221810 -0.13197626
v 0.43494885 0.73873749 -0.16545346
v 0.44140677 0.80269459 -0.17475593
v 0.44067905 0.78888380 -0.14803230
v 0.43593734 0.79284941 0.12659266
v 0.43910542 0.88250666 -0.09409870
v 0.44910227 0.87650498 0.03949676
v 0.44845014 -0.64709136 0.01849964
v 0.44188970 0.56592620 -0.01866787
v 0.42253713 0.63726775 0.06004769
v 0.43205753 0.87075041 -0.12399582
v 0.47180769 -0.75167016 0.11515348
v 0.43447488 -0.76378100 0.18269915
v 0.43650119 -0.72715939 0.05627250
v 0.45383105 -0.66919582 0.17448884
v 0.46655542 -0.54784918 -0.02496469
v 0.44206204 -0.51927742 -0.04761995
v 0.46062485 -0.51511554 -0.05359626
v 0.44187832 -0.47308303 0.20642717
v 0.40289423 -0.40254324 0.18071229
v 0.41768910 0.38157578 0.02161298
v 0.44002583 0.55750063 -0.00173443
v 0.43740666 0.65809214 0.04227352
v 0.46034706 0.72606931 0.04434209
v 0.44727637 0.74335967 0.08690730
v 0.43291789 -0.76108540 0.11954211
v 0.42491463 -0.76717858 0.15557023
v 0.47342139 -0.63507253 0.05404023
v 0.44472363 -0.68879198 0.09707200
v 0.44266829 -0.59764494 -0.01342662
v 0.45250194 -0.40789517 -0.10008301
v 0.45722135 -0.35906617 -0.12171991
v 0.46138869 -0.30335118 -0.14921834
v 0.43614442 -0.01309234 -0.23995193
v 0.43399760 0.08024856 0.12807200
v 0.50404641 0.43553191 -0.18807726
v 0.45650779 0.56381360 -0.03463660
v 0.43593402 0.56831160 0.02867604
v 0.44419427 0.59820834 -0.03192431
v 0.45432669 -0.68832568 0.12812101
v 0.44825733 -0.69273985 0.07262780
v 0.46594430 -0.53775016 -0.05484433
v 0.44983587 -0.51565443 -0.06445608
v 0.45672695 0.54898139 -0.00004223
v 0.44679355 0.61047898 0.01062749
v 0.46276495 0.64056425 0.06268457
v 0.45720714 0.65124798 0.02162695
v 0.47271867 0.68950657 0.01704780
v 0.45346127 -0.68424339 0.15864317
v 0.48874660 -0.58922807 0.20669726
v 0.44659779 -0.59746652 -0.03008065
v 0.45846115 -0.56025924 0.20426169
v 0.47372865 -0.46088753 -0.07087209
v 0.46335766 -0.11885728 -0.21417338
v 0.48687847 0.18101737 0.12701624
v 0.45286743 0.60247215 -0.05838234
v 0.46203840 0.61680969 -0.01606895
v 0.45376606 0.66075047 -0.00994113
v 0.45827612 0.66578668 -0.05682952
v 0.45925311 0.71564606 0.00767185
v 0.45487645 0.73884672 -0.13052873
v 0.47376962 0.84367862 0.07203464
v 0.46496747 0.82656220 0.04112937
v 0.44423329 0.87957741 -0.05007118
v 0.47367955 -0.59344000 -0.02171991
v 0.46274498 -0.62857411 -0.00465059
v 0.49683894 -0.54659841 0.17773778
v 0.46712157 -0.50427670 -0.05003038
v 0.44920554 -0.45534678 -0.09529185
v 0.46836571 -0.17757074 0.18560798
v 0.47948715 0.00908734 -0.24319942
v 0.46558317 0.09453840 -0.26121052
v 0.47381774 0.65131756 -0.03285536
v 0.45661466 0.68536137 -0.02265075
v 0.43848568 0.90209926 -0.01452013
v 0.46880811 -0.76685124 0.15393879
v 0.46436289 -0.74679668 0.05235957
v 0.47247254 -0.43718840 -0.08937085
v 0.46543578 -0.22041128 -0.17890430
v 0.47650663 0.69783711 -0.01188243
v 0.47788863 0.74426678 -0.04113870
v 0.48576569 -0.76358209 0.05430698
v 0.47944372 -0.71665619 0.02811072
v 0.48256459 -0.39204492 -0.08939279
v 0.48248679 -0.35680611 -0.12379155
v 0.48930168 -0.69375701 0.17249247
v 0.47069337 -0.65730038 0.14074077
v 0.46954981 -0.65561483 0.10693242
v 0.46152360 0.48835458 -0.07762241
v 0.46015832 0.71282911 -0.08895846
v 0.47685675 0.79322568 -0.09392746
v 0.50126664 -0.75505237 0.21429601
v 0.48423389 -0.69837259 0.04958241
v 0.47276435 -0.72176101 0.11934492
v 0.49674597 -0.68370508 0.10928039
v 0.46753030 0.58960247 0.03231119
v 0.48358667 0.63361738 0.03658298
v 0.47452774 0.79875879 0.03769987
v 0.49271340 0.82289708 -0.01663420
v 0.48492995 -0.76266213 0.22387096
v 0.48863442 -0.65883634 0.10168711
v 0.48494784 -0.49660017 -0.03791660
v 0.43164673 0.32336986 0.05790289
v 0.47521321 0.76490995 -0.00832247
v 0.48325420 0.79260480 -0.04067025
v 0.47788500 0.84815852 -0.05247095
v 0.48944244 -0.62888469 0.01518106
v 0.48039697 -0.59046401 0.00009905
v 0.50858735 -0.58093487 0.03420891
v 0.48637813 -0.59046119 0.14994759
v 0.49804652 -0.46213141 -0.05033326
v 0.48689642 -0.44034969 -0.08533499
v 0.48080330 -0.32669771 -0.12896262
v 0.48495527 -0.12726198 -0.20230433
v 0.45001839 0.05930308 0.14702841
v 0.47979293 0.28567777 0.06793245
v 0.51650539 -0.74700884 0.06207827
v 0.48560101 -0.72121724 0.14617884
v 0.48417715 -0.48313725 -0.06820565
v 0.49236675 -0.44921545 -0.05656533
v 0.49089284 -0.25217329 -0.15095093
v 0.53844453 -0.19466995 0.14268801
v 0.51938457 -0.10548836 -0.19881572
v 0.46447041 0.43321828 -0.02026382
v 0.50758693 0.41335771 -0.19605512
v 0.48441193 -0.77959062 0.14900621
v 0.50113578 -0.69082500 0.03437752
v 0.50207500 -0.64039133 0.06525398
v 0.49314950 -0.60354691 0.01777820
v 0.49444418 -0.61617667 -0.00958416
v 0.48547140 -0.54449453 0.00565095
v 0.50842371 -0.45353078 -0.03958315
v 0.50235899 -0.25011896 -0.15476511
v 0.52027381 -0.75537356 0.17664778
v 0.51033970 -0.65569183 0.18228602
v 0.49534452 -0.65885440 0.17197246
v 0.50456848 -0.51543695 -0.03191581
v 0.52042227 0.23747609 0.11019271
v 0.48158148 -0.59094030 0.19642903
v 0.50636584 -0.57764008 0.15594444
v 0.50832418 -0.54627527 0.00016877
v 0.50199674 -0.55162596 -0.02051103
v 0.52916224 -0.55909358 -0.00843426
v 0.50836000 -0.49711035 -0.04444261
v 0.51587619 -0.48598870 -0.04422911
v 0.46176604 -0.53003049 0.22325109
v 0.54242424 -0.25412509 0.16173909
v 0.56055126 0.41555888 -0.13520335
v 0.50530862 -0.66745735 0.18857146
v 0.51378693 -0.56340065 0.22024383
v 0.51254089 -0.43805633 -0.05579848
v 0.51934119 -0.33105655 0.15602161
v 0.50982056 -0.66526087 0.08414839
v 0.51000491 -0.59153804 -0.00312100
v 0.52461270 -0.42839301 -0.08139318
v 0.50347566 0.32490242 -0.24638157
v 0.51954020 0.42106506 -0.02916897
v 0.52152501 -0.75526622 0.13647774
v 0.53666694 -0.65794827 0.06977622
v 0.50204687 -0.65424536 0.04565088
v 0.50762997 -0.60029483 0.22162835
v 0.52718496 -0.48490197 -0.03938668
v 0.52836962 -0.45172935 -0.05543136
v 0.50600476 0.03721771 0.16845110
v 0.52212560 -0.71563592 0.04570255
v 0.51704440 -0.68639645 0.16125730
v 0.52802827 -0.70999808 0.10441637
v 0.52687424 -0.62110786 0.01255231
v 0.53027901 -0.59816172 0.01801638
v 0.52672233 -0.51026085 -0.02910488
v 0.52090054 -0.52875536 -0.00293721
v 0.52273158 -0.43447344 -0.05714629
v 0.52165181 -0.41226498 -0.07135807
v 0.51601462 -0.34967952 -0.11512523
v 0.55455581 -0.10675350 0.17411587
v 0.52252815 -0.65270805 0.03646794
v 0.54247014 -0.65045449 0.05118931
v 0.55887554 -0.58742242 0.25145290
v 0.53660688 -0.43914073 -0.07434330
v 0.53006616 -0.38596176 -0.07781490
v 0.54318648 -0.32630544 -0.10481113
v 0.53492494 0.23141387 0.09862209
v 0.53891265 0.30302418 0.06518030
v 0.52786843 0.30815248 0.07662230
v 0.53289515 -0.68758392 0.18836945
v 0.52227775 -0.65099743 0.13098209
v 0.53208409 -0.58408108 -0.01460111
v 0.53112142 -0.60043785 -0.01388767
v 0.54168133 -0.44736071 -0.07109513
v 0.53794660 -0.41230163 -0.07932386
v 0.53248813 0.08439855 0.14358872
v 0.54113135 0.23758460 -0.25283987
v 0.54392230 -0.71282192 0.06693773
v 0.54908651 -0.72765245 0.05010877
v 0.54118517 -0.70399576 0.02307338
v 0.54948842 -0.72003490 0.15684688
v 0.53557027 -0.68911075 0.21166912
v 0.57485578 -0.61756752 0.12765175
v 0.50046358 -0.59991642 0.07753466
v 0.52766170 -0.53100260 -0.04060969
v 0.53761010 -0.52524935 -0.03816500
v 0.51906069 -0.54966114 0.23395128
v 0.51115134 -0.54369838 0.19455390
v 0.54301361 0.14793017 -0.25127969
v 0.53868550 -0.76595741 0.20959844
v 0.53482470 -0.74291716 0.05320796
v 0.54698642 -0.64310431 0.05533280
v 0.54356394 -0.55060681 -0.02745109
v 0.55802926 -0.48128892 0.18207453
v 0.53750004 -0.48586801 -0.04250338
v 0.53894206 -0.47381440 -0.06528731
v 0.55248210 -0.39768542 -0.07269387
v 0.55067049 -0.73331361 0.14349925
v 0.54176632 -0.75055244 0.23087128
v 0.54854341 -0.64774602 0.02742680
v 0.54444813 -0.60027522 0.05586554
v 0.54231232 -0.62187025 0.08075711
v 0.55125512 -0.56192962 -0.02602019
v 0.55032939 -0.52882919 -0.04365469
v 0.54593772 -0.46283349 -0.06094400
v 0.54416149 -0.42829640 -0.07588930
v 0.54139762 -0.75496746 0.16690007
v 0.55156481 -0.72172570 0.08653770
v 0.56086086 -0.72900422 0.12652851
v 0.55652769 -0.67515885 0.15686521
v 0.55062478 -0.60751821 0.01226371
v 0.55942293 -0.58172917 0.08746411
v 0.55061445 -0.57372127 0.01837299
v 0.54196869 -0.56807048 0.26218258
v 0.54555843 -0.53724149 0.00595156
v 0.53604119 -0.54064150 -0.01944002
v 0.55296376 -0.44034807 -0.07586229
v 0.54964399 -0.70461812 0.21816319
v 0.55002772 -0.66646282 0.07560491
v 0.55076204 -0.60355084 0.04241169
v 0.55756685 -0.57466993 -0.00706652
v 0.54946180 -0.47397639 -0.03802964
v 0.55550953 -0.47651799 -0.03633263
v 0.55325880 -0.42227348 -0.06049435
v 0.54156184 0.02832275 -0.22937198
v 0.47488927 0.14096310 0.11707759
v 0.55026732 -0.75017029 0.11946998
v 0.54084249 -0.71518418 0.12697011
v 0.55461587 -0.66302240 0.11326562
v 0.55650168 -0.52655112 -0.03237138
v 0.55661294 -0.48538437 -0.01574375
v 0.55535461 -0.48969730 -0.03483086
v 0.55820955 -0.47363537 -0.03757607
v 0.55551428 -0.46872786 -0.04081112
v 0.56687427 -0.40920468 -0.08626117
v 0.56673356 0.01675190 0.17509440
v 0.55320806 -0.77187955 0.15215295
v 0.55886497 -0.77192516 0.05509491
v 0.56919931 -0.77040736 0.22983271
v 0.56121147 -0.74992541 0.10408528
v 0.56172240 -0.71165274 0.17702271
v 0.57174935 -0.70683160 0.07550821
v 0.57755734 -0.67064856 0.02892172
v 0.57777772 -0.61542377 0.01928857
v 0.55744586 -0.49707415 -0.02976056
v 0.55955890 -0.45177357 -0.04239404
v 0.55420384 -0.17756008 -0.15965669
v 0.56570130 -0.00660347 0.16455564
v 0.55399949 0.00469963 -0.21541246
v 0.55945908 -0.73003911 0.07986175
v 0.56561506 -0.71682807 0.19592623
v 0.57129744 -0.65638176 0.08007977
v 0.57563154 -0.53870631 0.01185658
v 0.56447904 -0.34501251 -0.09830463
v 0.56019478 -0.05470549 -0.19744788
v 0.58643705 -0.68411730 0.14821656
v 0.56178840 -0.61277993 0.03422115
v 0.57489529 -0.55463232 -0.02023305
v 0.56988155 -0.54270123 -0.01920320
v 0.55682292 -0.58338580 0.00747638
v 0.56983466 -0.52917754 -0.02718162
v 0.56638740 -0.52732041 -0.02527671
v 0.57771142 -0.52036712 0.00006836
v 0.56431456 -0.45807149 -0.02363990
v 0.56016942 -0.25000255 -0.12408139
v 0.59443276 -0.74832211 0.11170979
v 0.58785329 -0.67095524 0.14090670
v 0.56226017 -0.66099842 0.08680663
v 0.57456844 -0.53015101 0.00337375
v 0.58752197 -0.42320445 -0.05487122
v 0.59264635 0.12013877 -0.22970375
v 0.53331172 0.41646584 -0.04975131
v 0.58378292 -0.76761498 0.20766483
v 0.57137654 -0.67870010 0.10187158
v 0.57202599 -0.69923209 0.09383408
v 0.57212280 -0.68337717 0.08919387
v 0.57463144 -0.68977779 0.22621082
v 0.57641828 -0.53369754 0.00732450
v 0.57540809 -0.54167006 0.00857861
v 0.59029857 -0.49438105 -0.02830317
v 0.56266575 -0.52481752 -0.03138712
v 0.57234472 -0.51416289 -0.02150633
v 0.56945325 -0.77555447 0.17876038
v 0.56814557 -0.72006564 0.06069468
v 0.58695816 -0.63331586 0.05084762
v 0.57869012 -0.57841267 0.08510625
v 0.57858545 -0.43987403 -0.04436529
v 0.54959867 -0.40424556 0.15759755
v 0.58515437 -0.67045361 0.15739532
v 0.57964476 -0.61013585 0.08586371
v 0.58537811 -0.60526077 0.01891777
v 0.58482890 -0.61121277 0.03374162
v 0.58158570 -0.55712246 -0.00724880
v 0.58822803 -0.54433923 -0.00595376
v 0.58463545 -0.45642722 -0.01554074
v 0.57670016 -0.38877416 -0.05829855
v 0.58739248 -0.05826706 -0.18106263
v 0.60039758 -0.75849892 0.17530192
v 0.58643654 -0.68728615 0.14065071
v 0.60251528 -0.67416916 0.03395268
v 0.58617929 -0.61098931 0.07273806
v 0.58140606 -0.58693724 -0.00453278
v 0.59549652 -0.60744298 0.26980959
v 0.58427833 -0.53161247 0.01826907
v 0.59426351 -0.46937541 0.00119877
v 0.61582670 0.14507275 0.13784932
v 0.58872833 -0.71059652 0.10534751
v 0.57931049 -0.66358577 0.13585247
v 0.59190559 -0.65509054 0.13376058
v 0.61271241 -0.63127778 0.09573907
v 0.58269140 -0.61085687 0.06076162
v 0.58669744 -0.56296778 0.11406975
v 0.59807674 -0.50105904 0.03613325
v 0.59513742 -0.43115876 0.14549753
v 0.63539702 0.23775489 -0.20163976
v 0.63268646 0.24966200 0.11153547
v 0.59939570 -0.74858747 0.14122595
v 0.59261737 -0.65810850 0.04096422
v 0.59104977 -0.70041400 0.12848466
v 0.59002759 -0.59839628 0.01448787
v 0.59735548 -0.49927606 0.04052105
v 0.60776010 0.06007203 0.14688107
v 0.58537273 -0.75427316 0.08087369
v 0.58951220 -0.75188098 0.06165764
v 0.59269404 -0.66969095 0.14235692
v 0.59228596 -0.65895548 0.15149965
v 0.61495504 -0.63800799 0.18136015
v 0.60160148 -0.42007426 0.17714525
v 0.59297672 -0.41319604 -0.04417560
v 0.59227691 -0.34556686 -0.08618044
v 0.58892464 -0.30252544 -0.08477512
v 0.60301976 -0.20745921 -0.11409452
v 0.60094440 -0.17985566 0.12703688
v 0.60812048 -0.76549338 0.20370079
v 0.58547680 -0.69354577 0.16511360
v 0.61028159 -0.58921424 0.06288971
v 0.60574953 -0.58091393 0.07524053
v 0.60630151 -0.46835248 0.02909488
v 0.60132376 -0.52143439 0.07647994
v 0.60362685 -0.27249789 -0.10443033
v 0.59422554 -0.18689795 -0.13564825
v 0.60356962 -0.11532013 0.11972565
v 0.59766916 -0.73316891 0.06860320
v 0.60771720 -0.62818920 0.14022803
v 0.61394299 -0.60643014 0.07437663
v 0.62401789 -0.63395426 0.03187603
v 0.60226220 -0.47904135 0.00855019
v 0.60317743 -0.15912021 -0.13320999
v 0.65077652 0.14071970 -0.19820203
v 0.54091002 0.37078439 0.01083929
v 0.61852817 -0.72641249 0.06057789
v 0.60719529 -0.63208747 0.23540850
v 0.60900649 -0.56275162 0.03539520
v 0.61404133 -0.59647760 0.11727614
v 0.61172069 -0.55901979 0.09341426
v 0.60815022 -0.48323956 0.00950226
v 0.61695080 -0.47662388 0.09751692
v 0.59095157 -0.32656686 0.12685202
v 0.60412877 0.37593655 -0.00641150
v 0.61985243 -0.72602418 0.05407330
v 0.61879138 -0.71680020 0.11070502
v 0.60517470 -0.68622321 0.08226465
v 0.60943146 -0.69701920 0.14885399
v 0.60086980 -0.63621811 0.03733907
v 0.66060325 -0.47726034 0.24144419
v 0.61267153 -0.50967265 -0.00452023
v 0.62271709 -0.42247026 0.02452820
v 0.60512408 -0.48102393 0.23890979
v 0.61914623 -0.34728878 -0.07162632
v 0.59454082 -0.26821114 0.11241828
v 0.61349359 -0.19711743 -0.10546557
v 0.61006680 -0.71035901 0.07772478
v 0.63189128 -0.71648237 0.17239216
v 0.62384036 -0.70102429 0.09154473
v 0.60148229 -0.69920730 0.07062709
v 0.61414565 -0.57622239 0.11970607
v 0.62697977 -0.42718541 -0.03115132
v 0.62019563 -0.26245776 -0.06352741
v 0.61028942 -0.25948010 -0.09427608
v 0.62014716 0.07719311 0.13570825
v 0.62761290 0.05912851 -0.19356876
v 0.62367715 -0.71440228 0.06469070
v 0.61527590 -0.62661278 0.04506126
v 0.62528835 -0.15893408 0.08682110
v 0.62523232 -0.11947758 -0.12565738
v 0.63999676 -0.13962089 -0.13027921
v 0.62565994 0.10369646 0.13479558
v 0.64028154 0.29991318 -0.17624143
v 0.62375405 -0.75917340 0.16667726
v 0.61533293 -0.61956072 0.06443774
v 0.62824774 -0.61956799 0.11225551
v 0.62996364 -0.61145663 0.07525240
v 0.63510512 -0.57039356 0.02510933
v 0.64372263 -0.49861216 0.08562787
v 0.63784248 -0.53892806 -0.00414640
v 0.62313045 -0.45993096 0.01856734
v 0.63671819 -0.38799939 0.09600091
v 0.62203213 -0.41566923 -0.05633266
v 0.61717661 -0.35924378 -0.02135518
v 0.61978499 -0.05479053 0.10171929
v 0.61186192 -0.07035034 -0.16399545
v 0.62357530 0.18937111 0.12984897
v 0.63649546 -0.75713501 0.19639420
v 0.59176053 -0.72022104 0.18631905
v 0.65027232 -0.42139144 0.02392167
v 0.65493652 -0.37993105 -0.04554983
v 0.64266683 -0.39024189 -0.03222143
v 0.62505474 -0.27944818 -0.09794336
v 0.62528555 -0.00062820 0.12181884
v 0.63561147 -0.76128605 0.17656672
v 0.64756886 -0.68920051 0.16591122
v 0.63347259 -0.64378070 0.13080941
v 0.63059627 -0.62261124 0.14796401
v 0.63129527 -0.36218103 0.00110902
v 0.64839582 0.04159293 0.14525331
v 0.62031735 -0.75233119 0.08552291
v 0.62937677 -0.73212534 0.05622935
v 0.64484829 -0.65134185 0.07908654
v 0.65006132 -0.60861257 0.12823996
v 0.63085905 -0.56059335 0.08126914
v 0.63813026 -0.50736735 0.00070892
v 0.64081441 -0.35110740 0.07102926
v 0.63812222 -0.29523122 -0.02770302
v 0.63861319 -0.17106356 -0.09050811
v 0.62841520 -0.05846585 0.09605317
v 0.67683552 0.30150675 0.08685310
v 0.65634440 -0.75261751 0.08593678
v 0.63119464 -0.75337073 0.18420795
v 0.64188272 -0.74094341 0.15007011
v 0.62167481 -0.63448696 0.09060498
v 0.64507539 -0.57731669 0.08640306
v 0.65618381 -0.43697534 -0.03027707
v 0.64649525 -0.18216286 -0.11576717
v 0.64131292 -0.12356097 -0.11561166
v 0.65243988 -0.71948064 0.18101944
v 0.66394129 -0.74771226 0.15915326
v 0.64264980 -0.70954715 0.18298164
v 0.64341630 -0.63560246 0.22568908
v 0.64269962 -0.57029671 0.08472699
v 0.63606340 -0.57768746 0.08036171
v 0.65174749 -0.46534248 0.03483781
v 0.63694730 -0.48515346 0.05202587
v 0.63620187 -0.24809494 0.06996064
v 0.65406606 -0.14910220 0.04089023
v 0.64638274 -0.11829795 0.06582410
v 0.65916136 0.21528011 0.13661423
v 0.63749895 -0.74866068 0.11699691
v 0.62471044 -0.62717726 0.25174717
v 0.65684823 -0.49564014 0.04865247
v 0.65329112 -0.26541778 -0.05164358
v 0.66205320 -0.10705815 -0.10932830
v 0.64100567 -0.11265716 0.06769834
v 0.65166341 -0.00310224 -0.16543193
v 0.67363295 -0.72489287 0.20465110
v 0.65325887 -0.66975983 0.08646010
v 0.65406675 -0.69504104 0.11020591
v 0.64575910 -0.64222547 0.15034018
v 0.65371156 -0.65890187 0.08610967
v 0.65367165 -0.59330598 0.09308452
v 0.65318618 -0.39902527 0.00630766
v 0.65763342 -0.31989493 -0.02502004
v 0.65563312 -0.33204764 -0.05648325
v 0.65131504 -0.14675622 -0.08228716
v 0.66664773 -0.70528933 0.17145833
v 0.65960808 -0.70714413 0.10672634
v 0.66227535 -0.62921194 0.07988921
v 0.65884035 -0.33567902 -0.00842516
v 0.65837319 -0.32908170 0.15463355
v 0.64800442 -0.20600037 -0.10290215
v 0.66103588 -0.06050212 -0.13763388
v 0.67480402 0.09413741 -0.16709939
v 0.56905579 0.41041201 -0.10542511
v 0.68132675 -0.73221721 0.13557984
v 0.65862945 -0.69985052 0.17417682
v 0.65868367 -0.32489773 0.10978104
v 0.67642650 -0.10262577 -0.06678188
v 0.68462468 -0.14793370 -0.08432094
v 0.65652718 -0.01061282 -0.13863947
v 0.66744134 -0.71140203 0.11254734
v 0.66456342 -0.70658468 0.11514456
v 0.66703721 -0.70598714 0.11592165
v 0.63691257 -0.68545815 0.05730747
v 0.65531978 -0.53470118 0.06418083
v 0.67741447 -0.16869140 -0.09228876
v 0.65486392 -0.21188293 -0.05966804
v 0.67682551 -0.72444943 0.07218932
v 0.67135760 -0.70882283 0.11546410
v 0.66429613 -0.53138344 0.04005041
v 0.68965465 -0.48162638 0.00210379
v 0.65679242 -0.50091653 0.05576501
v 0.66419585 -0.40392108 -0.03022620
v 0.70397022 -0.30987953 0.04710978
v 0.65188259 -0.37334729 0.18400251
v 0.66401564 -0.22985293 -0.06323996
v 0.66212064 -0.25764652 0.00793785
v 0.66328365 -0.15095808 0.03439769
v 0.67280207 -0.10397303 0.13302154
v 0.77697105 0.31310758 0.02178716
v 0.66200928 -0.76686341 0.20174756
v 0.68118434 -0.64181415 0.14964275
v 0.67518903 -0.48484172 0.04435665
v 0.68159809 -0.47483300 0.04858450
v 0.68069666 -0.46986216 0.04121051
v 0.66837623 -0.48060812 0.04524143
v 0.67194937 -0.16789480 -0.02540618
v 0.69499154 -0.05344708 -0.07076354
v 0.67558072 -0.69868076 0.08495856
v 0.67846657 -0.28463930 -0.05002303
v 0.69053958 -0.29039705 -0.05108486
v 0.67800940 -0.25005008 -0.07315440
v 0.67334952 -0.04542879 0.14787225
v 0.67071680 -0.05007692 -0.10697889
v 0.65925520 -0.69799613 0.15579514
v 0.67915317 -0.69509878 0.17540243
v 0.69915936 -0.66517609 0.08429998
v 0.66527297 -0.58073394 0.04688153
v 0.68751999 -0.49348503 0.02127541
v 0.68525325 -0.47766370 0.05098367
v 0.67600645 -0.13565879 -0.00955019
v 0.67976549 -0.04403169 -0.13219635
v 0.68617754 -0.02798623 -0.12316444
v 0.67940359 -0.75319793 0.11040899
v 0.67186259 -0.57108269 0.12518171
v 0.67839536 -0.48507843 0.04491576
v 0.66921125 -0.36377363 -0.04549733
v 0.68202748 -0.23190481 -0.07014219
v 0.70470912 -0.17476071 -0.00979004
v 0.68808228 0.07824313 -0.15112255
v 0.69187993 -0.75277066 0.12980583
v 0.69630735 -0.69189533 0.19358669
v 0.69302068 -0.57737955 0.17442234
v 0.68620144 -0.52824168 0.08648608
v 0.68352770 -0.51592756 0.23728370
v 0.69290376 -0.48120774 0.05187379
v 0.68740955 -0.47520167 0.04969573
v 0.68723029 -0.47022936 0.04609994
v 0.68781888 -0.24672200 -0.04860530
v 0.68772730 -0.09269434 -0.09740192
v 0.70760856 0.15536649 -0.15854621
v 0.70287813 -0.57908740 0.21435774
v 0.69331327 -0.56124841 0.09155643
v 0.69580936 -0.50939642 0.06610510
v 0.68381082 -0.14861697 0.13359771
v 0.70795462 0.27930945 0.12106068
v 0.72360492 -0.68274764 0.11261304
v 0.68346188 -0.37658986 -0.01150668
v 0.68493857 -0.20602759 0.07709168
v 0.71062701 -0.23052019 0.11064753
v 0.67823575 -0.69523644 0.09859471
v 0.71139066 -0.41170872 0.00544966
v 0.69752040 0.03436003 -0.13595510
v 0.71356591 0.23429210 0.12421821
v 0.71534272 -0.73059900 0.10856655
v 0.71543434 -0.28544968 -0.03857510
v 0.77812449 0.30152811 -0.02330583
v 0.70669271 -0.60764259 0.08282198
v 0.70269649 -0.54788185 0.20249202
v 0.70265576 -0.37685209 0.01270725
v 0.72164060 -0.31543814 -0.02691479
v 0.71926453 -0.25246050 0.05290175
v 0.69393426 0.19479483 0.13597031
v 0.69629133 0.05367770 -0.12226579
v 0.71518842 -0.59615598 0.05872043
v 0.73949753 -0.47179572 0.02179183
v 0.74559869 0.20634257 -0.12501987
v 0.70997424 -0.55825099 0.05211235
v 0.70206903 -0.44243407 0.01621210
v 0.73361156 -0.38158633 0.22146046
v 0.70354879 -0.21326295 0.01393794
v 0.69817745 -0.27152300 0.14884438
v 0.68072578 -0.17671183 0.10153794
v 0.73082769 -0.14065157 0.16425551
v 0.73266214 -0.11569542 0.14879984
v 0.73790242 0.32013891 0.07217748
v 0.71977765 -0.62610579 0.09715314
v 0.72908065 -0.71281219 0.11834933
v 0.73551822 -0.65171853 0.10450588
v 0.72656948 -0.60748160 0.06860262
v 0.74429639 -0.52899984 0.17164470
v 0.75008667 -0.49239265 0.16157302
v 0.73278373 -0.50561728 0.12866193
v 0.72267497 -0.68103458 0.12234027
v 0.74577737 -0.56483759 0.07353839
v 0.69599312 -0.40327269 0.05024542
v 0.75831434 -0.21352527 0.16731422
v 0.73295508 -0.64332258 0.08889264
v 0.73122059 -0.69834713 0.13630127
v 0.72053625 -0.19416521 0.15585435
v 0.72929997 -0.08888074 0.16110701
v 0.72232134 -0.06879706 0.15352471
v 0.63679548 0.35047599 -0.13738960
v 0.74344786 -0.70284810 0.11476279
v 0.73983344 -0.63516879 0.11597692
v 0.73821197 -0.39783642 0.00360182
v 0.75652139 -0.32926477 0.01480584
v 0.69447792 -0.32546755 0.19057283
v 0.75856922 -0.19477730 -0.03217147
v 0.74548114 -0.69028375 0.14624606
v 0.75295373 -0.66104672 0.15823314
v 0.76916260 -0.28178395 0.00873388
v 0.75476583 -0.24542849 0.18052518
v 0.72599443 0.09454803 -0.12944195
v 0.78578422 0.04663179 0.13379959
v 0.71542961 -0.45664037 0.06772744
v 0.76349387 -0.22258839 -0.03168190
v 0.76119221 -0.62153004 0.10890438
v 0.75274941 -0.46015942 0.03571314
v 0.80520468 -0.28735950 0.19610029
v 0.80290465 0.07772352 -0.07603086
v 0.81921402 0.06249545 0.10323713
v 0.78175257 0.27395256 -0.05709929
v 0.77452616 -0.64151373 0.14188639
v 0.77158412 -0.58815591 0.08729070
v 0.76047352 -0.57035430 0.06737062
v 0.76747726 -0.27372412 0.17311963
v 0.73452870 -0.02508991 -0.09577711
v 0.74898437 0.19290954 0.11274630
v 0.76367826 -0.36252804 0.21392171
v 0.81799079 -0.32344941 0.01418107
v 0.77892177 -0.17567273 0.17546614
v 0.79156300 -0.15233821 0.17500924
v 0.78657181 -0.44528346 0.14254220
v 0.79549920 -0.08539599 0.15034088
v 0.79252537 0.17554463 -0.07934023
v 0.79643931 -0.56186860 0.07680999
v 0.78514234 -0.47280024 0.03962511
v 0.78629325 -0.51260886 0.06237059
v 0.77213833 -0.48641760 0.15414361
v 0.79825664 -0.41270840 0.08226546
v 0.78197767 -0.00532627 -0.08942451
v 0.75759272 0.25211753 0.08271539
v 0.81525615 -0.21162980 0.18102976
v 0.78616462 0.22117641 -0.07606644
v 0.79511388 0.13790884 0.10433011
v 0.80220211 0.27213417 -0.00760223
v 0.79680094 0.22175153 0.04265002
v 0.80706200 -0.52206869 0.06069615
v 0.84058302 -0.29288348 0.18191368
v 0.79035558 0.11107288 0.10543675
v 0.82085117 0.15408227 0.05682824
v 0.79523654 0.18682635 0.08672801
v 0.77672411 -0.42628613 0.18600031
v 0.81285087 -0.43804436 0.13482826
v 0.82632907 0.12308031 -0.04479622
v 0.82543336 0.16076211 0.01814130
v 0.83259508 0.10021894 0.07010064
v 0.80989734 0.17135376 -0.05538903
v 0.82920195 -0.16070146 -0.04492848
v 0.82141838 0.05154743 -0.05421463
v 0.81695100 -0.40496598 0.12263406
v 0.83334020 0.11398676 0.03506963
v 0.82209451 -0.06682025 -0.05771620
v 0.84117965 0.06512513 -0.01115898
v 0.81883763 0.13828028 -0.03104947
v 0.81578114 0.19551214 -0.03143274
v 0.87539544 -0.32469307 0.12290043
v 0.82305447 -0.11587953 0.16032144
v 0.84156977 0.10853477 0.00171574
v 0.83194231 -0.24620274 -0.02365251
v 0.86514170 -0.22050495 0.17120789
v 0.84882038 -0.03368908 0.10179822
v 0.84669031 0.00421116 -0.02302194
v 0.85157635 -0.00862819 0.00570242
v 0.84169072 -0.39404656 0.10553806
v 0.85941321 -0.00289118 0.03096058
v 0.85317609 0.07248500 -0.02182973
v 0.85020983 -0.22616178 -0.01981577
v 0.84574811 -0.13991195 0.14884339
v 0.85382376 0.02782895 0.05852144
v 0.89721650 -0.27817470 0.05789753
v 0.86485261 -0.13277549 -0.00700343
v 0.85505749 -0.10690154 0.13085097
v 0.87240334 -0.11067928 0.03447479
v 0.88023910 -0.14984673 0.01966528
v 0.86534519 -0.02981914 0.00032450
v 0.88370649 -0.27306625 0.01839539
v 0.83296104 -0.38048167 0.10346292
v 0.87780147 -0.07648230 0.04786825
v 0.87496477 -0.33471213 0.08671620
v 0.90016962 -0.16824778 0.04864151
v 0.90032861 -0.23563055 0.11424174
v 0.89365218 -0.23560197 0.14166841
v 0.88702086 -0.14996770 0.08900545
v 0.88210799 -0.09352041 0.01435306
v 0.89464339 -0.29824847 0.09735993
v 0.89159319 -0.18921155 0.06649618
v 0.91614497 -0.21227272 0.06400076
v 0.90354254 -0.27485620 0.08426779
f 2 1 3
f 7 2 3
f 22 1 2
f 4 3 1
f 1 11 4
f 2 7 8
f 9 15 5
f 3 4 17
f 7 3 17
f 11 30 4
f 20 8 29
f 8 20 11
f 8 11 12
f 12 2 8
f 1 12 11
f 22 2 13
f 10 8 7
f 20 12 1
f 12 32 2
f 9 5 36
f 9 14 15
f 4 18 17
f 25 31 6
f 29 12 20
f 12 29 32
f 6 31 40
f 2 21 13
f 32 21 2
f 1 22 20
f 27 23 16
f 7 17 10
f 29 8 10
f 25 5 55
f 6 38 25
f 40 49 38
f 6 40 38
f 58 11 20
f 20 22 41
f 9 91 28
f 9 36 42
f 17 18 15
f 17 46 10
f 15 55 5
f 29 10 47
f 30 18 4
f 19 33 26
f 34 26 33
f 27 16 33
f 33 16 34
f 23 34 16
f 9 42 91
f 28 14 9
f 17 15 43
f 15 14 24
f 15 18 55
f 5 146 36
f 25 146 5
f 32 29 37
f 30 11 58
f 19 57 33
f 50 27 33
f 34 85 26
f 44 43 15
f 44 15 24
f 35 36 24
f 10 46 47
f 30 56 18
f 56 30 58
f 37 39 32
f 58 20 41
f 27 50 23
f 86 34 23
f 155 24 14
f 42 36 35
f 55 44 24
f 55 18 56
f 24 36 146
f 29 47 37
f 25 38 146
f 23 50 86
f 82 91 62
f 42 62 91
f 155 35 24
f 69 44 56
f 54 69 47
f 56 44 55
f 37 47 83
f 26 73 19
f 50 57 26
f 57 50 33
f 114 49 40
f 32 39 101
f 86 85 34
f 48 51 60
f 51 48 61
f 51 52 67
f 51 61 52
f 105 52 61
f 53 17 43
f 47 46 54
f 56 83 69
f 56 37 83
f 72 37 56
f 37 97 39
f 49 64 38
f 49 76 64
f 49 114 125
f 101 21 32
f 74 68 52
f 74 52 105
f 44 14 28
f 53 46 17
f 24 63 55
f 25 55 63
f 24 146 63
f 71 37 72
f 56 58 72
f 26 85 50
f 50 100 86
f 21 101 13
f 13 41 22
f 60 77 66
f 67 77 51
f 51 77 60
f 105 61 103
f 68 67 52
f 14 79 155
f 46 144 54
f 69 54 44
f 95 47 69
f 95 83 47
f 37 71 97
f 38 80 146
f 176 72 58
f 73 26 57
f 114 64 76
f 40 64 114
f 40 65 64
f 87 141 59
f 48 60 134
f 48 134 61
f 78 53 43
f 28 78 44
f 44 78 43
f 44 79 14
f 45 42 108
f 45 62 42
f 144 46 53
f 92 44 54
f 120 45 108
f 96 70 75
f 19 109 57
f 19 73 109
f 39 97 99
f 38 64 80
f 49 125 76
f 100 50 85
f 123 40 31
f 66 77 81
f 127 77 67
f 103 61 134
f 67 68 88
f 103 107 105
f 74 105 89
f 74 89 68
f 79 28 91
f 79 44 195
f 44 92 195
f 92 54 144
f 62 45 119
f 45 96 119
f 45 120 70
f 35 108 42
f 70 96 45
f 71 83 97
f 58 41 124
f 13 101 41
f 142 60 66
f 118 117 159
f 28 79 78
f 79 195 78
f 82 62 94
f 62 119 108
f 119 120 108
f 69 83 224
f 95 97 83
f 109 112 57
f 73 110 109
f 112 73 57
f 176 58 84
f 40 123 65
f 102 85 59
f 102 59 141
f 86 59 85
f 134 60 142
f 103 134 152
f 68 104 88
f 115 89 105
f 82 193 91
f 91 155 79
f 94 62 108
f 172 35 155
f 92 69 224
f 172 108 35
f 71 224 83
f 75 70 145
f 97 95 137
f 121 112 109
f 111 75 175
f 113 110 73
f 77 267 81
f 66 81 126
f 93 141 87
f 67 88 127
f 106 68 89
f 117 118 90
f 78 195 222
f 92 95 69
f 120 145 70
f 75 145 175
f 72 99 97
f 72 176 99
f 132 31 25
f 98 110 113
f 73 122 113
f 125 133 76
f 86 156 59
f 41 200 124
f 59 156 87
f 66 212 142
f 226 134 142
f 127 88 185
f 68 106 104
f 105 107 115
f 116 106 89
f 89 115 116
f 159 129 118
f 72 224 71
f 146 174 63
f 75 111 121
f 111 112 121
f 132 25 63
f 132 80 64
f 98 130 110
f 98 113 112
f 112 130 73
f 98 73 130
f 73 98 122
f 112 122 98
f 131 112 113
f 122 131 113
f 123 31 132
f 84 58 124
f 156 85 102
f 151 185 88
f 104 151 88
f 107 128 115
f 94 108 172
f 130 121 109
f 109 110 130
f 112 131 130
f 147 114 76
f 199 76 133
f 125 114 148
f 148 114 147
f 64 65 208
f 133 125 148
f 210 212 66
f 267 77 127
f 115 128 116
f 220 159 117
f 273 53 78
f 92 144 95
f 119 96 173
f 119 223 120
f 96 75 121
f 97 137 72
f 162 99 176
f 80 132 182
f 199 133 165
f 64 208 147
f 39 265 101
f 86 122 156
f 156 102 149
f 166 81 267
f 152 134 226
f 214 107 103
f 154 128 153
f 118 245 90
f 245 118 192
f 136 192 118
f 161 192 136
f 173 223 119
f 120 274 145
f 95 196 137
f 224 72 138
f 72 162 138
f 137 162 72
f 132 64 139
f 132 139 123
f 99 198 39
f 85 163 100
f 84 124 207
f 156 163 85
f 86 100 122
f 156 149 87
f 140 126 81
f 87 149 157
f 66 126 210
f 226 253 152
f 214 103 152
f 107 214 153
f 128 107 153
f 106 116 234
f 116 128 234
f 128 143 234
f 154 143 128
f 168 186 135
f 171 118 129
f 118 171 136
f 193 155 91
f 194 172 155
f 224 196 92
f 80 277 146
f 64 147 139
f 199 147 76
f 123 208 65
f 148 140 133
f 41 101 200
f 166 165 133
f 140 81 133
f 93 87 157
f 93 211 141
f 93 202 150
f 93 150 284
f 213 127 185
f 106 234 104
f 135 186 169
f 158 181 188
f 161 136 246
f 161 221 192
f 273 78 222
f 273 144 53
f 196 195 92
f 138 137 196
f 145 274 175
f 80 182 277
f 111 197 112
f 39 198 265
f 102 141 279
f 166 133 81
f 210 126 200
f 93 157 202
f 143 154 228
f 169 179 170
f 193 82 241
f 196 95 195
f 120 223 274
f 137 303 162
f 197 111 175
f 162 198 99
f 206 123 139
f 100 163 122
f 208 148 147
f 84 207 176
f 131 102 279
f 163 164 149
f 102 163 149
f 163 156 164
f 164 156 122
f 279 141 149
f 149 141 157
f 386 93 284
f 150 167 284
f 228 154 178
f 143 228 216
f 244 216 228
f 179 169 186
f 158 170 179
f 170 158 188
f 160 159 220
f 94 173 231
f 194 155 193
f 172 223 94
f 173 94 223
f 146 277 174
f 139 147 199
f 112 197 122
f 206 208 123
f 131 122 163
f 102 131 163
f 242 165 148
f 148 165 140
f 126 140 183
f 140 165 166
f 183 140 166
f 166 267 338
f 141 211 157
f 127 213 307
f 213 150 252
f 150 213 184
f 150 184 167
f 253 227 152
f 152 227 214
f 153 178 154
f 143 216 234
f 168 135 178
f 203 228 178
f 203 215 228
f 170 188 180
f 181 158 217
f 188 190 180
f 191 159 160
f 117 90 220
f 239 90 245
f 171 246 136
f 231 82 94
f 144 204 95
f 204 195 95
f 138 196 382
f 225 175 274
f 174 304 63
f 138 303 137
f 225 197 175
f 132 63 304
f 132 304 182
f 148 208 183
f 265 349 101
f 200 126 177
f 207 124 200
f 164 201 149
f 279 149 201
f 211 201 157
f 93 386 211
f 212 268 142
f 226 142 268
f 185 184 213
f 153 214 178
f 168 178 214
f 135 203 178
f 135 169 203
f 203 169 187
f 169 170 187
f 190 188 189
f 190 218 180
f 189 191 190
f 191 160 190
f 229 171 129
f 171 270 246
f 221 161 246
f 223 172 194
f 138 382 224
f 174 277 304
f 138 162 232
f 130 131 205
f 242 148 199
f 126 183 208
f 177 207 200
f 101 349 200
f 279 201 209
f 457 212 210
f 307 283 127
f 202 252 150
f 214 235 168
f 235 236 168
f 170 215 187
f 239 220 90
f 221 240 192
f 249 204 196
f 121 275 96
f 293 382 196
f 321 139 199
f 199 148 321
f 197 318 122
f 208 206 320
f 177 126 208
f 209 201 211
f 157 386 202
f 184 185 243
f 236 186 168
f 187 179 236
f 236 203 187
f 179 186 236
f 179 217 158
f 181 217 188
f 218 190 219
f 160 219 190
f 159 191 129
f 245 291 239
f 230 245 192
f 192 240 259
f 241 361 193
f 194 193 301
f 194 380 223
f 249 195 204
f 249 196 224
f 139 278 206
f 279 209 324
f 282 157 201
f 282 386 157
f 267 283 338
f 127 283 267
f 167 184 243
f 269 370 297
f 409 234 216
f 228 215 237
f 180 218 238
f 238 218 219
f 191 299 129
f 299 229 129
f 192 259 230
f 259 240 248
f 82 231 241
f 194 301 380
f 273 431 144
f 204 144 431
f 222 195 249
f 224 382 249
f 225 274 276
f 138 232 303
f 182 251 277
f 162 176 336
f 205 131 279
f 318 164 122
f 209 211 282
f 282 211 386
f 284 167 285
f 167 243 285
f 269 254 370
f 233 151 104
f 233 104 234
f 234 409 233
f 236 235 461
f 236 255 203
f 203 255 215
f 255 187 215
f 187 255 179
f 237 215 170
f 216 244 409
f 228 237 244
f 170 180 237
f 188 256 189
f 220 239 357
f 239 291 357
f 292 221 246
f 259 261 260
f 248 261 259
f 240 221 292
f 173 96 315
f 121 130 275
f 251 182 304
f 232 162 336
f 319 165 364
f 199 165 319
f 199 319 242
f 148 183 321
f 207 266 176
f 454 208 320
f 202 307 252
f 457 268 212
f 269 297 339
f 227 354 214
f 236 461 255
f 238 237 180
f 219 288 238
f 256 289 189
f 189 299 191
f 160 220 290
f 313 248 247
f 272 261 248
f 240 292 314
f 204 293 196
f 315 96 275
f 263 264 250
f 294 382 293
f 294 232 382
f 263 304 264
f 304 263 251
f 162 303 198
f 242 280 165
f 200 349 281
f 200 281 210
f 386 338 202
f 338 283 202
f 307 213 286
f 213 252 243
f 243 286 213
f 252 285 243
f 286 243 185
f 214 354 235
f 354 461 235
f 217 256 188
f 219 256 288
f 290 219 160
f 310 463 246
f 246 463 292
f 259 271 230
f 260 258 259
f 259 258 247
f 258 313 247
f 247 248 394
f 248 240 262
f 193 361 301
f 273 222 346
f 415 223 380
f 204 493 332
f 222 249 332
f 332 293 204
f 232 294 303
f 130 205 335
f 317 197 225
f 197 317 318
f 205 279 295
f 177 266 207
f 164 296 201
f 282 201 296
f 210 281 457
f 202 283 307
f 255 217 179
f 237 356 244
f 244 356 409
f 238 288 237
f 237 288 287
f 219 289 256
f 290 289 219
f 309 357 291
f 358 245 230
f 257 246 270
f 257 310 246
f 258 230 271
f 259 311 271
f 260 230 258
f 259 247 311
f 258 329 313
f 262 394 248
f 240 314 262
f 345 241 231
f 302 222 493
f 222 332 493
f 433 264 304
f 251 417 277
f 205 295 318
f 321 278 139
f 336 176 466
f 319 364 363
f 176 266 466
f 183 166 280
f 209 282 326
f 305 282 306
f 371 339 370
f 151 405 185
f 287 288 342
f 299 343 229
f 245 358 291
f 247 300 311
f 359 230 260
f 258 271 329
f 248 313 272
f 173 315 475
f 494 315 275
f 250 264 381
f 250 381 263
f 275 130 335
f 251 263 348
f 335 205 318
f 277 417 304
f 317 225 334
f 321 183 242
f 324 295 279
f 454 177 208
f 183 280 242
f 280 166 338
f 324 209 455
f 209 326 455
f 282 296 306
f 252 286 285
f 350 253 226
f 370 402 297
f 370 351 402
f 351 370 339
f 286 185 340
f 505 233 409
f 255 237 217
f 217 298 256
f 256 298 288
f 289 288 328
f 328 189 289
f 189 328 299
f 171 229 270
f 359 271 312
f 260 271 359
f 311 312 271
f 271 260 329
f 312 329 260
f 394 411 247
f 395 378 314
f 301 361 345
f 346 222 302
f 381 348 263
f 225 276 333
f 417 433 304
f 334 225 333
f 317 333 318
f 321 206 278
f 321 320 206
f 282 305 326
f 307 286 252
f 368 285 286
f 352 341 353
f 255 327 237
f 217 237 287
f 289 342 288
f 298 328 288
f 289 290 342
f 463 310 300
f 300 247 411
f 312 311 329
f 329 311 488
f 329 330 313
f 261 427 260
f 314 377 395
f 314 378 262
f 415 380 451
f 332 249 382
f 382 232 316
f 264 433 381
f 336 316 232
f 348 417 251
f 435 365 317
f 498 349 265
f 318 337 164
f 323 164 337
f 164 323 296
f 296 323 325
f 296 324 326
f 296 326 306
f 284 285 366
f 285 367 366
f 285 340 367
f 308 480 401
f 339 297 387
f 350 369 253
f 185 405 340
f 339 371 269
f 253 421 227
f 328 343 299
f 445 220 357
f 555 300 310
f 555 488 311
f 555 311 300
f 488 330 329
f 447 292 463
f 292 377 314
f 378 394 262
f 379 231 173
f 204 431 493
f 223 415 274
f 293 516 397
f 415 276 274
f 333 335 318
f 317 334 435
f 365 322 383
f 321 242 319
f 337 318 295
f 165 280 364
f 322 323 383
f 337 324 296
f 296 325 437
f 326 305 306
f 386 284 366
f 285 368 340
f 286 340 368
f 269 371 254
f 373 352 374
f 352 353 374
f 354 227 468
f 425 389 391
f 255 461 327
f 237 375 356
f 217 376 298
f 217 287 342
f 392 217 342
f 220 445 290
f 300 411 488
f 463 300 488
f 312 260 427
f 377 292 489
f 261 272 344
f 272 331 344
f 361 241 345
f 301 362 380
f 173 475 379
f 494 347 315
f 293 332 516
f 332 382 396
f 432 382 316
f 397 294 293
f 381 433 348
f 498 265 198
f 365 435 322
f 435 398 322
f 324 337 295
f 337 383 323
f 337 296 437
f 280 338 477
f 323 384 325
f 455 326 385
f 437 325 384
f 387 297 401
f 369 439 253
f 254 371 404
f 151 233 460
f 388 372 374
f 374 353 388
f 354 424 461
f 408 389 425
f 389 390 391
f 391 390 444
f 505 409 551
f 552 409 356
f 327 375 237
f 426 298 376
f 328 298 426
f 392 328 426
f 342 393 392
f 328 392 343
f 359 358 230
f 312 427 359
f 313 330 272
f 465 413 360
f 315 347 475
f 294 316 303
f 348 433 417
f 334 333 476
f 476 333 317
f 319 454 321
f 454 320 321
f 322 398 323
f 323 398 384
f 326 324 478
f 326 478 385
f 268 457 501
f 418 480 308
f 226 524 350
f 401 297 402
f 402 369 350
f 253 439 421
f 352 373 404
f 405 151 460
f 422 341 352
f 421 468 227
f 388 406 372
f 354 468 407
f 354 407 424
f 217 392 566
f 342 290 393
f 393 290 343
f 357 309 446
f 291 446 309
f 257 270 310
f 358 359 410
f 447 489 292
f 495 316 336
f 365 453 317
f 363 454 319
f 498 399 349
f 478 456 385
f 367 340 419
f 387 351 339
f 403 402 351
f 440 370 254
f 405 484 340
f 373 374 441
f 233 505 460
f 461 506 327
f 217 566 376
f 392 393 343
f 290 487 343
f 410 359 464
f 488 511 330
f 411 394 489
f 344 448 261
f 394 378 412
f 378 429 413
f 413 414 360
f 432 316 397
f 316 294 397
f 303 316 434
f 495 336 452
f 198 303 434
f 466 538 336
f 520 466 266
f 365 383 453
f 364 280 477
f 383 337 437
f 338 386 499
f 226 268 524
f 367 419 438
f 524 525 350
f 369 458 439
f 373 483 459
f 404 373 459
f 372 483 373
f 442 341 422
f 423 406 374
f 441 374 406
f 389 408 549
f 389 550 390
f 552 551 409
f 356 375 553
f 358 446 291
f 410 554 358
f 464 359 427
f 261 448 427
f 377 489 394
f 330 465 272
f 331 272 465
f 465 360 449
f 360 414 449
f 378 413 412
f 346 431 273
f 380 362 514
f 396 382 432
f 453 476 317
f 435 334 476
f 363 364 436
f 558 177 454
f 398 435 364
f 478 523 456
f 500 437 384
f 385 456 400
f 501 524 268
f 403 401 480
f 402 403 458
f 402 458 369
f 440 371 370
f 545 340 484
f 371 467 404
f 254 404 459
f 352 404 422
f 373 529 372
f 483 372 423
f 372 529 374
f 373 441 548
f 423 372 406
f 353 341 442
f 355 407 468
f 579 388 353
f 424 407 469
f 469 407 355
f 485 408 425
f 425 391 470
f 646 356 553
f 392 471 566
f 471 392 426
f 290 445 487
f 446 445 357
f 507 270 229
f 509 555 310
f 488 411 511
f 330 412 465
f 412 377 394
f 412 395 377
f 429 378 395
f 430 450 428
f 231 379 345
f 451 589 415
f 475 347 494
f 415 680 276
f 434 316 495
f 452 336 538
f 497 198 434
f 497 498 198
f 399 607 349
f 501 457 281
f 418 308 401
f 401 403 387
f 254 459 440
f 405 460 484
f 422 504 442
f 423 374 529
f 408 579 549
f 424 564 461
f 549 550 389
f 343 487 229
f 464 427 512
f 572 512 427
f 427 448 572
f 412 490 395
f 449 331 465
f 413 465 412
f 428 344 331
f 449 428 331
f 429 395 490
f 449 430 428
f 428 450 473
f 414 474 449
f 450 430 473
f 413 574 414
f 301 535 362
f 335 518 275
f 436 435 476
f 364 435 436
f 266 539 520
f 398 364 627
f 477 627 364
f 437 453 383
f 349 607 281
f 455 478 324
f 385 542 455
f 367 438 502
f 525 401 350
f 401 402 350
f 403 351 387
f 340 545 419
f 638 440 458
f 440 459 481
f 355 468 469
f 408 388 579
f 424 530 564
f 506 461 564
f 486 376 566
f 507 310 270
f 410 464 510
f 534 464 512
f 511 622 330
f 491 448 344
f 344 428 491
f 491 428 473
f 449 491 473
f 449 473 430
f 429 574 413
f 345 969 492
f 492 535 345
f 345 535 301
f 515 493 431
f 432 536 396
f 495 452 432
f 432 397 495
f 275 679 494
f 275 518 679
f 452 538 416
f 335 333 496
f 335 496 518
f 466 498 497
f 477 338 499
f 542 385 479
f 385 400 479
f 366 499 386
f 502 438 544
f 420 525 526
f 525 420 576
f 420 595 576
f 403 638 458
f 458 481 439
f 638 467 371
f 420 439 527
f 638 371 440
f 458 440 481
f 483 482 459
f 404 467 546
f 422 404 546
f 422 546 504
f 615 562 421
f 468 421 562
f 353 442 579
f 388 563 406
f 470 485 425
f 485 462 443
f 470 391 444
f 375 327 486
f 376 486 426
f 533 472 471
f 229 487 507
f 446 358 508
f 446 508 618
f 509 310 507
f 447 463 619
f 511 411 571
f 411 489 571
f 330 622 412
f 490 571 489
f 969 345 379
f 514 362 535
f 431 346 515
f 302 726 346
f 516 332 396
f 432 452 416
f 416 538 517
f 276 496 333
f 520 519 466
f 498 466 519
f 454 363 436
f 454 436 540
f 541 437 500
f 455 542 478
f 456 612 400
f 479 400 636
f 525 576 401
f 438 419 503
f 439 420 526
f 527 439 482
f 482 439 481
f 483 423 528
f 529 373 548
f 596 442 504
f 468 562 469
f 485 388 408
f 532 462 485
f 533 327 506
f 533 486 327
f 582 472 533
f 471 472 567
f 510 464 534
f 447 619 663
f 449 649 491
f 490 556 429
f 649 449 474
f 574 474 414
f 588 302 493
f 536 495 397
f 497 538 466
f 520 538 519
f 437 541 453
f 398 630 384
f 542 523 478
f 367 656 366
f 418 401 576
f 438 503 544
f 595 420 527
f 467 578 546
f 484 547 545
f 481 459 529
f 529 459 482
f 529 528 423
f 597 441 406
f 424 469 562
f 485 563 388
f 443 530 485
f 564 443 462
f 532 485 470
f 550 847 390
f 506 582 533
f 599 553 375
f 567 598 471
f 600 566 471
f 487 445 618
f 446 618 445
f 508 487 618
f 509 487 508
f 622 490 412
f 574 429 556
f 346 726 764
f 588 380 514
f 516 536 397
f 416 537 536
f 432 416 536
f 679 475 494
f 276 603 496
f 495 497 434
f 476 557 496
f 519 538 497
f 476 453 557
f 454 540 558
f 522 521 590
f 523 542 522
f 500 384 630
f 499 609 477
f 612 636 400
f 366 656 499
f 418 593 480
f 593 594 480
f 656 367 502
f 634 525 524
f 419 545 503
f 527 482 640
f 529 482 528
f 484 561 547
f 563 597 406
f 580 460 505
f 564 530 443
f 505 551 756
f 531 550 549
f 470 444 581
f 462 532 506
f 533 471 565
f 426 565 471
f 567 472 689
f 509 507 487
f 508 358 647
f 718 508 647
f 410 510 620
f 463 488 619
f 447 663 489
f 490 622 571
f 490 489 573
f 474 587 513
f 346 764 515
f 588 451 380
f 515 602 493
f 416 517 537
f 603 276 680
f 496 557 518
f 558 266 177
f 453 541 629
f 627 477 608
f 522 591 521
f 541 522 590
f 591 522 542
f 501 281 607
f 543 559 575
f 456 560 612
f 594 593 635
f 480 733 403
f 640 482 483
f 482 481 528
f 529 548 688
f 460 616 484
f 460 580 616
f 442 642 579
f 562 530 424
f 563 485 530
f 444 390 581
f 486 565 426
f 554 647 358
f 620 554 410
f 510 534 570
f 569 510 570
f 585 622 511
f 512 570 534
f 570 512 572
f 489 663 573
f 573 556 490
f 665 491 649
f 587 474 574
f 514 535 588
f 516 396 536
f 679 518 625
f 538 520 539
f 557 453 629
f 521 709 590
f 436 627 540
f 498 519 399
f 523 522 541
f 542 479 591
f 609 608 477
f 456 523 479
f 592 456 479
f 592 479 560
f 686 526 525
f 545 577 503
f 526 421 439
f 688 481 529
f 483 528 640
f 528 481 640
f 484 616 561
f 442 596 642
f 531 549 642
f 470 581 532
f 506 564 462
f 533 565 486
f 700 689 472
f 486 566 599
f 509 568 555
f 555 702 488
f 620 510 584
f 511 702 584
f 488 702 619
f 585 510 569
f 585 511 510
f 584 510 511
f 588 726 302
f 518 557 625
f 497 728 693
f 693 519 497
f 630 398 627
f 608 540 627
f 541 590 629
f 521 591 606
f 543 575 695
f 500 523 541
f 500 653 523
f 523 591 479
f 607 610 501
f 592 611 456
f 456 611 560
f 612 654 611
f 560 611 654
f 560 479 612
f 654 612 479
f 501 670 524
f 593 418 775
f 594 733 480
f 403 733 638
f 672 467 638
f 595 527 613
f 545 614 577
f 547 614 545
f 547 561 614
f 738 561 616
f 562 641 530
f 532 582 506
f 582 700 472
f 486 599 375
f 356 646 552
f 566 600 599
f 553 660 617
f 471 598 600
f 568 508 718
f 568 702 555
f 702 583 584
f 583 585 584
f 585 569 584
f 571 622 664
f 665 448 491
f 649 474 513
f 556 623 574
f 587 574 677
f 589 680 415
f 536 650 495
f 495 650 497
f 626 540 605
f 626 558 540
f 436 476 604
f 558 626 266
f 607 628 683
f 630 629 500
f 591 696 606
f 751 500 629
f 523 653 592
f 499 633 609
f 592 560 654
f 610 670 501
f 654 479 907
f 636 907 479
f 524 670 634
f 637 733 594
f 733 780 638
f 659 638 780
f 736 421 526
f 737 596 504
f 579 642 549
f 563 530 641
f 531 642 644
f 580 505 756
f 599 660 553
f 600 662 661
f 568 509 508
f 569 621 584
f 570 621 569
f 570 572 784
f 648 784 572
f 573 586 675
f 536 537 650
f 604 476 496
f 629 604 557
f 604 627 436
f 651 521 606
f 590 606 629
f 607 399 628
f 608 814 540
f 500 751 653
f 608 631 559
f 592 632 523
f 654 632 592
f 592 653 611
f 671 633 499
f 611 799 612
f 699 775 418
f 525 634 685
f 525 685 686
f 576 595 613
f 673 577 614
f 736 615 421
f 546 737 504
f 562 615 597
f 641 597 563
f 550 531 644
f 532 581 582
f 617 646 553
f 600 661 599
f 702 511 619
f 583 621 585
f 585 621 622
f 622 621 784
f 621 570 784
f 556 573 623
f 573 675 623
f 623 677 574
f 475 1003 379
f 475 679 1003
f 650 537 517
f 629 731 604
f 651 606 590
f 608 543 773
f 543 608 559
f 609 631 608
f 591 523 632
f 559 631 575
f 611 653 799
f 655 575 698
f 612 799 636
f 635 684 594
f 671 499 656
f 684 657 594
f 418 576 699
f 658 544 503
f 672 821 467
f 736 526 686
f 527 640 639
f 548 441 615
f 615 441 597
f 643 616 580
f 645 550 644
f 598 567 600
f 702 873 583
f 584 621 620
f 663 664 573
f 573 664 586
f 572 448 648
f 705 586 664
f 722 622 807
f 664 622 722
f 448 665 704
f 705 675 586
f 649 706 665
f 624 666 601
f 624 601 678
f 601 666 745
f 745 678 601
f 492 969 954
f 535 726 588
f 602 668 493
f 451 765 589
f 765 451 747
f 765 680 589
f 557 681 625
f 496 681 604
f 681 557 604
f 605 540 770
f 682 694 651
f 651 590 750
f 630 627 771
f 669 629 630
f 607 652 610
f 907 632 654
f 670 671 634
f 637 594 657
f 634 671 685
f 775 637 593
f 672 638 735
f 638 659 735
f 597 641 562
f 643 580 716
f 803 390 847
f 803 581 390
f 700 582 757
f 551 552 804
f 599 661 660
f 617 660 758
f 661 742 660
f 567 662 600
f 567 717 662
f 583 744 621
f 511 571 703
f 663 690 664
f 622 744 807
f 648 448 691
f 448 704 691
f 704 665 706
f 676 675 705
f 623 676 677
f 624 692 666
f 668 879 588
f 680 729 603
f 538 539 708
f 693 834 519
f 651 709 521
f 626 539 266
f 750 682 651
f 628 399 798
f 606 750 751
f 750 606 682
f 606 751 629
f 652 607 683
f 683 752 652
f 697 610 652
f 591 632 696
f 696 632 817
f 653 711 799
f 575 655 695
f 631 609 633
f 633 698 631
f 698 575 631
f 698 633 671
f 636 712 907
f 593 657 635
f 593 637 657
f 502 544 658
f 658 503 687
f 481 688 640
f 865 546 578
f 614 561 673
f 673 561 738
f 548 615 740
f 895 550 645
f 895 847 550
f 567 689 717
f 719 647 554
f 620 719 554
f 621 744 620
f 622 784 744
f 722 705 664
f 513 706 649
f 623 675 676
f 692 513 587
f 587 666 692
f 587 707 666
f 492 726 535
f 492 954 726
f 729 680 832
f 770 729 605
f 604 731 795
f 604 771 627
f 750 590 709
f 399 519 798
f 683 628 798
f 814 608 773
f 671 713 698
f 713 671 670
f 636 799 712
f 685 656 776
f 671 656 685
f 639 613 527
f 688 639 640
f 546 865 737
f 715 596 737
f 738 616 741
f 642 596 715
f 644 642 645
f 580 756 716
f 660 742 758
f 703 571 664
f 690 785 674
f 706 513 692
f 379 1003 969
f 515 667 602
f 493 668 588
f 679 625 956
f 650 766 728
f 497 650 728
f 625 681 791
f 681 496 731
f 651 730 709
f 694 730 651
f 629 669 731
f 751 750 732
f 606 696 682
f 695 773 543
f 697 670 610
f 685 698 713
f 656 753 774
f 698 685 776
f 686 685 713
f 576 613 778
f 801 754 672
f 687 503 714
f 821 578 467
f 688 548 739
f 616 643 741
f 581 757 582
f 824 804 552
f 824 552 646
f 782 689 700
f 646 617 825
f 662 742 661
f 617 758 825
f 742 743 758
f 743 701 758
f 568 718 702
f 873 744 583
f 619 690 663
f 690 720 664
f 784 648 691
f 722 691 704
f 723 722 704
f 587 677 724
f 745 692 678
f 745 666 762
f 707 762 666
f 725 746 707
f 835 626 605
f 730 710 709
f 834 798 519
f 731 669 815
f 630 771 669
f 772 694 682
f 653 751 711
f 656 774 776
f 656 502 843
f 843 502 658
f 576 778 699
f 734 687 820
f 735 801 672
f 714 820 687
f 672 754 821
f 780 735 659
f 577 890 503
f 673 890 577
f 615 822 740
f 643 892 741
f 643 716 892
f 645 642 823
f 662 743 742
f 619 511 703
f 690 674 720
f 674 721 720
f 722 807 691
f 723 705 722
f 723 676 705
f 809 723 704
f 624 678 692
f 587 724 707
f 677 676 763
f 677 763 725
f 725 707 724
f 515 786 667
f 451 810 747
f 679 956 1003
f 766 650 517
f 956 625 791
f 517 538 787
f 787 708 727
f 538 728 787
f 749 787 728
f 787 749 708
f 693 708 749
f 708 693 538
f 728 538 693
f 727 693 749
f 834 693 727
f 835 605 729
f 883 708 539
f 539 626 833
f 710 750 709
f 604 795 771
f 730 694 838
f 669 711 751
f 696 816 682
f 817 816 696
f 799 711 840
f 697 800 670
f 656 843 753
f 713 670 800
f 734 844 712
f 658 687 734
f 778 613 639
f 739 548 740
f 715 866 642
f 756 551 923
f 701 743 805
f 662 760 743
f 785 690 761
f 761 690 619
f 784 691 851
f 704 828 809
f 745 762 692
f 786 515 764
f 667 786 830
f 832 680 765
f 787 766 517
f 727 748 787
f 790 708 767
f 708 790 727
f 728 748 749
f 748 727 749
f 834 727 790
f 770 540 814
f 815 797 731
f 838 694 772
f 815 669 751
f 752 683 973
f 839 711 669
f 695 655 887
f 632 907 817
f 799 840 817
f 887 655 753
f 712 844 907
f 775 888 637
f 712 799 777
f 777 734 712
f 714 863 820
f 503 890 714
f 578 821 865
f 822 639 688
f 736 822 615
f 781 715 737
f 755 715 781
f 715 755 866
f 866 823 642
f 760 662 759
f 758 701 871
f 872 743 760
f 805 743 826
f 743 872 826
f 702 718 873
f 619 703 761
f 703 664 720
f 761 703 720
f 809 829 723
f 878 676 723
f 876 706 692
f 876 692 854
f 762 854 692
f 725 724 677
f 879 451 588
f 747 810 880
f 787 790 767
f 748 790 787
f 748 788 768
f 748 768 790
f 766 788 748
f 766 748 728
f 708 811 767
f 811 708 883
f 710 791 769
f 681 769 791
f 796 710 769
f 731 797 681
f 836 795 731
f 751 732 815
f 772 682 816
f 773 695 839
f 857 695 887
f 655 774 753
f 655 698 774
f 774 698 776
f 637 888 733
f 658 777 843
f 777 658 734
f 779 699 778
f 800 686 713
f 780 733 801
f 735 780 801
f 734 820 844
f 686 800 861
f 736 686 861
f 740 822 802
f 551 804 923
f 581 803 757
f 782 700 757
f 662 717 759
f 701 806 871
f 701 805 806
f 647 850 718
f 620 744 850
f 850 744 784
f 720 721 827
f 674 785 721
f 691 874 851
f 691 807 874
f 704 706 828
f 808 723 829
f 763 676 925
f 925 926 763
f 914 762 707
f 725 763 897
f 668 830 879
f 667 830 602
f 451 879 810
f 602 830 668
f 766 787 882
f 787 788 882
f 789 882 788
f 882 789 767
f 768 767 789
f 767 768 787
f 788 787 768
f 811 882 767
f 768 789 790
f 603 729 812
f 729 770 812
f 792 710 730
f 710 813 791
f 792 813 710
f 793 794 792
f 794 769 792
f 813 794 793
f 792 681 813
f 681 792 769
f 813 681 794
f 496 836 731
f 769 794 796
f 797 796 794
f 797 794 681
f 796 750 710
f 795 770 771
f 946 732 750
f 771 839 669
f 652 936 697
f 657 684 635
f 753 818 887
f 841 918 858
f 800 697 905
f 753 843 818
f 775 699 819
f 779 819 699
f 736 864 822
f 639 822 864
f 865 781 737
f 739 802 822
f 846 739 740
f 781 950 755
f 741 891 738
f 867 645 823
f 782 717 689
f 646 825 824
f 760 759 872
f 783 911 759
f 620 850 719
f 761 720 785
f 785 720 827
f 875 721 785
f 721 853 827
f 808 874 807
f 807 853 808
f 926 897 763
f 897 746 725
f 764 726 954
f 835 729 832
f 790 811 834
f 885 792 730
f 496 603 836
f 770 795 812
f 539 833 883
f 796 793 792
f 796 792 885
f 813 793 796
f 796 797 813
f 796 946 750
f 770 934 771
f 772 815 732
f 771 934 839
f 839 934 773
f 732 838 772
f 815 772 857
f 857 772 816
f 817 886 816
f 711 839 857
f 695 857 839
f 857 840 711
f 841 858 919
f 918 906 858
f 888 801 733
f 801 888 754
f 863 845 820
f 778 639 908
f 673 891 890
f 688 739 822
f 716 894 892
f 867 895 645
f 716 756 923
f 923 804 1021
f 758 943 825
f 806 805 826
f 759 911 872
f 850 647 719
f 850 784 851
f 744 827 807
f 827 744 912
f 827 875 785
f 808 828 874
f 721 875 853
f 827 853 807
f 808 829 828
f 853 878 808
f 808 878 723
f 706 913 828
f 913 706 876
f 829 809 828
f 762 914 854
f 926 855 897
f 707 746 914
f 899 747 898
f 747 832 765
f 788 766 856
f 766 882 899
f 791 902 956
f 882 811 901
f 789 901 790
f 790 901 811
f 901 834 883
f 811 883 834
f 833 626 900
f 900 883 833
f 813 797 904
f 835 770 933
f 770 814 933
f 935 683 798
f 732 816 838
f 752 936 652
f 752 973 936
f 697 936 1006
f 817 907 842
f 1006 905 697
f 859 844 862
f 820 862 844
f 821 754 860
f 639 864 908
f 738 891 673
f 740 802 846
f 866 755 950
f 716 923 962
f 717 782 870
f 870 848 717
f 848 759 717
f 806 826 849
f 872 849 826
f 744 873 912
f 874 828 852
f 876 854 877
f 676 878 925
f 830 981 879
f 880 898 747
f 856 901 789
f 813 902 791
f 900 626 903
f 770 835 984
f 626 835 903
f 730 838 885
f 834 837 798
f 973 683 935
f 857 816 840
f 817 948 886
f 841 1018 918
f 817 842 799
f 920 906 918
f 777 799 842
f 906 888 858
f 777 818 843
f 775 819 889
f 862 863 859
f 861 864 736
f 714 890 863
f 865 950 781
f 846 802 739
f 893 867 823
f 962 894 716
f 803 847 868
f 869 782 757
f 758 871 943
f 988 759 848
f 783 759 988
f 827 912 875
f 851 874 952
f 874 852 952
f 944 924 875
f 875 924 853
f 828 913 852
f 853 924 878
f 925 878 855
f 925 855 1012
f 1012 855 926
f 914 897 854
f 897 914 746
f 954 786 764
f 766 899 856
f 788 856 789
f 832 884 835
f 884 812 835
f 901 916 834
f 835 812 984
f 945 932 834
f 770 984 971
f 834 932 837
f 934 770 971
f 838 972 885
f 816 886 838
f 857 887 958
f 986 817 840
f 775 889 888
f 906 754 888
f 819 800 905
f 778 861 800
f 819 778 800
f 778 819 779
f 754 906 860
f 820 845 862
f 821 939 865
f 890 938 863
f 890 891 909
f 868 757 803
f 869 757 868
f 806 1059 1002
f 783 988 990
f 872 911 991
f 851 967 850
f 851 952 967
f 852 913 968
f 913 876 877
f 878 877 855
f 897 855 877
f 981 830 1004
f 831 884 832
f 901 900 882
f 901 883 900
f 812 836 603
f 900 903 930
f 901 970 916
f 916 945 834
f 885 946 796
f 835 933 903
f 797 815 947
f 946 1027 732
f 947 815 857
f 732 1027 816
f 816 1027 840
f 999 1018 841
f 858 888 919
f 889 819 905
f 844 937 907
f 844 859 937
f 861 908 864
f 861 778 908
f 862 845 909
f 939 821 1045
f 909 938 890
f 950 940 866
f 892 910 741
f 910 892 894
f 963 847 895
f 847 964 868
f 869 942 782
f 782 965 870
f 806 1002 871
f 806 849 1059
f 850 873 718
f 978 852 1062
f 952 852 978
f 877 854 897
f 830 881 1004
f 830 915 881
f 899 927 747
f 832 747 927
f 884 929 812
f 902 813 904
f 984 812 795
f 902 904 836
f 795 836 797
f 836 904 797
f 917 795 797
f 933 814 773
f 838 1054 972
f 838 886 1054
f 918 919 920
f 842 818 777
f 887 818 842
f 842 907 949
f 860 906 920
f 863 862 921
f 862 909 921
f 863 921 845
f 845 921 938
f 845 938 909
f 909 891 961
f 940 823 866
f 823 1001 893
f 867 893 922
f 869 941 942
f 976 988 975
f 988 976 990
f 977 911 783
f 966 951 850
f 873 850 951
f 951 912 873
f 944 896 979
f 896 944 875
f 924 993 878
f 810 879 981
f 899 882 927
f 929 831 983
f 928 931 831
f 931 928 832
f 983 832 928
f 832 983 831
f 832 927 931
f 930 927 882
f 831 931 884
f 882 900 930
f 902 1066 956
f 856 970 901
f 836 1066 902
f 932 995 837
f 933 773 997
f 917 797 947
f 935 798 837
f 1027 986 840
f 886 948 1121
f 841 919 957
f 948 817 959
f 957 918 1018
f 918 957 919
f 919 888 889
f 919 889 920
f 907 937 1019
f 860 1045 821
f 865 1047 950
f 893 1001 922
f 910 894 962
f 923 1111 962
f 847 963 964
f 869 868 941
f 850 967 966
f 912 896 875
f 1176 924 944
f 980 993 924
f 878 993 877
f 993 953 925
f 953 926 925
f 830 786 915
f 982 983 810
f 927 810 983
f 899 898 955
f 983 928 927
f 955 856 899
f 831 927 928
f 831 929 927
f 929 931 927
f 929 983 1106
f 931 929 884
f 856 945 970
f 812 929 1014
f 836 812 1014
f 945 916 995
f 837 995 998
f 998 995 916
f 946 885 972
f 795 917 984
f 773 934 997
f 947 857 1005
f 958 1005 857
f 842 949 959
f 842 958 887
f 905 1006 1043
f 905 1043 889
f 921 909 987
f 741 1008 891
f 741 910 1008
f 910 962 1082
f 963 867 922
f 867 963 895
f 782 942 965
f 977 991 911
f 993 925 1012
f 981 1004 898
f 970 927 930
f 930 903 970
f 932 945 1067
f 1066 836 1014
f 970 903 916
f 946 972 1027
f 948 959 1000
f 949 907 1019
f 937 1020 960
f 937 859 1020
f 859 863 1020
f 938 1020 863
f 921 987 938
f 865 939 1047
f 950 1157 940
f 891 1008 961
f 1008 910 1030
f 1001 1110 922
f 848 870 974
f 848 974 988
f 871 1002 1033
f 977 783 990
f 1104 912 951
f 967 952 1035
f 952 978 1035
f 852 968 1062
f 944 979 1176
f 980 924 1011
f 980 953 993
f 898 880 981
f 955 898 1004
f 1004 881 915
f 1067 1036 932
f 1036 945 995
f 932 1036 995
f 1015 985 996
f 997 934 971
f 1038 971 917
f 947 1038 917
f 957 1016 841
f 817 986 1040
f 936 1016 1006
f 959 817 1040
f 948 1000 1121
f 987 909 961
f 1001 823 940
f 923 1021 1111
f 975 989 976
f 966 967 1113
f 978 992 1035
f 968 913 1010
f 926 953 1115
f 994 969 981
f 954 969 994
f 786 1051 915
f 810 981 982
f 1067 945 856
f 945 1036 970
f 929 1106 1014
f 1014 996 1066
f 972 1037 1027
f 949 1041 959
f 920 1045 860
f 960 1020 1046
f 1045 1075 939
f 1075 1047 939
f 1047 1078 950
f 1030 910 1082
f 922 1159 963
f 870 965 974
f 975 988 1022
f 990 976 989
f 1113 967 1035
f 896 912 1104
f 1010 913 877
f 926 1115 1012
f 1051 786 954
f 981 969 1003
f 880 994 981
f 915 955 1004
f 810 927 880
f 856 955 1067
f 1036 927 970
f 933 1150 903
f 971 984 917
f 1070 1054 886
f 1055 958 842
f 842 959 1040
f 959 1019 1000
f 949 1019 1028
f 987 961 1079
f 1008 1007 961
f 1021 804 1160
f 1099 942 941
f 974 1032 988
f 943 871 1033
f 990 989 975
f 1022 990 975
f 1009 872 991
f 991 1100 1009
f 990 1022 977
f 977 1022 1060
f 991 977 1101
f 1034 1101 977
f 1011 1250 980
f 877 993 1063
f 1003 1090 981
f 954 994 1051
f 927 994 880
f 996 985 1093
f 1235 916 903
f 916 1053 998
f 1053 837 998
f 837 1053 935
f 985 1015 1037
f 1039 1038 947
f 999 841 1016
f 1055 842 1040
f 1017 957 1018
f 889 1017 920
f 920 1017 1045
f 1019 937 1044
f 960 1044 937
f 1020 938 1058
f 938 987 1058
f 1078 1157 950
f 1080 1001 940
f 1031 1082 962
f 988 1032 1022
f 872 1009 849
f 1034 977 1061
f 951 966 1104
f 1026 978 1062
f 1011 924 1176
f 877 1089 1010
f 1003 956 1091
f 1150 933 1013
f 985 1094 1093
f 1037 972 1054
f 985 1037 1094
f 1027 1037 1015
f 1281 973 935
f 973 1192 936
f 1016 1107 999
f 957 1017 1016
f 1044 1000 1019
f 960 949 1028
f 1046 1020 1058
f 987 1079 1058
f 1001 1080 1110
f 1111 1031 962
f 1083 868 964
f 941 868 1083
f 974 965 1186
f 825 943 824
f 991 1101 1100
f 977 1060 1061
f 1061 966 1113
f 1061 1049 966
f 1024 1025 1023
f 966 1049 1104
f 992 978 1026
f 968 1010 1228
f 980 1250 953
f 1089 877 1063
f 993 1012 1063
f 981 1090 982
f 927 1064 994
f 956 1066 1091
f 1014 1052 996
f 903 1150 1235
f 1069 1015 996
f 1039 947 1005
f 1027 1095 986
f 1017 1018 1141
f 1017 889 1072
f 1073 1017 1141
f 1043 1072 889
f 959 1042 1019
f 1073 1045 1017
f 1157 1080 940
f 1008 1030 1007
f 824 1277 804
f 942 1099 965
f 824 1130 1277
f 1099 1186 965
f 1022 1187 1060
f 1061 1113 1034
f 979 896 1050
f 1175 1062 968
f 968 1228 1175
f 1248 1250 1011
f 1051 1065 915
f 1065 955 915
f 1065 1067 955
f 1118 1013 933
f 933 997 1118
f 1068 996 1052
f 971 1152 997
f 1070 886 1121
f 1107 1018 999
f 1006 1016 1096
f 1107 1141 1018
f 1041 1055 1040
f 959 1041 1042
f 1019 1042 1028
f 949 960 1042
f 1028 1044 960
f 1077 1056 1109
f 1099 941 1084
f 1277 1160 804
f 974 1085 1032
f 1086 1002 1059
f 1085 1022 1032
f 1112 1059 849
f 1048 1023 1049
f 1023 1133 1024
f 1024 1134 1025
f 1198 1035 1161
f 1088 1161 1035
f 1035 992 1088
f 1089 1249 1010
f 1115 1063 1012
f 1064 1051 994
f 1052 1014 1106
f 996 1093 1066
f 1005 958 1071
f 1192 1016 936
f 958 1055 1071
f 1071 1055 1123
f 1040 986 1139
f 1000 1124 1121
f 1040 1122 1041
f 1041 1122 1042
f 1140 949 1042
f 1073 1029 1045
f 1075 1057 1047
f 1047 1057 1078
f 1058 1079 1076
f 1077 1109 1127
f 1030 1082 1081
f 1082 1031 1242
f 941 1083 1084
f 943 1130 824
f 1086 1033 1002
f 1009 1112 849
f 1102 1048 1049
f 1023 1103 1049
f 1049 1103 1104
f 896 1104 1114
f 1090 1003 1091
f 1064 927 1036
f 1117 1119 1013
f 1179 1066 1093
f 997 1119 1118
f 1149 1235 1150
f 1069 996 1068
f 1152 971 1153
f 1151 935 1053
f 1281 935 1151
f 1027 1015 1039
f 1039 1095 1027
f 1005 1095 1039
f 1071 1095 1005
f 1205 1006 1108
f 1000 1044 1028
f 1006 1205 1043
f 1041 949 1140
f 1205 1097 1043
f 960 1046 1126
f 1142 1045 1029
f 1154 1075 1045
f 1046 1058 1076
f 961 1007 1079
f 1184 1080 1157
f 1007 1030 1081
f 1129 1083 964
f 1085 974 1186
f 1112 1086 1059
f 1085 1187 1022
f 1060 1187 1102
f 1102 1061 1060
f 1049 1061 1102
f 1034 1113 1101
f 1133 1023 1132
f 1025 1103 1023
f 1035 1198 1113
f 1114 1104 1103
f 1026 1062 1175
f 979 1050 1199
f 1051 1064 1065
f 983 982 1116
f 1066 1092 1091
f 1067 1065 1036
f 1013 1118 1117
f 1068 1052 1152
f 971 1038 1153
f 1139 986 1095
f 1096 1016 1017
f 1040 1139 1122
f 1096 1108 1006
f 1041 1140 1055
f 1000 1028 1124
f 1072 1043 1097
f 1029 1073 1097
f 960 1126 1042
f 1029 1097 1125
f 1142 1154 1045
f 1056 1077 1170
f 1170 1077 1074
f 1074 1077 1098
f 922 1110 1159
f 1128 963 1159
f 1033 1131 943
f 1087 1048 1102
f 1187 1087 1102
f 1132 1023 1048
f 1101 1113 1145
f 1161 1088 1135
f 1050 896 1114
f 1199 1176 979
f 1176 1190 1011
f 1190 1330 1011
f 1011 1330 1248
f 1228 1010 1249
f 1250 1177 953
f 1065 1064 1136
f 1105 1065 1136
f 1105 1064 1036
f 1091 1092 1137
f 1105 1036 1065
f 983 1116 1106
f 1117 1118 1119
f 1093 1068 1201
f 1094 1037 1236
f 1119 997 1150
f 1150 997 1152
f 1037 1054 1236
f 1069 1120 1015
f 1180 1039 1015
f 1054 1070 1138
f 1070 1121 1181
f 973 1281 1192
f 1203 1121 1124
f 1123 1055 1140
f 1072 1096 1017
f 1072 1097 1073
f 1075 1154 1253
f 1056 1170 1155
f 1074 1098 1209
f 1078 1075 1253
f 1057 1075 1078
f 1077 1127 1155
f 1171 1076 1158
f 1079 1158 1076
f 1184 1255 1080
f 1081 1082 1275
f 1082 1242 1275
f 964 963 1195
f 1129 964 1195
f 1031 1111 1196
f 1083 1129 1243
f 1111 1021 1196
f 1133 1103 1024
f 1103 1025 1146
f 1050 1114 1162
f 1026 1135 992
f 1026 1175 1295
f 953 1177 1115
f 982 1137 1116
f 1090 1116 1137
f 1116 1090 1091
f 1137 982 1091
f 1091 1230 1116
f 1091 982 1230
f 982 1090 1230
f 1106 1233 1052
f 1052 1201 1202
f 1119 1150 1013
f 1052 1202 1152
f 1094 1191 1093
f 1201 1068 1202
f 1093 1069 1068
f 1120 1069 1164
f 1015 1120 1180
f 1095 1071 1139
f 1071 1123 1139
f 1203 1124 1166
f 1107 1016 1165
f 1073 1141 1193
f 1122 1124 1042
f 1042 1124 1140
f 1169 1073 1193
f 1140 1124 1028
f 1042 1126 1168
f 1028 1042 1168
f 1046 1076 1143
f 1143 1076 1171
f 1098 1077 1155
f 1079 1007 1158
f 1127 1109 1144
f 1080 1255 1110
f 1021 1160 1196
f 1099 1084 1244
f 1244 1186 1099
f 1112 1009 1100
f 1146 1025 1134
f 1114 1103 1147
f 1147 1146 1114
f 1135 1088 992
f 1148 1199 1050
f 1115 1177 1063
f 1177 1270 1063
f 1230 1090 1137
f 1052 1233 1201
f 1191 1069 1093
f 1164 1191 1094
f 916 1235 1053
f 1054 1138 1236
f 1070 1181 1138
f 1121 1203 1181
f 1016 1192 1165
f 1139 1123 1122
f 1123 1140 1122
f 1122 1140 1166
f 1166 1124 1122
f 1207 1125 1074
f 1074 1125 1170
f 1074 1209 1207
f 1098 1155 1170
f 1056 1172 1109
f 1183 1127 1144
f 1158 1007 1081
f 963 1128 1195
f 1242 1031 1196
f 1085 1186 1267
f 943 1131 1130
f 1215 1033 1086
f 1245 1100 1101
f 1132 1048 1087
f 1188 1134 1024
f 1188 1024 1103
f 1162 1148 1050
f 1163 1249 1089
f 1270 1163 1089
f 1063 1270 1089
f 1299 1106 1116
f 1106 1299 1233
f 1092 1066 1179
f 1236 1217 1094
f 1201 1179 1093
f 1178 1235 1149
f 1150 1152 1202
f 1094 1217 1164
f 1164 1217 1120
f 1153 1068 1152
f 1151 1272 1281
f 1038 1039 1153
f 1107 1165 1096
f 1165 1204 1096
f 1096 1204 1108
f 1140 1028 1166
f 1046 1143 1126
f 1155 1172 1056
f 1078 1156 1157
f 1210 1127 1183
f 1156 1211 1157
f 1081 1185 1241
f 1255 1213 1110
f 1213 1159 1110
f 1160 1214 1196
f 1086 1112 1216
f 1103 1146 1188
f 1188 1146 1147
f 1146 1174 1114
f 1064 1105 1231
f 1251 1178 1149
f 1200 1235 1178
f 1179 1201 1191
f 1191 1201 1069
f 1053 1235 1303
f 1151 1053 1303
f 1217 1191 1120
f 1068 1153 1202
f 1107 1096 1072
f 1193 1141 1107
f 1193 1107 1072
f 1072 1073 1167
f 1169 1167 1073
f 1166 1028 1168
f 1125 1194 1029
f 1125 1207 1194
f 1142 1207 1154
f 1253 1154 1207
f 1207 1209 1221
f 1127 1222 1155
f 1172 1335 1144
f 1109 1172 1144
f 1263 1158 1241
f 1184 1157 1211
f 1081 1241 1158
f 1084 1284 1244
f 1033 1215 1131
f 1215 1086 1216
f 1245 1112 1100
f 1132 1087 1173
f 1145 1113 1197
f 1113 1198 1197
f 1246 1103 1133
f 1232 1231 1105
f 1164 1069 1201
f 1191 1219 1120
f 1180 1120 1219
f 1181 1203 1182
f 1193 1072 1167
f 1097 1205 1125
f 1142 1206 1207
f 1143 1168 1126
f 1170 1282 1098
f 1208 1143 1171
f 1156 1078 1254
f 1158 1263 1171
f 1127 1210 1222
f 1159 1213 1265
f 1083 1284 1084
f 1131 1224 1130
f 1173 1087 1187
f 1245 1101 1145
f 1133 1132 1246
f 1103 1246 1259
f 1198 1161 1225
f 1259 1147 1103
f 1161 1135 1225
f 1134 1226 1146
f 1174 1162 1114
f 1146 1189 1148
f 1199 1148 1189
f 1199 1297 1176
f 1300 1136 1064
f 1150 1202 1149
f 1252 1181 1182
f 1108 1204 1205
f 1169 1206 1142
f 1205 1220 1125
f 1142 1029 1194
f 1170 1125 1282
f 1253 1254 1078
f 1209 1098 1282
f 1241 1185 1256
f 1185 1081 1275
f 1159 1265 1128
f 1242 1196 1283
f 1186 1223 1267
f 1226 1189 1146
f 1297 1190 1176
f 1116 1230 1299
f 1288 1137 1092
f 1217 1236 1234
f 1217 1179 1191
f 1151 1303 1427
f 1153 1039 1238
f 1181 1239 1138
f 1252 1239 1181
f 1166 1261 1203
f 1166 1168 1261
f 1193 1206 1169
f 1209 1282 1210
f 1282 1222 1210
f 1144 1212 1183
f 1291 1213 1255
f 1083 1243 1284
f 1223 1266 1267
f 1085 1316 1187
f 1147 1310 1188
f 1135 1026 1295
f 1146 1148 1174
f 1297 1199 1189
f 1228 1249 1278
f 1300 1064 1231
f 1233 1304 1201
f 1201 1304 1164
f 1271 1149 1202
f 1202 1153 1237
f 1218 1272 1151
f 1238 1039 1180
f 1194 1167 1169
f 1142 1194 1169
f 1206 1194 1207
f 1208 1289 1143
f 1253 1207 1221
f 1209 1210 1221
f 1208 1171 1263
f 1211 1156 1254
f 1183 1264 1211
f 1211 1264 1184
f 1184 1264 1255
f 1264 1183 1212
f 1265 1195 1128
f 1186 1244 1223
f 1224 1277 1130
f 1173 1258 1132
f 1174 1147 1162
f 1174 1148 1260
f 1162 1260 1148
f 1287 1249 1163
f 1163 1229 1287
f 1237 1271 1202
f 1164 1219 1191
f 1237 1153 1238
f 1138 1239 1236
f 1342 1239 1252
f 1182 1203 1273
f 1203 1252 1273
f 1289 1168 1143
f 1222 1172 1155
f 1210 1183 1262
f 1213 1344 1265
f 1195 1265 1276
f 1257 1283 1196
f 1196 1214 1257
f 1293 1214 1160
f 1294 1226 1134
f 1247 1189 1226
f 1259 1162 1147
f 1386 1135 1295
f 1247 1227 1189
f 1175 1286 1372
f 1228 1286 1175
f 1228 1278 1286
f 1278 1249 1287
f 1311 1177 1250
f 1163 1298 1229
f 1163 1270 1298
f 1288 1092 1331
f 1092 1179 1331
f 1179 1350 1331
f 1200 1301 1235
f 1182 1273 1240
f 1252 1203 1314
f 1261 1314 1203
f 1274 1205 1204
f 1206 1193 1167
f 1282 1125 1220
f 1289 1208 1263
f 1211 1262 1183
f 1263 1241 1363
f 1241 1256 1315
f 1291 1344 1213
f 1276 1129 1195
f 1266 1268 1267
f 1173 1187 1268
f 1132 1258 1246
f 1134 1188 1294
f 1269 1247 1310
f 1310 1147 1269
f 1296 1162 1259
f 1260 1269 1174
f 1189 1227 1297
f 1230 1137 1365
f 1251 1301 1178
f 1178 1301 1200
f 1179 1217 1350
f 1305 1180 1219
f 1305 1238 1180
f 1334 1238 1305
f 1240 1252 1182
f 1204 1165 1274
f 1206 1167 1194
f 1261 1168 1324
f 1324 1168 1289
f 1221 1210 1262
f 1335 1379 1144
f 1243 1129 1306
f 1112 1245 1216
f 1329 1246 1309
f 1294 1361 1226
f 1329 1259 1246
f 1259 1329 1188
f 1188 1310 1259
f 1135 1386 1225
f 1269 1147 1174
f 1269 1227 1247
f 1295 1175 1317
f 1297 1330 1190
f 1279 1278 1287
f 1312 1270 1177
f 1300 1231 1232
f 1232 1105 1136
f 1217 1234 1333
f 1234 1236 1313
f 1219 1164 1280
f 1218 1419 1272
f 1240 1273 1252
f 1205 1274 1220
f 1289 1263 1290
f 1221 1254 1253
f 1185 1275 1292
f 1275 1242 1325
f 1325 1242 1283
f 1293 1160 1277
f 1226 1188 1247
f 1269 1260 1227
f 1162 1296 1260
f 1317 1175 1372
f 1330 1320 1248
f 1235 1301 1303
f 1219 1322 1305
f 1192 1470 1165
f 1254 1221 1262
f 1254 1262 1211
f 1315 1363 1241
f 1144 1379 1360
f 1129 1276 1306
f 1307 1243 1306
f 1243 1307 1284
f 1277 1224 1468
f 1285 1267 1268
f 1347 1215 1216
f 1226 1328 1188
f 1198 1225 1197
f 1247 1188 1329
f 1530 1310 1247
f 1259 1310 1338
f 1227 1260 1297
f 1349 1250 1248
f 1311 1312 1177
f 1136 1300 1232
f 1333 1350 1217
f 1271 1251 1149
f 1271 1237 1302
f 1280 1164 1304
f 1322 1219 1280
f 1281 1323 1192
f 1324 1359 1261
f 1282 1368 1222
f 1264 1291 1255
f 1276 1265 1344
f 1292 1275 1325
f 1266 1223 1355
f 1266 1308 1268
f 1267 1285 1085
f 1285 1316 1085
f 1173 1268 1326
f 1173 1326 1258
f 1258 1326 1246
f 1197 1357 1145
f 1309 1246 1327
f 1328 1294 1188
f 1328 1226 1361
f 1338 1296 1259
f 1318 1260 1296
f 1318 1297 1260
f 1339 1270 1312
f 1365 1137 1288
f 1365 1288 1331
f 1302 1237 1280
f 1237 1238 1280
f 1236 1239 1313
f 1470 1274 1165
f 1314 1261 1359
f 1324 1289 1367
f 1290 1353 1289
f 1220 1368 1282
f 1263 1363 1343
f 1291 1264 1336
f 1336 1264 1212
f 1144 1360 1212
f 1355 1308 1266
f 1316 1268 1187
f 1131 1215 1224
f 1287 1229 1279
f 1340 1304 1233
f 1322 1280 1238
f 1342 1390 1239
f 1252 1314 1434
f 1284 1307 1346
f 1214 1293 1257
f 1285 1268 1337
f 1326 1268 1308
f 1245 1347 1216
f 1327 1246 1326
f 1329 1348 1247
f 1530 1338 1310
f 1330 1297 1318
f 1286 1319 1372
f 1299 1321 1233
f 1321 1340 1233
f 1234 1332 1333
f 1305 1322 1334
f 1238 1334 1322
f 1239 1390 1313
f 1342 1252 1434
f 1274 1479 1220
f 1222 1335 1172
f 1212 1369 1336
f 1360 1369 1212
f 1345 1336 1369
f 1256 1185 1292
f 1283 1393 1325
f 1346 1244 1284
f 1244 1354 1223
f 1354 1355 1223
f 1316 1337 1268
f 1357 1347 1245
f 1245 1145 1357
f 1530 1247 1348
f 1495 1278 1279
f 1230 1388 1299
f 1331 1332 1234
f 1331 1350 1332
f 1251 1425 1301
f 1313 1381 1234
f 1313 1352 1381
f 1272 1323 1281
f 1353 1367 1289
f 1290 1263 1343
f 1306 1276 1370
f 1307 1306 1364
f 1316 1285 1356
f 1337 1326 1308
f 1215 1347 1224
f 1309 1348 1329
f 1250 1349 1311
f 1373 1270 1339
f 1230 1365 1388
f 1365 1395 1388
f 1321 1299 1388
f 1234 1365 1331
f 1304 1340 1271
f 1271 1302 1304
f 1333 1358 1350
f 1351 1358 1333
f 1313 1390 1352
f 1324 1367 1359
f 1222 1368 1335
f 1344 1291 1336
f 1370 1385 1306
f 1364 1346 1307
f 1346 1354 1244
f 1468 1293 1277
f 1355 1354 1337
f 1308 1355 1337
f 1326 1405 1327
f 1327 1406 1309
f 1371 1294 1328
f 1229 1298 1279
f 1425 1418 1301
f 1303 1301 1418
f 1333 1332 1351
f 1304 1302 1280
f 1358 1351 1341
f 1415 1323 1272
f 1323 1470 1192
f 1490 1479 1274
f 1366 1359 1367
f 1353 1290 1343
f 1315 1256 1292
f 1276 1344 1382
f 1386 1295 1317
f 1270 1373 1298
f 1388 1396 1321
f 1271 1362 1251
f 1151 1427 1218
f 1413 1332 1350
f 1350 1358 1413
f 1366 1314 1359
f 1378 1367 1353
f 1487 1360 1379
f 1344 1336 1382
f 1345 1382 1336
f 1337 1354 1417
f 1356 1285 1337
f 1316 1326 1337
f 1309 1407 1348
f 1318 1454 1330
f 1248 1320 1349
f 1374 1234 1381
f 1351 1332 1413
f 1411 1352 1414
f 1314 1366 1391
f 1470 1490 1274
f 1367 1416 1366
f 1370 1276 1382
f 1382 1345 1370
f 1345 1402 1370
f 1325 1393 1384
f 1364 1306 1385
f 1257 1393 1283
f 1257 1293 1404
f 1356 1326 1316
f 1197 1537 1357
f 1371 1361 1294
f 1197 1225 1537
f 1320 1330 1454
f 1234 1374 1365
f 1341 1413 1358
f 1389 1413 1341
f 1352 1390 1414
f 1434 1314 1391
f 1353 1400 1378
f 1368 1452 1335
f 1369 1383 1345
f 1345 1383 1402
f 1370 1402 1385
f 1417 1354 1346
f 1337 1417 1356
f 1371 1407 1309
f 1386 1537 1225
f 1437 1386 1317
f 1318 1296 1472
f 1495 1286 1278
f 1320 1448 1349
f 1388 1395 1409
f 1395 1365 1396
f 1396 1365 1340
f 1340 1365 1375
f 1251 1362 1425
f 1303 1418 1427
f 1397 1375 1376
f 1352 1411 1381
f 1471 1434 1391
f 1378 1416 1367
f 1343 1400 1353
f 1257 1404 1393
f 1437 1317 1319
f 1319 1317 1372
f 1311 1349 1448
f 1298 1394 1279
f 1373 1394 1298
f 1388 1409 1396
f 1396 1340 1321
f 1365 1374 1375
f 1375 1374 1376
f 1381 1426 1374
f 1381 1450 1426
f 1351 1450 1381
f 1351 1412 1341
f 1341 1377 1389
f 1398 1377 1341
f 1272 1419 1415
f 1366 1416 1391
f 1399 1416 1378
f 1315 1292 1463
f 1327 1405 1565
f 1406 1371 1309
f 1371 1328 1407
f 1489 1495 1279
f 1311 1387 1312
f 1380 1218 1427
f 1413 1450 1351
f 1457 1381 1411
f 1218 1380 1419
f 1414 1390 1469
f 1420 1377 1398
f 1377 1420 1390
f 1419 1442 1415
f 1220 1576 1368
f 1378 1400 1422
f 1363 1423 1343
f 1360 1436 1369
f 1436 1383 1369
f 1463 1292 1384
f 1384 1292 1325
f 1401 1383 1392
f 1392 1402 1401
f 1453 1402 1392
f 1327 1565 1406
f 1338 1538 1296
f 1286 1495 1319
f 1279 1394 1489
f 1312 1387 1339
f 1373 1484 1394
f 1412 1351 1381
f 1411 1414 1412
f 1412 1398 1341
f 1469 1390 1420
f 1579 1490 1470
f 1486 1400 1343
f 1452 1379 1335
f 1402 1383 1401
f 1385 1402 1403
f 1385 1403 1364
f 1402 1453 1466
f 1393 1404 1424
f 1224 1481 1468
f 1493 1347 1357
f 1549 1357 1537
f 1407 1408 1348
f 1538 1472 1296
f 1395 1396 1409
f 1362 1271 1340
f 1427 1440 1380
f 1397 1376 1450
f 1414 1398 1412
f 1451 1389 1398
f 1398 1421 1420
f 1389 1377 1421
f 1377 1390 1421
f 1342 1433 1390
f 1443 1342 1434
f 1434 1478 1443
f 1378 1422 1399
f 1423 1363 1435
f 1363 1315 1435
f 1315 1463 1435
f 1436 1464 1383
f 1383 1464 1392
f 1384 1393 1424
f 1466 1403 1402
f 1346 1364 1403
f 1346 1403 1417
f 1417 1447 1356
f 1326 1356 1447
f 1425 1560 1418
f 1428 1381 1457
f 1451 1413 1389
f 1451 1398 1414
f 1398 1389 1421
f 1342 1443 1433
f 1415 1470 1323
f 1471 1391 1482
f 1444 1391 1416
f 1399 1444 1416
f 1436 1360 1487
f 1468 1404 1293
f 1347 1493 1224
f 1448 1387 1311
f 1339 1387 1373
f 1410 1449 1438
f 1374 1449 1410
f 1340 1375 1439
f 1374 1426 1455
f 1340 1439 1362
f 1427 1418 1456
f 1376 1441 1450
f 1375 1397 1439
f 1459 1412 1381
f 1429 1426 1450
f 1430 1426 1429
f 1450 1441 1429
f 1430 1429 1431
f 1432 1429 1441
f 1458 1429 1432
f 1450 1413 1451
f 1421 1433 1420
f 1421 1390 1433
f 1220 1479 1576
f 1492 1423 1435
f 1464 1445 1392
f 1453 1392 1445
f 1403 1466 1467
f 1417 1403 1467
f 1447 1417 1467
f 1405 1326 1447
f 1357 1549 1493
f 1448 1320 1454
f 1441 1374 1410
f 1449 1374 1455
f 1455 1428 1457
f 1381 1428 1459
f 1450 1439 1397
f 1431 1429 1461
f 1431 1461 1426
f 1426 1461 1428
f 1430 1441 1426
f 1458 1426 1441
f 1426 1458 1431
f 1432 1431 1458
f 1431 1432 1430
f 1441 1430 1432
f 1429 1458 1461
f 1458 1451 1461
f 1414 1469 1451
f 1477 1470 1415
f 1478 1434 1471
f 1486 1422 1400
f 1486 1343 1423
f 1435 1463 1475
f 1483 1445 1464
f 1446 1384 1424
f 1494 1437 1319
f 1472 1454 1318
f 1518 1373 1387
f 1438 1525 1410
f 1410 1497 1441
f 1374 1441 1376
f 1440 1427 1456
f 1426 1428 1455
f 1459 1428 1461
f 1440 1509 1380
f 1458 1462 1451
f 1461 1451 1469
f 1509 1419 1380
f 1451 1462 1450
f 1415 1442 1477
f 1486 1423 1492
f 1475 1492 1435
f 1328 1361 1407
f 1537 1386 1437
f 1495 1494 1319
f 1559 1425 1362
f 1362 1439 1540
f 1457 1411 1460
f 1412 1460 1461
f 1459 1461 1460
f 1459 1457 1412
f 1460 1412 1457
f 1461 1411 1412
f 1461 1469 1411
f 1474 1419 1509
f 1474 1442 1419
f 1433 1443 1478
f 1482 1391 1444
f 1424 1404 1557
f 1467 1466 1465
f 1565 1548 1406
f 1506 1371 1406
f 1361 1371 1507
f 1496 1387 1448
f 1473 1438 1449
f 1425 1559 1560
f 1455 1457 1515
f 1462 1439 1450
f 1441 1462 1458
f 1457 1459 1515
f 1460 1515 1459
f 1460 1469 1515
f 1469 1460 1411
f 1444 1399 1422
f 1379 1501 1487
f 1445 1555 1453
f 1447 1480 1405
f 1518 1484 1373
f 1525 1497 1410
f 1456 1418 1560
f 1637 1559 1362
f 1515 1469 1498
f 1469 1420 1476
f 1422 1491 1444
f 1466 1505 1465
f 1454 1604 1448
f 1448 1597 1496
f 1552 1489 1394
f 1469 1476 1498
f 1499 1476 1420
f 1420 1433 1499
f 1477 1442 1592
f 1477 1579 1470
f 1444 1485 1482
f 1452 1501 1379
f 1492 1475 1517
f 1504 1384 1446
f 1506 1507 1371
f 1408 1407 1361
f 1604 1597 1448
f 1551 1518 1387
f 1449 1455 1473
f 1362 1540 1637
f 1497 1520 1441
f 1441 1520 1462
f 1433 1478 1529
f 1482 1485 1471
f 1485 1444 1491
f 1422 1486 1513
f 1475 1463 1502
f 1384 1504 1463
f 1503 1555 1445
f 1453 1505 1466
f 1505 1556 1465
f 1446 1424 1557
f 1493 1481 1224
f 1506 1406 1548
f 1507 1408 1361
f 1551 1387 1496
f 1438 1473 1525
f 1534 1560 1559
f 1473 1455 1535
f 1462 1520 1439
f 1433 1529 1499
f 1471 1500 1478
f 1487 1483 1436
f 1483 1464 1436
f 1453 1555 1505
f 1465 1522 1467
f 1522 1447 1467
f 1522 1480 1447
f 1710 1537 1437
f 1484 1518 1552
f 1588 1439 1520
f 1498 1520 1515
f 1520 1498 1511
f 1545 1529 1478
f 1471 1485 1500
f 1368 1576 1452
f 1486 1492 1513
f 1503 1445 1554
f 1556 1522 1465
f 1537 1523 1549
f 1338 1530 1488
f 1338 1488 1538
f 1538 1558 1472
f 1472 1558 1454
f 1478 1500 1545
f 1422 1513 1491
f 1577 1501 1452
f 1492 1547 1513
f 1483 1487 1594
f 1554 1445 1483
f 1463 1504 1502
f 1454 1558 1604
f 1496 1597 1605
f 1526 1455 1515
f 1542 1474 1509
f 1521 1516 1510
f 1498 1510 1516
f 1498 1516 1511
f 1510 1498 1512
f 1498 1476 1512
f 1501 1594 1487
f 1475 1502 1517
f 1548 1627 1506
f 1506 1514 1507
f 1507 1514 1408
f 1496 1531 1551
f 1484 1552 1394
f 1539 1456 1560
f 1526 1535 1455
f 1510 1519 1508
f 1508 1526 1510
f 1510 1536 1519
f 1510 1526 1562
f 1521 1510 1562
f 1511 1516 1569
f 1512 1476 1528
f 1476 1499 1528
f 1442 1543 1592
f 1479 1658 1576
f 1492 1517 1547
f 1405 1666 1565
f 1468 1481 1404
f 1348 1408 1524
f 1348 1524 1530
f 1496 1605 1531
f 1551 1622 1518
f 1525 1473 1533
f 1525 1533 1497
f 1532 1534 1559
f 1508 1519 1526
f 1540 1439 1588
f 1515 1562 1526
f 1520 1511 1562
f 1510 1512 1536
f 1536 1512 1521
f 1512 1516 1521
f 1592 1579 1477
f 1491 1513 1580
f 1483 1594 1554
f 1564 1502 1504
f 1538 1583 1558
f 1518 1622 1552
f 1559 1637 1587
f 1440 1456 1539
f 1568 1497 1566
f 1568 1520 1497
f 1520 1568 1515
f 1515 1568 1562
f 1509 1527 1542
f 1512 1563 1516
f 1563 1569 1516
f 1511 1569 1541
f 1512 1528 1563
f 1499 1544 1528
f 1479 1490 1658
f 1501 1577 1594
f 1506 1627 1617
f 1524 1408 1514
f 1550 1495 1489
f 1527 1509 1440
f 1562 1511 1521
f 1536 1521 1563
f 1521 1569 1563
f 1442 1474 1543
f 1485 1491 1602
f 1546 1580 1513
f 1517 1502 1547
f 1504 1446 1564
f 1506 1617 1514
f 1494 1495 1550
f 1489 1552 1550
f 1497 1533 1566
f 1519 1573 1526
f 1519 1536 1573
f 1588 1520 1562
f 1541 1569 1521
f 1528 1544 1563
f 1529 1544 1499
f 1545 1500 1553
f 1490 1655 1658
f 1491 1580 1602
f 1513 1547 1546
f 1547 1502 1595
f 1555 1581 1505
f 1446 1557 1613
f 1586 1493 1549
f 1530 1618 1488
f 1710 1437 1782
f 1552 1621 1550
f 1511 1541 1521
f 1543 1652 1592
f 1500 1485 1575
f 1485 1602 1575
f 1595 1585 1547
f 1571 1503 1554
f 1503 1571 1555
f 1502 1564 1626
f 1446 1613 1564
f 1556 1612 1522
f 1523 1537 1710
f 1530 1524 1618
f 1618 1619 1488
f 1473 1535 1533
f 1578 1560 1584
f 1539 1560 1578
f 1535 1526 1561
f 1540 1567 1637
f 1545 1570 1529
f 1452 1576 1577
f 1502 1626 1595
f 1493 1586 1481
f 1584 1560 1532
f 1559 1587 1532
f 1561 1526 1574
f 1540 1588 1567
f 1542 1611 1474
f 1570 1544 1529
f 1500 1575 1553
f 1579 1655 1490
f 1655 1656 1658
f 1546 1547 1580
f 1577 1688 1594
f 1603 1514 1617
f 1524 1514 1572
f 1622 1621 1552
f 1532 1560 1534
f 1533 1535 1606
f 1535 1561 1606
f 1440 1539 1527
f 1599 1561 1573
f 1574 1573 1561
f 1589 1526 1573
f 1574 1526 1589
f 1588 1562 1568
f 1542 1527 1630
f 1570 1545 1607
f 1545 1553 1607
f 1576 1608 1577
f 1547 1585 1580
f 1557 1404 1667
f 1565 1666 1548
f 1404 1481 1667
f 1523 1596 1549
f 1524 1663 1618
f 1618 1634 1619
f 1782 1437 1494
f 1558 1647 1604
f 1536 1665 1573
f 1573 1665 1599
f 1599 1598 1574
f 1573 1574 1598
f 1573 1598 1589
f 1574 1589 1599
f 1570 1600 1544
f 1575 1593 1553
f 1631 1554 1594
f 1626 1660 1595
f 1505 1612 1556
f 1612 1661 1522
f 1405 1480 1666
f 1548 1632 1702
f 1514 1603 1572
f 1558 1582 1647
f 1665 1598 1599
f 1542 1630 1611
f 1591 1563 1544
f 1543 1474 1611
f 1607 1553 1644
f 1480 1522 1661
f 1548 1702 1627
f 1586 1549 1596
f 1597 1620 1605
f 1531 1680 1551
f 1551 1680 1622
f 1606 1566 1533
f 1536 1563 1590
f 1575 1602 1593
f 1660 1585 1595
f 1666 1480 1716
f 1557 1667 1613
f 1666 1632 1548
f 1488 1619 1676
f 1583 1582 1558
f 1567 1614 1637
f 1589 1616 1599
f 1591 1590 1563
f 1579 1592 1601
f 1601 1655 1579
f 1580 1625 1602
f 1524 1572 1663
f 1488 1676 1538
f 1646 1647 1582
f 1621 1609 1550
f 1584 1532 1587
f 1568 1566 1615
f 1539 1697 1527
f 1561 1599 1642
f 1672 1567 1588
f 1527 1697 1630
f 1599 1588 1642
f 1588 1599 1616
f 1553 1593 1644
f 1657 1593 1602
f 1625 1580 1585
f 1585 1660 1659
f 1571 1554 1631
f 1581 1555 1571
f 1613 1626 1564
f 1666 1716 1707
f 1667 1481 1586
f 1572 1633 1663
f 1618 1663 1628
f 1646 1582 1619
f 1538 1676 1583
f 1647 1677 1604
f 1597 1604 1620
f 1539 1578 1697
f 1598 1665 1642
f 1567 1672 1614
f 1588 1610 1642
f 1588 1568 1610
f 1588 1616 1672
f 1616 1598 1642
f 1591 1544 1643
f 1544 1600 1643
f 1657 1645 1593
f 1625 1585 1659
f 1618 1628 1668
f 1619 1582 1664
f 1582 1583 1677
f 1679 1494 1550
f 1605 1680 1531
f 1623 1566 1606
f 1584 1587 1635
f 1649 1606 1561
f 1636 1587 1637
f 1615 1610 1568
f 1665 1536 1624
f 1561 1642 1665
f 1598 1616 1589
f 1601 1592 1723
f 1601 1723 1654
f 1601 1654 1655
f 1661 1716 1480
f 1733 1632 1666
f 1627 1708 1617
f 1754 1494 1679
f 1604 1677 1620
f 1606 1649 1623
f 1578 1584 1635
f 1635 1629 1578
f 1624 1536 1590
f 1624 1642 1610
f 1590 1591 1643
f 1785 1611 1630
f 1602 1706 1657
f 1688 1631 1594
f 1613 1667 1689
f 1633 1753 1663
f 1646 1619 1634
f 1664 1676 1619
f 1676 1669 1583
f 1648 1622 1680
f 1650 1624 1610
f 1592 1652 1723
f 1706 1602 1625
f 1626 1613 1689
f 1627 1702 1708
f 1753 1662 1663
f 1668 1628 1767
f 1668 1634 1618
f 1582 1677 1664
f 1664 1677 1647
f 1583 1669 1677
f 1677 1693 1620
f 1566 1623 1682
f 1665 1691 1561
f 1566 1682 1615
f 1587 1636 1681
f 1561 1691 1624
f 1561 1624 1638
f 1624 1650 1638
f 1610 1638 1639
f 1649 1639 1638
f 1639 1649 1615
f 1561 1615 1649
f 1615 1561 1610
f 1638 1610 1561
f 1610 1640 1650
f 1610 1641 1640
f 1610 1639 1641
f 1615 1641 1639
f 1704 1624 1590
f 1704 1642 1624
f 1616 1642 1704
f 1699 1704 1590
f 1543 1611 1730
f 1570 1653 1600
f 1570 1607 1685
f 1607 1644 1685
f 1593 1645 1644
f 1655 1758 1656
f 1658 1687 1576
f 1608 1576 1687
f 1494 1754 1782
f 1679 1550 1609
f 1622 1648 1621
f 1715 1629 1635
f 1670 1682 1614
f 1636 1637 1614
f 1638 1650 1684
f 1640 1684 1670
f 1649 1670 1684
f 1670 1649 1641
f 1638 1641 1649
f 1641 1638 1640
f 1684 1640 1638
f 1641 1615 1670
f 1684 1650 1671
f 1640 1670 1650
f 1670 1614 1672
f 1673 1616 1704
f 1651 1699 1590
f 1590 1643 1651
f 1643 1674 1651
f 1643 1600 1674
f 1739 1505 1581
f 1505 1739 1612
f 1707 1733 1666
f 1572 1703 1633
f 1646 1664 1647
f 1678 1754 1679
f 1635 1587 1681
f 1691 1665 1694
f 1697 1578 1696
f 1624 1691 1683
f 1615 1682 1670
f 1578 1629 1696
f 1670 1671 1650
f 1671 1672 1616
f 1698 1616 1673
f 1543 1730 1652
f 1685 1653 1570
f 1644 1645 1675
f 1657 1706 1686
f 1719 1577 1608
f 1667 1586 1766
f 1766 1586 1771
f 1596 1523 1690
f 1694 1665 1624
f 1671 1616 1698
f 1651 1700 1699
f 1730 1611 1785
f 1653 1674 1600
f 1686 1645 1657
f 1658 1656 1687
f 1774 1680 1605
f 1812 1621 1648
f 1623 1727 1682
f 1694 1624 1683
f 1696 1736 1697
f 1629 1715 1696
f 1670 1672 1671
f 1630 1697 1785
f 1625 1712 1706
f 1719 1688 1577
f 1625 1659 1712
f 1631 1688 1768
f 1586 1596 1771
f 1603 1703 1572
f 1633 1740 1753
f 1523 1710 1801
f 1634 1668 1734
f 1664 1717 1676
f 1669 1676 1725
f 1635 1681 1713
f 1623 1649 1714
f 1614 1682 1636
f 1684 1714 1649
f 1699 1700 1711
f 1718 1651 1674
f 1685 1705 1653
f 1675 1685 1644
f 1719 1608 1687
f 1571 1739 1581
f 1660 1626 1692
f 1689 1667 1766
f 1690 1523 1801
f 1663 1662 1628
f 1628 1709 1767
f 1717 1677 1669
f 1620 1693 1726
f 1735 1620 1726
f 1620 1774 1605
f 1609 1621 1812
f 1680 1774 1648
f 1714 1727 1623
f 1691 1695 1683
f 1794 1697 1736
f 1671 1698 1684
f 1698 1673 1704
f 1701 1655 1654
f 1645 1686 1675
f 1659 1720 1712
f 1631 1739 1571
f 1689 1692 1626
f 1603 1617 1703
f 1717 1693 1677
f 1620 1735 1774
f 1635 1713 1715
f 1694 1721 1691
f 1721 1695 1691
f 1783 1682 1727
f 1714 1728 1727
f 1695 1684 1683
f 1698 1729 1684
f 1704 1699 1711
f 1674 1653 1705
f 1759 1731 1686
f 1768 1688 1719
f 1769 1612 1739
f 1692 1689 1732
f 1716 1787 1707
f 1628 1662 1709
f 1634 1734 1646
f 1668 1767 1773
f 1695 1714 1684
f 1711 1698 1704
f 1718 1700 1651
f 1701 1654 1723
f 1685 1675 1705
f 1758 1655 1701
f 1686 1706 1759
f 1752 1768 1719
f 1659 1660 1720
f 1612 1769 1661
f 1633 1827 1740
f 1646 1717 1664
f 1717 1725 1676
f 1812 1829 1609
f 1694 1683 1761
f 1711 1700 1718
f 1730 1797 1652
f 1674 1748 1718
f 1674 1705 1748
f 1751 1719 1687
f 1712 1759 1706
f 1712 1720 1738
f 1631 1786 1739
f 1692 1720 1660
f 1708 1772 1703
f 1703 1617 1708
f 1633 1703 1827
f 1668 1773 1734
f 1669 1725 1717
f 1741 1726 1693
f 1721 1694 1761
f 1744 1713 1681
f 1722 1728 1714
f 1722 1714 1695
f 1683 1684 1745
f 1705 1675 1724
f 1675 1731 1724
f 1675 1686 1731
f 1656 1758 1687
f 1712 1738 1759
f 1708 1702 1760
f 1753 1793 1662
f 1734 1717 1646
f 1828 1693 1717
f 1744 1681 1636
f 1682 1783 1636
f 1761 1683 1745
f 1745 1684 1729
f 1698 1711 1747
f 1711 1718 1747
f 1718 1737 1747
f 1705 1724 1764
f 1751 1687 1799
f 1702 1632 1760
f 1774 1812 1648
f 1636 1783 1744
f 1722 1695 1776
f 1729 1698 1747
f 1797 1723 1652
f 1732 1770 1720
f 1720 1692 1732
f 1716 1661 1787
f 1689 1766 1732
f 1708 1760 1772
f 1773 1871 1734
f 1741 1742 1726
f 1609 1829 1679
f 1721 1776 1695
f 1728 1722 1807
f 1776 1763 1722
f 1746 1745 1729
f 1718 1748 1737
f 1764 1780 1705
f 1758 1701 1810
f 1687 1758 1799
f 1768 1786 1631
f 1720 1770 1738
f 1596 1789 1771
f 1717 1734 1871
f 1741 1693 1828
f 1754 1678 1743
f 1756 1715 1713
f 1696 1715 1762
f 1755 1777 1791
f 1730 1757 1797
f 1764 1724 1750
f 1632 1733 1788
f 1827 1703 1772
f 1744 1783 1756
f 1715 1756 1762
f 1729 1747 1746
f 1785 1697 1942
f 1748 1749 1737
f 1705 1780 1748
f 1724 1731 1765
f 1731 1759 1765
f 1759 1738 1800
f 1751 1752 1719
f 1824 1707 1787
f 1710 1782 1801
f 1717 1871 1828
f 1726 1856 1735
f 1727 1728 1783
f 1756 1783 1804
f 1736 1696 1790
f 1761 1776 1721
f 1816 1777 1755
f 1808 1722 1763
f 1765 1750 1724
f 1733 1836 1788
f 1789 1596 1852
f 1596 1690 1852
f 1782 1754 1743
f 1873 1735 1856
f 1873 1774 1735
f 1713 1790 1756
f 1696 1762 1790
f 1778 1783 1728
f 1791 1777 1818
f 1814 1746 1747
f 1747 1819 1814
f 1810 1701 1861
f 1781 1661 1769
f 1787 1661 1781
f 1732 1766 1792
f 1857 1794 1736
f 1762 1756 1779
f 1745 1746 1776
f 1807 1722 1808
f 1737 1819 1747
f 1819 1737 1815
f 1796 1815 1737
f 1757 1730 1885
f 1748 1780 1749
f 1723 1821 1701
f 1750 1822 1764
f 1810 1799 1758
f 1759 1798 1765
f 1752 1786 1768
f 1738 1770 1843
f 1823 1769 1739
f 1733 1707 1836
f 1792 1766 1771
f 1760 1632 1788
f 1740 1793 1753
f 1767 1709 1854
f 1767 1854 1773
f 1776 1761 1745
f 1779 1778 1795
f 1795 1784 1779
f 1814 1776 1746
f 1799 1810 1862
f 1751 1863 1752
f 1811 1770 1732
f 1811 1732 1792
f 1829 1812 1806
f 1756 1790 1744
f 1807 1803 1728
f 1783 1778 1804
f 1804 1779 1756
f 1803 1778 1728
f 1804 1778 1779
f 1814 1763 1776
f 1697 1916 1942
f 1785 1885 1730
f 1737 1749 1820
f 1797 1821 1723
f 1831 1780 1764
f 1750 1765 1822
f 1800 1832 1759
f 1843 1770 1834
f 1786 1823 1739
f 1771 1892 1792
f 1709 1793 1740
f 1709 1845 1854
f 1782 1802 1801
f 1726 1742 1856
f 1713 1744 1897
f 1790 1897 1744
f 1713 1775 1790
f 1790 1762 1897
f 1755 1791 1816
f 1791 1818 1816
f 1821 1861 1701
f 1751 1799 1863
f 1800 1738 1843
f 1811 1834 1770
f 1824 1836 1707
f 1760 1826 1772
f 1782 1743 1802
f 1830 1774 1873
f 1775 1713 1897
f 1775 1838 1790
f 1736 1790 1838
f 1796 1737 1849
f 1749 1780 1820
f 1765 1798 1842
f 1759 1832 1798
f 1844 1824 1787
f 1789 1852 1945
f 1805 1871 1773
f 1678 1679 1829
f 1774 1830 1812
f 1736 1838 1857
f 1813 1807 1808
f 1778 1848 1795
f 1808 1763 1814
f 1815 1796 1809
f 1796 1849 1809
f 1849 1737 1820
f 1844 1787 1781
f 1788 1826 1760
f 1740 1845 1709
f 1709 1846 1793
f 1793 1871 1662
f 1847 1741 1828
f 1847 1742 1741
f 1803 1807 1839
f 1779 1874 1762
f 1784 1795 1859
f 1833 1800 1843
f 1887 1786 1752
f 1823 1786 1887
f 1836 1825 1788
f 1772 1826 1827
f 1902 1690 1801
f 1709 1662 1871
f 1871 1846 1709
f 1854 1805 1773
f 1742 1872 1856
f 1841 1816 1837
f 1841 1777 1816
f 1897 1762 1874
f 1848 1778 1803
f 1817 1807 1813
f 1818 1777 1841
f 1779 1784 1874
f 1841 1814 1818
f 1808 1814 1841
f 1841 1884 1808
f 1809 1849 1815
f 1757 1821 1797
f 1820 1780 1831
f 1764 1822 1831
f 1863 1886 1752
f 1824 1844 1946
f 1870 1801 1924
f 1871 1805 1846
f 1801 1802 1924
f 1855 1828 1871
f 1812 1830 1806
f 1839 1807 1840
f 1839 1848 1803
f 1848 1859 1795
f 1808 1858 1813
f 1819 1875 1814
f 1819 1815 1928
f 1785 1942 1885
f 1849 1820 1877
f 1757 1943 1821
f 1765 1842 1850
f 1842 1798 1832
f 1799 1918 1863
f 1800 1833 1832
f 1811 1792 1900
f 1892 1771 1789
f 1835 1879 1891
f 1852 1690 1902
f 1870 1902 1801
f 1845 1740 1853
f 1793 1846 1911
f 1911 1871 1793
f 1846 1805 1855
f 1854 1855 1805
f 1855 1847 1828
f 1807 1817 1840
f 1814 1875 1818
f 1858 1808 1884
f 1822 1765 1878
f 1862 1810 1861
f 1850 1842 1832
f 1823 1781 1769
f 1781 1889 1844
f 1844 1889 1879
f 1844 1879 1835
f 1788 1825 1826
f 1902 1882 1852
f 1827 1853 1740
f 1847 1855 1854
f 1829 1743 1678
f 1857 1838 1883
f 1839 1840 1914
f 1794 1857 1949
f 1860 1884 1841
f 1928 1875 1819
f 1928 1815 1849
f 1877 1820 1899
f 1831 1822 1878
f 1821 1993 1861
f 1765 1850 1878
f 1887 1752 1886
f 1957 1843 1834
f 1811 1900 1834
f 1930 1864 1920
f 1864 1851 1920
f 2027 1851 1864
f 1825 1868 1826
f 1868 1865 1826
f 1826 1865 1903
f 1945 1852 1893
f 1826 1903 1881
f 1827 1826 1881
f 1853 1827 1881
f 1911 1846 1845
f 1845 1935 1854
f 1837 1816 1913
f 1841 1837 1926
f 1794 1916 1697
f 1841 1926 1860
f 1839 1813 1848
f 1849 1876 1928
f 1876 1849 1877
f 1918 1799 1862
f 1781 1823 1908
f 1781 1908 1889
f 1960 1792 1892
f 1921 1894 1890
f 1923 1825 1836
f 1890 1866 1867
f 1866 1890 1825
f 1825 1890 1868
f 1880 1868 1890
f 1835 1891 1901
f 1825 1865 1866
f 1868 1866 1865
f 1867 1866 1880
f 1866 1868 1880
f 1880 1890 1881
f 1845 1846 1855
f 1911 1896 1871
f 1871 1896 1855
f 1854 1925 1847
f 1933 1742 1847
f 1897 1838 1775
f 1838 1897 1883
f 1816 1818 1913
f 1883 1874 1950
f 1858 1848 1813
f 1859 1848 1858
f 1859 1858 1905
f 1757 1885 1943
f 1820 1831 1899
f 1832 1944 1850
f 1843 1957 1833
f 1930 1920 1907
f 1824 1946 1836
f 1825 1923 1880
f 1835 1869 1844
f 1867 1909 1890
f 1880 1909 1825
f 1867 1825 1909
f 1825 1867 1865
f 1880 1923 1865
f 1865 1867 1880
f 1894 1881 1890
f 1923 1903 1865
f 1893 1852 1882
f 1853 1911 1845
f 1845 1895 1935
f 1855 1896 2136
f 1912 1743 1829
f 1904 1830 1873
f 1883 1897 1874
f 1883 1915 1857
f 1926 1937 1860
f 1938 1884 1817
f 1817 1813 1938
f 1913 1818 1875
f 1874 1784 1950
f 1863 1906 1886
f 1920 1919 1907
f 1864 1930 1888
f 1920 1851 1921
f 1864 1888 2027
f 1931 1894 1921
f 1946 1923 1836
f 1901 1891 1945
f 1880 1881 1903
f 1901 1869 1835
f 1894 1853 1881
f 1882 1910 1893
f 1895 1845 2136
f 1845 1855 2136
f 1925 1933 1847
f 1829 1806 1912
f 1806 1904 1912
f 1830 1904 1806
f 1884 2005 1817
f 1938 1952 1884
f 1883 1950 1985
f 1884 1952 1858
f 1859 1905 1927
f 1898 1876 1877
f 1899 1898 1877
f 1886 1995 1887
f 1887 1995 1823
f 1900 1792 1960
f 1920 1921 1890
f 1890 1909 1920
f 1908 1879 1889
f 1891 1879 1908
f 1909 1880 1903
f 1901 1945 1893
f 1910 1901 1893
f 1910 1882 1902
f 1802 1743 1912
f 1872 1904 1856
f 1856 1904 1873
f 1840 1817 2005
f 1859 1950 1784
f 1985 1915 1883
f 1943 1885 1929
f 1861 1993 1862
f 1850 1994 1878
f 1957 1980 1833
f 1907 1934 1930
f 1995 1908 1823
f 1922 1894 1931
f 1922 1976 1894
f 1945 1891 2064
f 1894 1998 1853
f 1902 1963 1910
f 1895 1903 1935
f 1854 1935 1925
f 1912 1924 1802
f 1933 1872 1742
f 1913 1926 1837
f 1949 1916 1794
f 1813 1839 1938
f 1971 1950 1859
f 1952 1905 1858
f 1965 1884 1860
f 1860 1937 1965
f 1956 1928 1876
f 1898 1956 1876
f 1994 1850 1944
f 1892 1789 1945
f 1844 1869 1946
f 1947 1869 1901
f 1998 2015 1853
f 1923 1935 1903
f 1903 1895 2037
f 2037 1895 2136
f 1911 1982 1896
f 1948 1912 1904
f 1949 1857 1915
f 2005 1884 1965
f 1942 1916 1986
f 1905 1917 1940
f 1941 1940 1917
f 1966 1967 1917
f 1917 1967 1941
f 1878 2046 1831
f 1862 1993 1918
f 1918 1906 1863
f 1959 1907 1919
f 1900 1957 1834
f 2063 1851 2027
f 1920 1909 1962
f 1869 1947 1932
f 1901 1910 1947
f 2015 1911 1853
f 1948 1904 1872
f 1913 1936 1926
f 1936 1937 1926
f 1952 1973 1905
f 1973 1917 1905
f 1821 1943 1993
f 1878 1968 2046
f 1878 1994 1968
f 1832 1833 1944
f 1959 1934 1907
f 1921 1851 1931
f 1891 1908 2036
f 1962 1909 1903
f 1894 1976 1998
f 1869 1932 1946
f 1923 1946 1935
f 1896 2065 2136
f 1933 1948 1872
f 1916 1951 1986
f 1859 1927 2024
f 1985 1979 1915
f 2000 1875 2017
f 1966 1917 1955
f 1898 1990 2026
f 1898 1899 1990
f 1886 1906 1995
f 1888 1930 2035
f 1892 2101 1960
f 2022 1922 1931
f 1945 1961 1892
f 1935 1946 1932
f 1998 2089 2015
f 1910 1963 1958
f 1911 2015 1982
f 1963 1902 1870
f 1924 1964 1870
f 1925 1981 1933
f 1938 1839 1914
f 1913 1875 1936
f 1949 1951 1916
f 1936 1875 2000
f 1950 1971 1939
f 1952 1972 1954
f 1950 1939 1985
f 1954 1972 1953
f 1985 1939 2008
f 1973 2001 1917
f 1875 1928 1988
f 1967 1966 2012
f 1898 2026 1956
f 1831 2021 1899
f 1943 1992 1993
f 2064 1891 2036
f 1935 1969 1981
f 1870 1964 1963
f 1981 1925 1935
f 1948 1970 1912
f 1949 1915 1951
f 1952 1954 1973
f 1975 1978 1954
f 1905 1940 1927
f 1954 1953 1975
f 1953 1955 1975
f 2017 1875 1988
f 1956 2026 1928
f 1934 2035 1930
f 1960 1997 1900
f 1947 1910 1958
f 1932 1947 1969
f 1932 1969 1935
f 1982 2015 1977
f 1970 1964 1924
f 1970 1924 1912
f 1981 1970 1933
f 1933 1970 1948
f 1937 2016 1965
f 1979 1951 1915
f 1954 1978 1973
f 1985 2008 2041
f 1927 1940 1987
f 1953 1974 1955
f 1917 1975 1955
f 1942 1989 1885
f 2032 1940 1941
f 1941 2012 2032
f 2012 1941 1967
f 1989 1929 1885
f 1944 1833 1980
f 1957 1900 1996
f 1947 1958 1969
f 1969 1958 1963
f 1969 1963 1964
f 1981 1969 1964
f 1981 1964 1970
f 1840 1983 1914
f 1983 1938 1914
f 2005 1965 1999
f 1972 1978 1953
f 1953 1978 1974
f 1975 1917 2011
f 1955 1974 2011
f 1917 2001 2011
f 1986 1989 1942
f 1988 1928 2026
f 1990 1899 2021
f 1943 1929 1992
f 1980 1994 1944
f 1931 2048 2022
f 1937 1936 2016
f 1840 2005 1983
f 1984 1973 1972
f 1972 1973 1978
f 1965 2000 2017
f 1927 2053 2024
f 2040 1979 1985
f 1973 1984 2001
f 2041 2056 1985
f 2002 2018 2017
f 1975 2011 1974
f 1988 2002 2017
f 1955 2058 1966
f 1990 2020 2026
f 1929 1989 2093
f 1990 2021 2013
f 2021 1831 1991
f 1831 2046 1991
f 2034 1906 1918
f 2079 2035 1934
f 1908 1995 2004
f 1908 2004 2036
f 2101 1892 1961
f 1945 2064 1961
f 1998 2088 2089
f 2028 1952 1938
f 2028 2005 1999
f 1972 2028 1999
f 1952 2028 1972
f 2000 2068 1936
f 1999 1984 1972
f 1965 2016 2000
f 1859 2024 1971
f 1971 2006 1939
f 1951 2025 1986
f 1974 1978 1975
f 1927 2041 2008
f 1940 2032 2010
f 1929 2126 1992
f 1996 1900 1997
f 1976 2088 1998
f 1965 2017 1999
f 2018 2038 2017
f 1987 2041 1927
f 2031 2041 1987
f 1940 2010 1987
f 2010 2042 2001
f 1987 2009 2031
f 2009 2010 2032
f 2032 2031 2009
f 1990 2013 2020
f 1992 2071 1993
f 2071 2078 1993
f 1994 1980 2014
f 1980 1957 2014
f 1959 2079 1934
f 1919 1920 2256
f 1983 2028 1938
f 2067 1984 1999
f 1984 2067 2029
f 2008 1939 2006
f 1951 1979 2025
f 2008 2053 1927
f 2056 2040 1985
f 2019 2010 2001
f 2019 1987 2010
f 2001 2042 2011
f 2012 1966 2058
f 2046 1968 2047
f 1957 1996 2014
f 1982 2065 1896
f 2016 1936 2072
f 1983 2005 2066
f 2024 2055 1971
f 2068 2000 2007
f 2017 2038 1999
f 2024 2053 2029
f 1984 2019 2001
f 2009 1987 2019
f 2009 2019 2042
f 2042 2010 2009
f 2020 2013 2045
f 1918 1993 2034
f 2061 1968 1994
f 1906 2095 1995
f 1851 2063 1931
f 2101 1997 1960
f 2015 2049 1977
f 2005 2028 2051
f 2067 2028 1983
f 2050 2072 1936
f 2016 2038 2000
f 2007 2000 2038
f 2067 1999 2038
f 2025 1979 2030
f 2053 1984 2029
f 2019 1984 2053
f 1955 2011 2058
f 1988 2026 2054
f 2020 2033 2026
f 1992 2126 2071
f 2027 2167 2063
f 1922 2212 1976
f 2212 2088 1976
f 2049 2015 2089
f 2005 2051 2066
f 1936 2068 2050
f 2067 2051 2028
f 2055 2006 1971
f 2023 2024 2029
f 2038 2039 2007
f 2039 2038 2018
f 2018 2002 2057
f 2032 2012 2109
f 2026 2033 2054
f 2060 2045 2013
f 2060 2021 1991
f 1920 1962 2256
f 2136 2065 2202
f 2066 2090 1983
f 2016 2072 2051
f 2016 2051 2038
f 1979 2040 2030
f 2039 2018 2057
f 2042 2058 2011
f 2070 2012 2058
f 1988 2077 2002
f 2077 1988 2054
f 2044 2045 2043
f 2033 2020 2045
f 1929 2093 2126
f 2013 2021 2060
f 2060 1991 2094
f 2126 2153 2071
f 2046 2047 2094
f 1994 2014 2061
f 1906 2034 2095
f 1959 1919 2210
f 2063 2048 1931
f 2037 2136 2202
f 2050 2068 2080
f 2051 2067 2038
f 2023 2103 2024
f 2068 2007 2052
f 2039 2052 2007
f 2039 2073 2052
f 2031 2032 2109
f 2002 2077 2057
f 2076 2093 1989
f 2044 2059 2045
f 2059 2033 2045
f 2094 1991 2046
f 1962 1903 2037
f 2068 2081 2080
f 2084 2052 2098
f 2084 2098 2074
f 2098 2069 2074
f 2057 2073 2039
f 2025 2030 1986
f 2070 2110 2012
f 2054 2044 2077
f 2054 2100 2044
f 2044 2100 2059
f 2045 2060 2087
f 1993 2078 2034
f 1968 2061 2047
f 2048 2063 2298
f 1983 2090 2067
f 2083 2050 2080
f 2068 2052 2081
f 2057 2075 2073
f 2042 2131 2058
f 2109 2012 2110
f 2086 2070 2058
f 2044 2092 2077
f 2044 2043 2092
f 2033 2100 2054
f 2111 2100 2033
f 2100 2043 2059
f 2033 2059 2111
f 2059 2043 2111
f 2111 2043 2045
f 2142 2047 2061
f 2034 2078 2095
f 2061 2014 2127
f 2014 2062 2127
f 2095 2004 1995
f 2144 2065 1982
f 2066 2051 2090
f 2051 2081 2090
f 2072 2080 2081
f 2081 2051 2072
f 2067 2090 2081
f 2115 2103 2023
f 2067 2081 2029
f 2029 2081 2082
f 2023 2029 2115
f 2029 2082 2115
f 2084 2081 2052
f 2074 2169 2084
f 2075 2118 2073
f 2019 2215 2042
f 2085 2075 2057
f 2091 1986 2030
f 2041 2031 2056
f 1986 2091 1989
f 2031 2109 2056
f 2057 2077 2085
f 2045 2087 2111
f 2094 2141 2060
f 2317 2035 2079
f 2089 2123 2049
f 1977 2144 1982
f 2113 2072 2050
f 2098 2075 2069
f 2074 2069 2107
f 2075 2085 2120
f 2092 2043 2100
f 2061 2127 2142
f 2004 2095 2143
f 1997 2160 1996
f 2123 2089 2214
f 2083 2113 2050
f 2083 2080 2129
f 2055 2024 2103
f 2082 2081 2084
f 2073 2096 2052
f 2096 2097 2098
f 2053 2215 2019
f 2098 2118 2075
f 2040 2091 2030
f 2120 2069 2075
f 2150 2056 2109
f 2110 2162 2109
f 2058 2131 2086
f 2071 2112 2078
f 2062 2014 2269
f 2014 1996 2269
f 1997 2213 2160
f 1961 2064 2135
f 2122 2088 2212
f 2088 2332 2089
f 2113 2102 2072
f 2072 2102 2080
f 2082 2137 2115
f 2055 2182 2006
f 2169 2082 2084
f 2083 2129 2194
f 2052 2096 2098
f 2096 2073 2104
f 2119 2042 2215
f 1989 2091 2076
f 2077 2092 2085
f 2100 2121 2092
f 2087 2060 2134
f 2047 2148 2094
f 2036 2004 2211
f 1922 2022 2212
f 1961 2135 2101
f 1962 2037 2256
f 2049 2128 1977
f 2053 2008 2182
f 2194 2117 2083
f 2117 2130 2083
f 2105 2096 2104
f 2096 2106 2097
f 2098 2073 2106
f 2105 2106 2073
f 2106 2105 2097
f 2104 2097 2105
f 2097 2104 2098
f 2073 2098 2104
f 2106 2118 2098
f 2074 2107 2169
f 2117 2138 2108
f 2099 2117 2108
f 2149 2069 2120
f 2149 2107 2069
f 2040 2056 2150
f 2132 2110 2070
f 2100 2111 2121
f 2111 2087 2133
f 2126 2232 2153
f 2134 2060 2141
f 2047 2142 2148
f 1959 2210 2003
f 2035 2296 1888
f 2101 2213 1997
f 2128 2144 1977
f 2083 2130 2113
f 2130 2116 2113
f 2116 2129 2080
f 2115 2124 2103
f 2008 2006 2182
f 2096 2105 2118
f 2096 2118 2106
f 2073 2118 2105
f 2146 2040 2150
f 2147 2099 2108
f 2210 1919 2256
f 1888 2167 2027
f 2269 1996 2160
f 2036 2211 2064
f 2332 2214 2089
f 2258 2114 2145
f 2116 2080 2102
f 2138 2125 2108
f 2149 2120 2140
f 2108 2125 2147
f 2157 2132 2070
f 2070 2086 2157
f 2111 2133 2121
f 2094 2152 2141
f 2094 2148 2152
f 2095 2078 2112
f 2148 2142 2191
f 2127 2062 2269
f 2135 2064 2211
f 2123 2161 2049
f 2102 2113 2116
f 2114 2204 2145
f 2137 2124 2115
f 2082 2169 2137
f 2103 2124 2234
f 2194 2195 2117
f 2131 2042 2119
f 2040 2199 2091
f 2146 2199 2040
f 2099 2147 2151
f 2091 2199 2076
f 2085 2156 2120
f 2085 2092 2156
f 2177 2157 2086
f 2071 2153 2112
f 2035 2286 2296
f 2296 2167 1888
f 2258 2145 2155
f 2055 2103 2234
f 2116 2130 2129
f 2117 2195 2138
f 2131 2228 2086
f 2177 2086 2228
f 2146 2150 2158
f 2121 2165 2092
f 2232 2126 2093
f 2079 1959 2003
f 2317 2286 2035
f 2168 2213 2101
f 2214 2287 2123
f 2138 2195 2185
f 2139 2120 2185
f 2120 2197 2185
f 2109 2162 2150
f 2132 2157 2164
f 2158 2150 2209
f 2092 2165 2156
f 2087 2166 2133
f 2087 2134 2166
f 2232 2243 2153
f 2095 2112 2220
f 2095 2220 2143
f 2298 2063 2167
f 2135 2211 2181
f 2135 2168 2101
f 2183 2145 2204
f 2234 2182 2055
f 2170 2129 2130
f 2130 2117 2208
f 2139 2171 2120
f 2107 2149 2239
f 2120 2156 2197
f 2177 2178 2157
f 2133 2151 2147
f 2134 2141 2190
f 2141 2152 2190
f 2148 2159 2152
f 2191 2142 2127
f 2127 2269 2191
f 2192 2211 2004
f 2128 2193 2144
f 2154 2114 2258
f 2124 2353 2234
f 2124 2137 2334
f 2137 2169 2334
f 2124 2334 2353
f 2155 2145 2183
f 2129 2170 2194
f 2208 2170 2130
f 2208 2185 2195
f 2184 2171 2139
f 2117 2099 2208
f 2120 2171 2140
f 2171 2198 2140
f 2125 2138 2186
f 2099 2151 2163
f 2132 2164 2173
f 2151 2133 2188
f 2189 2188 2133
f 2133 2166 2189
f 2159 2148 2191
f 2048 2352 2022
f 2088 2122 2362
f 2287 2161 2123
f 2049 2222 2128
f 2222 2193 2128
f 2154 2203 2114
f 2053 2182 2205
f 2139 2185 2184
f 2185 2197 2138
f 2131 2119 2278
f 2197 2156 2172
f 2132 2279 2110
f 2125 2174 2147
f 2165 2176 2156
f 2147 2175 2179
f 2147 2179 2121
f 2121 2133 2147
f 2076 2232 2093
f 2166 2134 2190
f 2152 2159 2201
f 2004 2143 2192
f 2236 2155 2184
f 2184 2185 2236
f 2216 2132 2173
f 2209 2150 2162
f 2174 2125 2227
f 2186 2172 2125
f 2156 2125 2172
f 2217 2125 2156
f 2125 2217 2227
f 2156 2174 2217
f 2174 2156 2147
f 2156 2176 2147
f 2147 2176 2175
f 2275 2158 2209
f 2157 2266 2164
f 2140 2198 2230
f 2327 2140 2230
f 2176 2165 2218
f 2146 2158 2253
f 2179 2188 2121
f 2179 2180 2188
f 2179 2165 2180
f 2180 2165 2121
f 2159 2267 2201
f 2221 2159 2191
f 2048 2298 2352
f 2235 2195 2194
f 2208 2195 2170
f 2185 2208 2224
f 2119 2196 2278
f 2208 2099 2240
f 2187 2162 2110
f 2240 2099 2163
f 2132 2216 2279
f 2110 2279 2187
f 2172 2227 2217
f 2227 2172 2186
f 2174 2227 2176
f 2176 2217 2174
f 2199 2146 2242
f 2157 2178 2266
f 2175 2151 2188
f 2218 2188 2180
f 2218 2175 2188
f 2218 2165 2179
f 2175 2218 2179
f 2180 2121 2218
f 2231 2121 2188
f 2218 2121 2231
f 2219 2190 2201
f 2190 2152 2201
f 2191 2269 2297
f 2049 2161 2372
f 2194 2170 2235
f 2053 2205 2215
f 2235 2170 2206
f 2195 2206 2170
f 2183 2184 2155
f 2236 2185 2224
f 2107 2346 2169
f 2184 2262 2171
f 2107 2239 2310
f 2215 2205 2263
f 2119 2215 2196
f 2140 2327 2149
f 2176 2227 2175
f 2175 2227 2163
f 2217 2176 2241
f 2163 2151 2175
f 2076 2199 2242
f 2076 2242 2232
f 2253 2242 2146
f 2189 2231 2188
f 2200 2189 2166
f 2166 2190 2200
f 2049 2372 2222
f 2235 2207 2195
f 2195 2207 2206
f 2169 2346 2334
f 2107 2310 2346
f 2162 2187 2291
f 2279 2216 2265
f 2176 2218 2241
f 2201 2233 2219
f 2267 2233 2201
f 2159 2221 2267
f 2269 2160 2494
f 2122 2212 2434
f 2088 2362 2332
f 2203 2204 2114
f 2258 2155 2272
f 2155 2236 2272
f 2206 2207 2208
f 2224 2208 2207
f 2183 2262 2184
f 2138 2224 2186
f 2138 2197 2224
f 2173 2187 2216
f 2197 2172 2264
f 2186 2240 2227
f 2172 2217 2264
f 2229 2240 2163
f 2218 2163 2227
f 2228 2281 2177
f 2297 2221 2191
f 2143 2392 2192
f 2022 2434 2212
f 2204 2203 2270
f 2154 2258 2270
f 2246 2204 2244
f 2182 2234 2205
f 2238 2237 2248
f 2226 2238 2225
f 2238 2248 2225
f 2291 2289 2162
f 2240 2273 2208
f 2216 2187 2265
f 2131 2278 2228
f 2217 2241 2264
f 2173 2164 2265
f 2241 2218 2227
f 2218 2282 2163
f 2281 2178 2177
f 2218 2231 2282
f 2158 2275 2253
f 2200 2190 2254
f 2153 2243 2112
f 2211 2255 2181
f 2181 2168 2135
f 2204 2246 2223
f 2237 2249 2248
f 2248 2290 2225
f 2247 2171 2262
f 2237 2238 2402
f 2226 2402 2290
f 2249 2290 2402
f 2290 2249 2225
f 2237 2225 2249
f 2225 2237 2226
f 2402 2226 2237
f 2226 2290 2238
f 2251 2186 2224
f 2250 2196 2215
f 2240 2252 2273
f 2291 2187 2173
f 2229 2227 2240
f 2164 2266 2265
f 2198 2276 2230
f 2219 2233 2284
f 2317 2079 2277
f 2318 2221 2297
f 2183 2204 2223
f 2205 2234 2353
f 2236 2300 2272
f 2300 2236 2262
f 2236 2224 2247
f 2236 2247 2262
f 2248 2249 2402
f 2238 2403 2402
f 2215 2263 2250
f 2238 2290 2403
f 2186 2251 2325
f 2224 2197 2264
f 2282 2229 2163
f 2189 2200 2231
f 2219 2254 2190
f 2267 2221 2268
f 2167 2594 2298
f 2352 2434 2022
f 2288 2245 2257
f 2245 2260 2259
f 2259 2260 2235
f 2260 2207 2235
f 2261 2260 2271
f 2207 2260 2261
f 2235 2206 2271
f 2224 2207 2273
f 2208 2273 2206
f 2224 2302 2247
f 2291 2173 2312
f 2162 2289 2336
f 2265 2187 2312
f 2312 2187 2279
f 2149 2327 2293
f 2227 2337 2241
f 2266 2178 2360
f 2283 2327 2230
f 2232 2390 2243
f 2219 2284 2254
f 2267 2285 2233
f 2079 2003 2277
f 2507 2210 2256
f 2211 2192 2255
f 2203 2154 2270
f 2245 2259 2257
f 2260 2245 2420
f 2260 2376 2271
f 2271 2376 2235
f 2261 2235 2376
f 2235 2261 2259
f 2271 2259 2261
f 2261 2376 2207
f 2207 2376 2273
f 2273 2251 2224
f 2251 2273 2252
f 2196 2250 2292
f 2224 2264 2302
f 2247 2357 2171
f 2171 2357 2198
f 2306 2252 2240
f 2186 2325 2240
f 2149 2293 2239
f 2338 2306 2240
f 2173 2265 2312
f 2274 2279 2265
f 2265 2266 2274
f 2329 2178 2281
f 2275 2314 2253
f 2200 2316 2231
f 2254 2316 2200
f 2221 2318 2268
f 2143 2220 2392
f 2269 2319 2297
f 2269 2494 2319
f 2144 2193 2065
f 2245 2288 2342
f 2270 2299 2204
f 2272 2320 2258
f 2244 2223 2246
f 2260 2420 2376
f 2206 2273 2301
f 2196 2430 2278
f 2312 2279 2274
f 2209 2162 2336
f 2227 2280 2337
f 2405 2228 2278
f 2228 2405 2281
f 2266 2360 2274
f 2230 2276 2283
f 2313 2294 2349
f 2243 2220 2112
f 2267 2268 2285
f 2407 2256 2037
f 2161 2287 2611
f 2244 2204 2299
f 2420 2245 2342
f 2320 2272 2363
f 2333 2271 2206
f 2206 2301 2333
f 2247 2302 2300
f 2252 2325 2251
f 2292 2324 2196
f 2312 2336 2291
f 2252 2306 2356
f 2280 2240 2325
f 2280 2338 2240
f 2368 2306 2338
f 2241 2313 2382
f 2229 2326 2227
f 2229 2307 2326
f 2283 2276 2313
f 2282 2231 2307
f 2231 2295 2307
f 2349 2283 2313
f 2349 2294 2308
f 2342 2288 2257
f 2375 2205 2353
f 2300 2363 2272
f 2346 2344 2334
f 2262 2501 2300
f 2205 2321 2263
f 2289 2291 2428
f 2248 2310 2290
f 2309 2196 2304
f 2292 2304 2305
f 2303 2305 2304
f 2305 2303 2250
f 2309 2250 2303
f 2250 2309 2292
f 2304 2292 2309
f 2324 2304 2196
f 2292 2305 2324
f 2239 2293 2310
f 2325 2252 2338
f 2356 2306 2368
f 2264 2241 2382
f 2241 2294 2313
f 2360 2178 2329
f 2268 2318 2285
f 2594 2167 2296
f 2392 2493 2192
f 2181 2255 2433
f 2361 2362 2122
f 2122 2434 2361
f 2407 2037 2202
f 2257 2259 2342
f 2270 2258 2320
f 2259 2271 2333
f 2320 2363 2408
f 2375 2335 2205
f 2247 2300 2501
f 2248 2402 2310
f 2303 2321 2309
f 2250 2311 2305
f 2324 2303 2304
f 2310 2293 2403
f 2280 2325 2337
f 2337 2326 2241
f 2326 2294 2241
f 2229 2282 2315
f 2295 2326 2307
f 2307 2315 2282
f 2307 2328 2315
f 2294 2386 2308
f 2329 2253 2314
f 2295 2231 2316
f 2242 2390 2232
f 2339 2316 2254
f 2254 2284 2330
f 2284 2233 2331
f 2331 2233 2285
f 2318 2297 2319
f 2529 2168 2181
f 2222 2372 2462
f 2065 2393 2202
f 2341 2270 2320
f 2270 2341 2299
f 2244 2299 2223
f 2321 2346 2309
f 2273 2376 2301
f 2300 2302 2414
f 2428 2291 2416
f 2310 2403 2290
f 2311 2303 2323
f 2322 2323 2303
f 2323 2322 2250
f 2321 2250 2322
f 2250 2321 2311
f 2303 2311 2321
f 2250 2263 2323
f 2323 2324 2311
f 2311 2324 2305
f 2379 2301 2252
f 2247 2501 2357
f 2196 2309 2430
f 2302 2264 2382
f 2280 2326 2338
f 2198 2357 2276
f 2209 2336 2275
f 2293 2327 2359
f 2227 2326 2280
f 2276 2406 2313
f 2229 2315 2358
f 2358 2457 2229
f 2229 2457 2307
f 2314 2360 2329
f 2350 2316 2339
f 2339 2254 2330
f 2210 2492 2003
f 2255 2493 2433
f 2493 2255 2192
f 2361 2214 2332
f 2361 2287 2214
f 2168 2480 2213
f 2372 2580 2446
f 2408 2223 2299
f 2408 2343 2223
f 2223 2343 2183
f 2344 2353 2334
f 2343 2354 2183
f 2205 2335 2377
f 2300 2355 2363
f 2300 2414 2355
f 2335 2289 2428
f 2346 2321 2344
f 2321 2322 2348
f 2401 2381 2301
f 2303 2324 2348
f 2303 2348 2322
f 2291 2336 2416
f 2348 2324 2323
f 2301 2381 2252
f 2312 2404 2336
f 2325 2338 2337
f 2337 2338 2326
f 2357 2406 2276
f 2327 2388 2359
f 2274 2360 2387
f 2388 2327 2283
f 2307 2457 2328
f 2281 2369 2329
f 2351 2315 2328
f 2308 2477 2349
f 2253 2390 2242
f 2328 2350 2351
f 2390 2253 2389
f 2295 2316 2350
f 2220 2243 2371
f 2317 2277 2340
f 2213 2494 2160
f 2373 2299 2341
f 2299 2373 2408
f 2373 2320 2408
f 2333 2397 2259
f 2420 2396 2376
f 2344 2398 2353
f 2183 2354 2262
f 2205 2377 2321
f 2344 2451 2345
f 2451 2346 2345
f 2345 2346 2310
f 2323 2263 2347
f 2289 2380 2336
f 2368 2358 2356
f 2278 2454 2293
f 2336 2404 2275
f 2359 2278 2293
f 2313 2406 2444
f 2281 2405 2369
f 2387 2360 2314
f 2253 2329 2389
f 2350 2328 2445
f 2371 2392 2220
f 2285 2318 2419
f 2529 2480 2168
f 2393 2065 2193
f 2341 2320 2373
f 2345 2354 2344
f 2262 2354 2378
f 2262 2378 2501
f 2451 2344 2321
f 2301 2379 2333
f 2301 2376 2401
f 2346 2451 2309
f 2263 2365 2347
f 2380 2416 2336
f 2356 2379 2252
f 2501 2486 2357
f 2430 2454 2278
f 2382 2313 2444
f 2359 2405 2278
f 2326 2386 2294
f 2295 2386 2326
f 2387 2314 2275
f 2358 2315 2384
f 2349 2388 2283
f 2328 2457 2445
f 2351 2350 2339
f 2351 2339 2418
f 2492 2210 2507
f 2256 2461 2507
f 2579 2594 2296
f 2318 2319 2419
f 2446 2462 2372
f 2353 2398 2375
f 2333 2410 2397
f 2355 2414 2453
f 2402 2345 2310
f 2364 2263 2321
f 2321 2348 2366
f 2323 2366 2367
f 2364 2367 2366
f 2367 2364 2347
f 2321 2347 2364
f 2347 2321 2323
f 2366 2323 2321
f 2347 2365 2367
f 2367 2348 2323
f 2401 2379 2381
f 2383 2381 2379
f 2383 2379 2356
f 2381 2338 2252
f 2383 2338 2381
f 2403 2293 2454
f 2368 2338 2456
f 2274 2387 2505
f 2357 2385 2406
f 2358 2368 2457
f 2386 2477 2308
f 2387 2329 2369
f 2389 2329 2387
f 2315 2351 2384
f 2491 2351 2418
f 2350 2418 2370
f 2370 2418 2339
f 2370 2295 2350
f 2339 2330 2458
f 2469 2243 2390
f 2243 2469 2371
f 2003 2548 2277
f 2298 2594 2352
f 2361 2332 2362
f 2259 2420 2342
f 2395 2394 2343
f 2343 2409 2354
f 2377 2335 2428
f 2411 2354 2345
f 2376 2425 2401
f 2333 2379 2410
f 2309 2451 2430
f 2263 2364 2365
f 2402 2403 2415
f 2366 2365 2364
f 2366 2348 2365
f 2348 2367 2365
f 2302 2382 2414
f 2404 2416 2380
f 2417 2404 2312
f 2312 2274 2417
f 2356 2358 2384
f 2456 2467 2368
f 2406 2349 2444
f 2384 2351 2491
f 2330 2284 2391
f 2003 2492 2548
f 2331 2285 2460
f 2285 2419 2460
f 2259 2397 2420
f 2396 2420 2397
f 2394 2440 2343
f 2375 2398 2374
f 2447 2343 2408
f 2343 2440 2409
f 2344 2399 2398
f 2408 2363 2441
f 2376 2396 2425
f 2411 2447 2354
f 2321 2377 2464
f 2400 2354 2441
f 2409 2399 2354
f 2354 2400 2378
f 2354 2399 2344
f 2363 2355 2378
f 2413 2289 2335
f 2501 2378 2449
f 2401 2429 2379
f 2385 2357 2486
f 2502 2385 2486
f 2356 2384 2475
f 2432 2405 2359
f 2275 2562 2387
f 2359 2388 2385
f 2388 2349 2406
f 2295 2477 2386
f 2350 2445 2418
f 2295 2370 2490
f 2339 2458 2370
f 2284 2459 2391
f 2284 2331 2459
f 2361 2510 2287
f 2256 2407 2461
f 2510 2611 2287
f 2161 2611 2372
f 2193 2222 2462
f 2193 2470 2393
f 2394 2374 2440
f 2398 2440 2374
f 2377 2513 2464
f 2513 2377 2428
f 2396 2397 2425
f 2408 2441 2439
f 2447 2408 2424
f 2441 2354 2424
f 2424 2354 2447
f 2363 2400 2441
f 2451 2321 2464
f 2400 2363 2412
f 2427 2412 2378
f 2412 2363 2378
f 2378 2400 2427
f 2355 2449 2378
f 2425 2452 2401
f 2410 2379 2450
f 2415 2403 2454
f 2453 2414 2382
f 2417 2416 2404
f 2356 2475 2383
f 2338 2503 2456
f 2467 2457 2368
f 2359 2385 2432
f 2431 2405 2432
f 2385 2388 2406
f 2369 2405 2431
f 2525 2389 2387
f 2490 2477 2295
f 2458 2490 2370
f 2330 2391 2547
f 2340 2286 2317
f 2352 2528 2434
f 2181 2433 2595
f 2202 2435 2407
f 2436 2437 2495
f 2463 2374 2394
f 2408 2439 2496
f 2422 2397 2421
f 2397 2422 2423
f 2425 2397 2423
f 2439 2441 2426
f 2441 2424 2449
f 2409 2411 2399
f 2411 2409 2447
f 2443 2447 2409
f 2447 2443 2399
f 2449 2426 2441
f 2449 2400 2426
f 2345 2399 2411
f 2400 2412 2426
f 2400 2449 2427
f 2451 2464 2572
f 2427 2355 2412
f 2427 2449 2355
f 2425 2473 2452
f 2465 2410 2401
f 2450 2401 2410
f 2289 2413 2380
f 2274 2505 2417
f 2445 2526 2418
f 2418 2458 2491
f 2389 2468 2390
f 2330 2547 2458
f 2331 2460 2549
f 2529 2181 2595
f 2372 2611 2580
f 2462 2470 2193
f 2463 2394 2481
f 2395 2481 2394
f 2421 2483 2422
f 2421 2397 2442
f 2425 2442 2473
f 2483 2473 2442
f 2473 2483 2423
f 2421 2423 2483
f 2423 2421 2425
f 2442 2425 2421
f 2423 2422 2473
f 2447 2497 2343
f 2398 2448 2440
f 2397 2410 2442
f 2398 2399 2448
f 2443 2409 2345
f 2399 2345 2447
f 2442 2410 2465
f 2426 2412 2355
f 2428 2416 2500
f 2379 2429 2450
f 2450 2429 2518
f 2402 2415 2484
f 2380 2455 2404
f 2430 2488 2454
f 2383 2503 2338
f 2404 2455 2275
f 2519 2382 2504
f 2387 2369 2505
f 2562 2525 2387
f 2526 2458 2418
f 2468 2469 2390
f 2419 2319 2632
f 2435 2461 2407
f 2202 2393 2470
f 2374 2482 2375
f 2375 2482 2335
f 2496 2424 2408
f 2395 2343 2497
f 2440 2448 2409
f 2345 2448 2447
f 2409 2448 2345
f 2399 2443 2448
f 2355 2453 2426
f 2557 2513 2428
f 2345 2402 2484
f 2516 2499 2450
f 2401 2452 2465
f 2428 2500 2557
f 2450 2499 2401
f 2401 2499 2429
f 2451 2572 2430
f 2429 2485 2503
f 2624 2415 2454
f 2429 2503 2383
f 2383 2475 2466
f 2456 2466 2475
f 2502 2432 2385
f 2456 2475 2467
f 2475 2384 2467
f 2467 2476 2457
f 2431 2505 2369
f 2445 2457 2476
f 2491 2506 2489
f 2445 2546 2526
f 2458 2547 2491
f 2391 2459 2478
f 2494 2632 2319
f 2202 2470 2435
f 2495 2471 2436
f 2438 2536 2496
f 2496 2439 2552
f 2464 2513 2537
f 2335 2482 2413
f 2497 2447 2448
f 2443 2345 2558
f 2499 2485 2429
f 2453 2382 2561
f 2454 2488 2502
f 2456 2503 2466
f 2382 2444 2504
f 2467 2384 2489
f 2384 2491 2489
f 2349 2477 2444
f 2445 2476 2546
f 2458 2526 2527
f 2468 2591 2469
f 2286 2340 2728
f 2460 2419 2508
f 2507 2461 2509
f 2510 2361 2434
f 2479 2462 2446
f 2479 2470 2462
f 2479 2461 2435
f 2520 2438 2472
f 2495 2437 2551
f 2520 2536 2438
f 2463 2512 2374
f 2438 2496 2552
f 2345 2484 2558
f 2474 2516 2450
f 2541 2465 2452
f 2474 2450 2517
f 2450 2518 2517
f 2499 2452 2485
f 2380 2413 2575
f 2383 2518 2429
f 2417 2500 2416
f 2561 2502 2486
f 2417 2487 2500
f 2466 2518 2383
f 2275 2455 2562
f 2488 2432 2502
f 2432 2488 2431
f 2490 2458 2527
f 2391 2478 2547
f 2548 2740 2277
f 2508 2549 2460
f 2493 2631 2433
f 2509 2461 2479
f 2446 2580 2612
f 2479 2435 2470
f 2436 2471 2437
f 2472 2438 2552
f 2512 2482 2374
f 2552 2439 2571
f 2538 2481 2497
f 2483 2514 2422
f 2498 2449 2424
f 2449 2498 2600
f 2448 2443 2558
f 2474 2515 2516
f 2473 2542 2452
f 2465 2541 2442
f 2449 2524 2501
f 2499 2541 2452
f 2484 2415 2641
f 2380 2575 2455
f 2382 2519 2561
f 2466 2503 2543
f 2466 2543 2576
f 2488 2505 2431
f 2576 2543 2544
f 2489 2476 2467
f 2563 2525 2562
f 2444 2477 2504
f 2490 2627 2477
f 2491 2647 2506
f 2545 2468 2389
f 2549 2459 2331
f 2593 2493 2392
f 2446 2509 2479
f 2551 2437 2533
f 2521 2482 2512
f 2497 2448 2558
f 2573 2484 2641
f 2641 2415 2624
f 2501 2561 2486
f 2466 2576 2518
f 2489 2506 2476
f 2525 2545 2389
f 2491 2547 2647
f 2459 2578 2478
f 2286 2579 2296
f 3136 2494 2213
f 2529 2530 2480
f 2495 2617 2658
f 2495 2551 2617
f 2569 2481 2536
f 2536 2481 2496
f 2481 2522 2496
f 2522 2481 2395
f 2439 2426 2571
f 2422 2555 2473
f 2555 2542 2473
f 2517 2499 2516
f 2500 2487 2557
f 2518 2499 2517
f 2589 2455 2575
f 2417 2505 2487
f 2476 2506 2546
f 2545 2677 2468
f 2468 2677 2591
f 2578 2459 2549
f 2611 2653 2580
f 2471 2495 2658
f 2553 2482 2521
f 2532 2536 2520
f 2481 2538 2620
f 2536 2571 2522
f 2522 2571 2496
f 2496 2395 2424
f 2395 2496 2539
f 2571 2539 2496
f 2539 2571 2523
f 2395 2539 2522
f 2498 2424 2571
f 2523 2395 2498
f 2523 2571 2424
f 2523 2424 2395
f 2537 2513 2570
f 2395 2497 2498
f 2514 2555 2422
f 2540 2515 2599
f 2426 2453 2571
f 2516 2601 2559
f 2516 2559 2517
f 2558 2484 2573
f 2542 2485 2452
f 2572 2602 2430
f 2518 2640 2499
f 2502 2561 2519
f 2623 2488 2430
f 2505 2488 2487
f 2490 2526 2546
f 2490 2527 2526
f 2469 2609 2371
f 2507 2720 2492
f 2652 2578 2549
f 2371 2593 2392
f 2837 2446 2612
f 2742 2611 2510
f 2511 2532 2520
f 2437 2705 2533
f 2532 2571 2536
f 2552 2483 2585
f 2523 2498 2539
f 2481 2554 2497
f 2514 2483 2552
f 2533 2540 2599
f 2554 2498 2497
f 2538 2497 2634
f 2556 2483 2442
f 2541 2556 2442
f 2570 2513 2557
f 2515 2474 2559
f 2601 2516 2515
f 2474 2517 2559
f 2600 2524 2449
f 2499 2640 2541
f 2524 2561 2501
f 2557 2487 2604
f 2430 2602 2623
f 2487 2488 2623
f 2455 2589 2562
f 2624 2454 2502
f 2503 2577 2543
f 2546 2627 2490
f 2506 2647 2628
f 2547 2478 2592
f 2492 2610 2548
f 2728 2579 2286
f 2594 2528 2352
f 2613 2550 2581
f 2581 2550 2598
f 2511 2520 2472
f 2481 2568 2463
f 2552 2619 2472
f 2481 2620 2568
f 2569 2534 2481
f 2569 2536 2684
f 2536 2522 2539
f 2536 2539 2684
f 2570 2535 2537
f 2552 2571 2514
f 2481 2534 2554
f 2483 2556 2585
f 2556 2541 2555
f 2515 2559 2599
f 2541 2542 2555
f 2573 2602 2558
f 2518 2576 2640
f 2625 2604 2487
f 2624 2502 2519
f 2544 2543 2577
f 2645 2627 2506
f 2627 2546 2506
f 2509 2720 2507
f 2652 2549 2508
f 2593 2631 2493
f 2419 2632 2508
f 2837 2509 2446
f 2528 2510 2434
f 2433 2768 2595
f 2494 3135 2632
f 2613 2531 2596
f 2613 2581 2531
f 2531 2564 2596
f 2598 2550 2582
f 2565 2567 2566
f 2533 2705 2637
f 2533 2637 2540
f 2585 2556 2514
f 2553 2635 2482
f 2515 2540 2601
f 2601 2639 2559
f 2559 2639 2603
f 2557 2574 2587
f 2453 2561 2659
f 2542 2640 2485
f 2689 2602 2572
f 2575 2642 2589
f 2761 2577 2503
f 2563 2562 2589
f 2626 2563 2589
f 2563 2545 2525
f 2477 2712 2504
f 2627 2712 2477
f 2647 2547 2650
f 2547 2592 2650
f 2340 2277 2740
f 2492 2720 2610
f 2583 2550 2655
f 2583 2655 2565
f 2597 2565 2566
f 2532 2511 2671
f 2618 2463 2568
f 2683 2437 2471
f 2584 2534 2532
f 2569 2532 2534
f 2532 2569 2633
f 2633 2569 2584
f 2633 2571 2532
f 2584 2569 2684
f 2684 2534 2584
f 2533 2599 2750
f 2684 2554 2534
f 2585 2571 2636
f 2514 2571 2585
f 2571 2621 2498
f 2539 2498 2621
f 2514 2556 2555
f 2635 2725 2482
f 2637 2601 2540
f 2482 2725 2413
f 2571 2453 2586
f 2542 2541 2640
f 2557 2604 2574
f 2588 2622 2560
f 2604 2575 2574
f 2575 2604 2642
f 2642 2604 2625
f 2642 2662 2589
f 2624 2519 2691
f 2504 2646 2519
f 2691 2519 2646
f 2590 2576 2544
f 2645 2693 2627
f 2650 2648 2647
f 2778 2608 2630
f 2592 2478 2651
f 2548 2796 2740
f 2578 2651 2478
f 2652 2508 2780
f 2550 2583 2582
f 2583 2598 2582
f 2564 2531 2615
f 2581 2615 2531
f 2615 2581 2598
f 2598 2583 2597
f 2597 2583 2565
f 2597 2566 2616
f 2671 2511 2732
f 2472 2619 2511
f 2553 2521 2672
f 2584 2532 2671
f 2671 2568 2584
f 2568 2671 2618
f 2568 2620 2584
f 2585 2619 2552
f 2636 2571 2633
f 2464 2537 2673
f 2634 2497 2558
f 2603 2660 2559
f 2558 2602 2706
f 2674 2588 2560
f 2674 2560 2622
f 2602 2573 2638
f 2641 2602 2638
f 2676 2646 2504
f 2852 2545 2563
f 2712 2676 2504
f 2607 2629 2630
f 2469 2591 2609
f 2651 2650 2592
f 2610 2796 2548
f 2509 2837 2720
f 2580 2653 2612
f 2668 2596 2654
f 2613 2721 2550
f 2616 2598 2597
f 2512 2820 2521
f 2671 2633 2618
f 2463 2618 2512
f 2705 2437 2683
f 2570 2635 2535
f 2533 2750 2551
f 2619 2585 2636
f 2539 2621 2684
f 2571 2586 2621
f 2634 2558 2828
f 2600 2498 2554
f 2570 2557 2685
f 2573 2641 2688
f 2572 2673 2689
f 2659 2561 2524
f 2485 2640 2622
f 2641 2623 2602
f 2485 2622 2503
f 2640 2576 2643
f 2829 2690 2623
f 2487 2623 2690
f 2626 2589 2662
f 2675 2563 2626
f 2606 2645 2506
f 2645 2794 2693
f 2544 2664 2590
f 2506 2628 2606
f 2630 2629 2697
f 2696 2607 2630
f 2608 2778 2796
f 3136 3135 2494
f 2213 2480 3136
f 2667 2596 2668
f 2667 2613 2596
f 2655 2550 2721
f 2655 2669 2565
f 2564 2700 2614
f 2616 2615 2598
f 2672 2521 2820
f 2511 2619 2732
f 2803 2702 2671
f 2702 2633 2671
f 2635 2672 2535
f 2553 2672 2635
f 2618 2633 2584
f 2620 2618 2584
f 2635 2570 2725
f 2538 2634 2789
f 2736 2634 2828
f 2537 2737 2673
f 2828 2558 2706
f 2686 2600 2554
f 2673 2572 2464
f 2685 2557 2587
f 2453 2659 2586
f 2640 2603 2639
f 2688 2641 2638
f 2643 2603 2640
f 2641 2624 2623
f 2761 2503 2622
f 2622 2588 2605
f 2487 2690 2625
f 2624 2691 2623
f 2726 2691 2646
f 2590 2694 2692
f 2811 2606 2628
f 2627 2713 2712
f 2590 2664 2665
f 2693 2713 2627
f 2649 2647 2648
f 2714 2629 2607
f 2679 2648 2650
f 2697 2778 2630
f 2593 2371 2609
f 2728 2594 2579
f 2594 2901 2528
f 2780 2508 2632
f 2510 2528 2742
f 2669 2567 2565
f 2722 2596 2564
f 2567 2670 2656
f 2564 2615 2700
f 2656 2657 2567
f 2657 2566 2567
f 2616 2818 2615
f 2820 2512 2681
f 2682 2634 2736
f 2702 2636 2633
f 2684 2789 2554
f 2586 2684 2621
f 2559 2660 2599
f 2688 2686 2573
f 2600 2659 2524
f 2587 2574 2642
f 2661 2605 2588
f 2625 2690 2642
f 2761 2622 2605
f 2676 2709 2644
f 2643 2577 2761
f 2605 2645 2761
f 2645 2605 2794
f 2675 2852 2563
f 2676 2663 2646
f 2544 2577 2692
f 2628 2665 2664
f 2628 2647 2665
f 2649 2665 2647
f 2665 2649 2678
f 2608 2796 2610
f 2650 2651 2741
f 2578 2652 2651
f 2593 2666 2631
f 2728 2901 2594
f 2528 2901 2742
f 2742 2653 2611
f 2654 2729 2668
f 2667 2668 2815
f 2596 2698 2654
f 2669 2655 2721
f 2670 2567 2669
f 2564 2614 2722
f 2699 2614 2700
f 2566 2657 2701
f 2566 2723 2616
f 2723 2566 2701
f 2681 2682 2820
f 2658 2617 2785
f 2682 2736 2820
f 2620 2703 2618
f 2619 2636 2786
f 2737 2537 2535
f 2659 2687 2586
f 2413 2725 2575
f 2573 2752 2638
f 2603 2757 2660
f 2588 2674 2661
f 2603 2643 2757
f 2587 2642 2689
f 2755 2622 2640
f 2574 2756 2642
f 2606 2761 2645
f 2590 2643 2576
f 2643 2692 2577
f 2646 2663 2726
f 2545 2852 2711
f 2664 2544 2692
f 2713 2763 2712
f 2590 2665 2694
f 2607 2716 2714
f 2716 2607 2695
f 2696 2833 2607
f 2679 2650 2777
f 2902 2780 2632
f 2742 2872 2653
f 2768 2857 2595
f 2595 2858 2781
f 2799 2729 2654
f 2799 2654 2698
f 2801 2672 2820
f 2683 2471 2746
f 2671 2732 2803
f 2617 2551 2785
f 2732 2619 2747
f 2512 2618 2681
f 2681 2618 2703
f 2682 2733 2634
f 2672 2737 2535
f 2705 2748 2637
f 2570 2685 2725
f 2586 2687 2684
f 2599 2660 2750
f 2687 2600 2686
f 2687 2659 2600
f 2686 2752 2573
f 2725 2707 2575
f 2688 2751 2686
f 2640 2639 2793
f 2829 2602 2689
f 2642 2690 2689
f 2575 2739 2574
f 2574 2739 2756
f 2757 2643 2793
f 2793 2755 2640
f 2642 2756 2662
f 2829 2623 2708
f 2623 2691 2759
f 2605 2710 2794
f 2711 2852 2853
f 2676 2712 2709
f 2545 2711 2677
f 2715 2694 2665
f 2664 2715 2628
f 2665 2678 2715
f 2629 2714 2870
f 2833 2695 2607
f 2776 2679 2777
f 2696 2630 2608
f 2741 2777 2650
f 2340 2883 2728
f 2651 2652 2718
f 2780 2718 2652
f 2631 2768 2433
f 2815 2668 2729
f 2613 2667 2721
f 2698 2596 2722
f 2670 2669 2743
f 2746 2471 2658
f 2820 2736 3073
f 2704 2705 2683
f 2619 2786 2747
f 2748 2705 2704
f 2805 2637 2748
f 2601 2637 2805
f 2707 2725 2685
f 2674 2622 2753
f 2622 2755 2753
f 2793 2643 2755
f 2688 2644 2709
f 2755 2643 2761
f 2661 2710 2605
f 2688 2663 2644
f 2676 2644 2663
f 2643 2590 2692
f 2692 2694 2664
f 2695 2677 2711
f 2716 2695 2711
f 2766 2715 2678
f 2870 2697 2629
f 2679 2678 2648
f 2679 2766 2678
f 2766 2679 2717
f 2649 2776 2678
f 2717 2678 2776
f 2678 2717 2648
f 2649 2648 2717
f 2717 2679 2649
f 2649 2679 2776
f 2591 2871 2609
f 2741 2651 2727
f 2797 2610 2720
f 2631 2666 2719
f 2837 2612 2653
f 2667 2783 2721
f 2698 2722 2744
f 2730 2657 2656
f 2658 2680 2746
f 2787 2702 2724
f 2789 2620 2538
f 2735 2620 2789
f 2789 2684 2735
f 2738 2639 2601
f 2848 2750 2660
f 2771 2674 2753
f 2639 2738 2793
f 2706 2602 2829
f 2660 2757 2848
f 2575 2707 2772
f 2575 2772 2739
f 2690 2829 2689
f 2675 2626 2894
f 2708 2623 2759
f 2794 2763 2693
f 2853 2716 2711
f 2715 2664 2694
f 2766 2811 2628
f 2715 2766 2628
f 2764 2716 2853
f 2716 2764 2714
f 2766 2717 2776
f 2651 2718 2727
f 2718 2780 2873
f 2667 2815 2783
f 2745 2730 2670
f 2670 2730 2656
f 2614 2699 2722
f 2723 2818 2616
f 2680 2658 2785
f 2785 2551 2750
f 2737 2672 2842
f 2786 2824 2747
f 2634 2845 2789
f 2805 2738 2601
f 2686 2844 2752
f 2771 2754 2674
f 2661 2674 2754
f 2688 2806 2751
f 2688 2809 2806
f 2756 2587 2689
f 2757 2793 2866
f 2662 2739 2626
f 2761 2850 2755
f 2688 2709 2809
f 2663 2688 2760
f 2852 2675 2929
f 2763 2713 2693
f 2696 2608 3014
f 2610 3014 2608
f 2740 2883 2340
f 2593 2609 2871
f 2631 2719 2768
f 2857 2858 2595
f 2669 2721 2743
f 2657 2730 2800
f 2657 2731 2701
f 2732 2802 2803
f 2732 2747 2802
f 2803 2724 2702
f 2683 2804 2704
f 2636 2702 2787
f 2634 2733 2845
f 2749 2734 2827
f 2735 2684 2687
f 2554 2844 2686
f 2687 2686 2791
f 2771 2753 2847
f 2753 2755 2849
f 2587 2756 2739
f 2866 2773 2757
f 2638 2807 2688
f 2760 2688 2807
f 2691 2726 2759
f 2831 2794 2710
f 2761 2606 2831
f 2795 2709 2712
f 2712 2763 2795
f 2695 2833 2854
f 2765 2767 2775
f 2677 2854 2591
f 2697 2856 2778
f 2813 2796 2778
f 2727 2718 2779
f 2718 2873 2779
f 2836 2857 2719
f 2719 2857 2768
f 2632 3135 2902
f 2858 2814 2781
f 2784 2698 2744
f 2745 2800 2730
f 2615 2818 2769
f 3008 2723 2701
f 2681 2991 2682
f 2876 2747 2824
f 2703 2620 2992
f 2636 2787 2786
f 2789 2844 2554
f 2749 2790 2770
f 2771 2770 2790
f 2686 2751 2791
f 2752 2751 2806
f 2685 2772 2707
f 2753 2849 2847
f 2752 2708 2638
f 2587 2772 2685
f 2587 2739 2808
f 2708 2807 2638
f 2756 2808 2662
f 2808 2739 2662
f 2809 2709 2891
f 2866 2810 2773
f 2710 2661 2850
f 2709 2762 2891
f 2773 2810 2932
f 2726 2663 2760
f 2709 2795 2762
f 2810 2774 2932
f 2695 2854 2677
f 2899 2811 2766
f 2714 2979 2870
f 2767 2776 2775
f 2775 2776 2777
f 2981 2833 2696
f 2778 2835 2813
f 2696 3014 2981
f 2797 3014 2610
f 2727 2913 2741
f 2780 2902 2873
f 2783 2839 2721
f 2799 2698 2784
f 2745 2670 2743
f 2745 2816 2800
f 2700 2615 2769
f 2769 2699 2700
f 2701 2731 3008
f 2672 2801 2860
f 2842 2672 2860
f 2683 2746 2680
f 2682 2991 2733
f 2680 2785 2804
f 2680 2804 2683
f 2802 2747 2876
f 2863 2734 2788
f 2724 2825 2787
f 2704 2734 2748
f 2827 2863 2865
f 2749 2770 2887
f 2845 2844 2789
f 2735 2687 2791
f 2771 2847 2770
f 2962 2673 2737
f 2844 2791 2752
f 2752 2791 2751
f 2752 2806 2792
f 2756 2689 2673
f 2792 2708 2752
f 2772 2587 2808
f 2757 2773 2848
f 2893 2706 2829
f 2894 2626 2739
f 2755 2850 2849
f 2759 2807 2708
f 2850 2831 2710
f 2810 2866 2830
f 2758 2929 2675
f 2810 2896 2774
f 2832 2774 2896
f 2831 2606 2869
f 2606 2811 2869
f 2765 2881 2767
f 2871 2591 2854
f 2870 2856 2697
f 2796 2813 2740
f 2742 2901 2872
f 2814 2874 2781
f 2529 2595 2781
f 2530 3285 2480
f 2799 2782 2798
f 2722 2699 2886
f 2800 2817 2840
f 2861 2821 2785
f 2803 3009 2724
f 2822 2704 2804
f 2734 2704 2788
f 2748 2734 2805
f 2805 2734 2749
f 2786 2787 2863
f 2620 2735 2992
f 2734 2863 2827
f 2924 2738 2805
f 2790 2749 2827
f 2792 2829 2708
f 2808 2894 2772
f 2894 2739 2772
f 2807 2878 2760
f 2850 2761 2831
f 2759 2726 2851
f 2810 2830 2896
f 2763 2880 2795
f 2774 2881 2812
f 2881 2765 2812
f 2765 2775 2855
f 2855 2775 2834
f 2776 2767 2834
f 2899 2766 2776
f 2593 2871 2666
f 2969 2653 2872
f 2798 2815 2729
f 2906 2799 2784
f 2744 2722 2939
f 2816 2745 2817
f 2939 2722 2886
f 2817 2800 2816
f 2800 2731 2657
f 2859 3008 2731
f 3008 2818 2723
f 2820 3073 2801
f 2802 2876 2922
f 2785 2819 2861
f 2785 2821 2804
f 2821 2822 2804
f 3009 2825 2724
f 2824 2786 2843
f 2826 2704 2822
f 2826 2924 2805
f 2826 2862 2749
f 2704 2749 2862
f 2749 2704 2805
f 2826 2805 2704
f 2704 2862 2788
f 2862 2827 2788
f 3073 2736 2907
f 2749 2924 2826
f 2749 2887 2924
f 2863 2843 2786
f 2736 2828 2907
f 2792 2844 2845
f 2844 2792 2806
f 2673 2962 2756
f 2850 2661 2849
f 2809 2807 2806
f 3129 2894 2808
f 2894 2758 2675
f 2929 2853 2852
f 2831 2869 2794
f 2794 2869 2763
f 2832 2881 2774
f 2855 2812 2765
f 2881 2855 2767
f 2767 2855 2834
f 2775 2777 2834
f 2856 2835 2778
f 2741 2913 2777
f 2728 2883 2901
f 2720 2837 2982
f 2729 2799 2798
f 2815 2937 2783
f 2799 2906 2782
f 2885 2782 2906
f 2783 2838 2839
f 2743 2721 2839
f 2745 2938 2817
f 2699 2875 2886
f 2859 2731 2841
f 2819 2785 2923
f 2785 2750 2923
f 2924 2887 2822
f 2826 2822 2862
f 2822 2887 2862
f 2788 2843 2863
f 2842 2888 2737
f 2924 3046 2738
f 2827 2864 2790
f 2790 2908 2771
f 2735 2791 2844
f 2846 2891 2865
f 2771 2908 2754
f 2750 2848 2925
f 2846 2878 2891
f 2847 2849 2754
f 2892 2829 2792
f 2754 2849 2661
f 2809 2878 2807
f 2848 2773 2925
f 2773 2932 2952
f 2762 2795 2951
f 2726 2911 2851
f 2795 2880 2951
f 2868 2832 2896
f 2812 2932 2774
f 2855 2882 2812
f 2871 2967 2666
f 2727 2934 2913
f 2727 2779 2934
f 2836 2719 2666
f 2836 2914 2857
f 2936 2798 2782
f 2815 2798 2956
f 2939 2784 2744
f 2743 2938 2745
f 2769 2875 2699
f 2918 2769 2818
f 2819 3036 2861
f 2940 2803 2802
f 2681 2703 2991
f 2990 2802 2922
f 2921 2922 2876
f 2921 2876 2824
f 2823 2921 2824
f 2750 2942 2923
f 2824 2843 2823
f 2877 2863 2787
f 2862 2864 2827
f 2863 2889 2865
f 2737 2888 2962
f 2887 2770 2890
f 2942 2750 2925
f 2735 2844 2949
f 2864 2908 2790
f 2738 3046 2963
f 2770 2847 2890
f 2738 2963 2793
f 2844 2806 2949
f 2847 2754 2890
f 3128 2756 2962
f 2891 2878 2809
f 2866 2793 2909
f 2706 2893 3114
f 2760 2878 2930
f 2760 2911 2726
f 2868 2896 2879
f 2880 2763 2869
f 2868 2897 2832
f 2976 2764 2853
f 2881 2898 2855
f 2966 2882 2855
f 2854 2833 2933
f 2740 2813 2883
f 2967 2836 2666
f 2857 2914 2858
f 2885 2906 2959
f 2817 3034 2840
f 2800 2841 2731
f 2940 2802 2919
f 2861 3036 2821
f 3009 2803 2941
f 2924 2822 2922
f 2877 2843 2889
f 2735 3047 2992
f 2877 2889 2863
f 2846 2865 2889
f 2865 2891 2926
f 2845 2975 2792
f 2892 2806 2807
f 2762 2950 2891
f 2756 3129 2808
f 2762 2999 2950
f 2925 2773 2952
f 2851 2928 2759
f 2879 2867 2868
f 2932 2812 2882
f 2881 2832 2897
f 2897 2811 2899
f 2714 2764 3161
f 2776 2912 2899
f 2834 2912 2776
f 2833 2981 2933
f 2834 2777 3004
f 2936 2782 2885
f 2956 2937 2815
f 2784 2959 2906
f 2917 2959 2784
f 2939 2917 2784
f 2938 2986 2817
f 3094 2939 2886
f 2769 3069 2875
f 2840 3007 2800
f 2769 2960 3069
f 2769 2918 2960
f 2941 2803 2940
f 3073 2907 3026
f 2825 2877 2787
f 2788 2889 2843
f 2862 2887 2864
f 2827 2889 2788
f 2827 2865 2945
f 2947 2908 2864
f 2993 2828 2706
f 2865 2926 2945
f 2908 2890 2754
f 2975 2892 2792
f 2949 2806 2948
f 2793 2963 2909
f 2846 2927 2878
f 2893 2892 2807
f 2893 2829 2892
f 2759 2928 2807
f 2878 2928 2930
f 2830 2866 2909
f 2760 2930 2911
f 2867 2931 2868
f 2880 2931 2951
f 2881 2896 2953
f 2896 2897 2879
f 2880 2897 2868
f 2896 2881 2897
f 2880 2869 2897
f 2869 2811 2897
f 2976 3161 2764
f 2714 3161 2979
f 2834 3004 2912
f 2900 2836 2967
f 2883 3015 2901
f 2914 2836 3164
f 2914 2884 2858
f 2781 2874 3064
f 2530 3137 3285
f 2903 2904 2984
f 2904 2956 2905
f 2904 2903 2956
f 2956 2798 2935
f 2840 3034 3007
f 2800 3007 2841
f 3036 2990 2821
f 3009 2941 2802
f 2802 2990 2920
f 3009 2802 2920
f 3009 2920 2921
f 2821 2990 2822
f 2973 2924 2923
f 2945 2889 2827
f 2943 2887 2890
f 3047 2735 2949
f 2943 2890 2908
f 2864 2996 2947
f 2846 2889 2946
f 2946 2974 2846
f 2806 2892 2948
f 2928 2878 2927
f 2999 2762 2951
f 2895 2867 3013
f 2867 2879 3001
f 2896 2830 2953
f 2868 2931 2880
f 2897 2899 2977
f 2978 2854 2933
f 2899 2966 2898
f 2899 2912 2966
f 2871 2854 2980
f 2653 2969 2837
f 3136 3417 3135
f 3064 2529 2781
f 3017 2984 2904
f 2905 2956 2935
f 2935 2955 2905
f 2915 2905 2955
f 2905 2915 2904
f 2935 2904 2915
f 2903 2935 2915
f 2915 2955 2956
f 2915 2956 2903
f 2935 2798 2936
f 2936 2885 2957
f 2937 2838 2783
f 2916 3068 2743
f 2743 3068 2938
f 2818 3058 2918
f 3008 3058 2818
f 3035 2941 2940
f 2919 2802 2941
f 2819 2923 2961
f 2991 3044 2733
f 2920 2922 2921
f 2922 2822 2990
f 2973 2923 2942
f 2924 2943 2923
f 2843 2877 3082
f 2924 2973 3046
f 2943 2864 2887
f 2927 2846 2948
f 2948 2892 2927
f 2895 3013 2910
f 2909 2965 2830
f 2895 2931 2867
f 2953 2898 2881
f 2899 2898 2977
f 2882 2966 3055
f 2898 2966 2855
f 2871 2980 2967
f 2797 2720 2982
f 3015 2872 2901
f 2873 2934 2779
f 3285 3136 2480
f 2904 2935 3017
f 2939 3094 3018
f 2817 2986 3034
f 2841 3007 3019
f 2859 2841 3008
f 2923 3025 2961
f 3082 2823 2843
f 2825 3075 2877
f 2993 2907 2828
f 2864 2943 2996
f 2945 2946 2889
f 2995 2974 2946
f 2948 2846 2974
f 2950 2947 2996
f 2950 2964 2947
f 2926 2891 2950
f 3129 2756 3128
f 2910 3000 2895
f 2851 2930 2928
f 2867 3001 3013
f 2929 2976 2853
f 3000 2931 2895
f 2851 2911 2930
f 2879 2897 2977
f 3055 2966 3063
f 2912 3063 2966
f 2856 2954 2835
f 2835 3078 2813
f 3015 2969 2872
f 2884 2814 2858
f 2874 2814 2970
f 2984 2955 2903
f 2955 2935 2903
f 2983 2937 2956
f 2972 2937 2983
f 2958 2937 2972
f 2958 2838 2937
f 2743 2839 2916
f 3018 2917 2939
f 3034 2986 2987
f 2886 3080 3094
f 3036 2819 2961
f 3044 2703 2992
f 3025 2923 2943
f 2922 3010 2924
f 2924 3010 2943
f 3075 3011 2877
f 3011 2946 2877
f 2845 2733 2944
f 2845 2944 2975
f 2994 2945 2996
f 2996 2945 2926
f 2993 2706 3027
f 2908 2947 2964
f 2926 2950 2996
f 3013 2964 2910
f 2893 2807 2928
f 2953 2830 2965
f 2952 2882 3062
f 2952 2932 2882
f 2900 2967 2980
f 3004 2777 2968
f 2813 3015 2883
f 2968 2777 2913
f 2913 3032 2968
f 2900 3164 2836
f 2934 3032 2913
f 3181 2873 2902
f 3017 2935 3005
f 2936 2957 2985
f 3067 2957 2885
f 3140 2917 3018
f 3034 2987 2988
f 2875 3080 2886
f 2989 3007 3034
f 3056 2875 3069
f 2703 3044 2991
f 3042 3009 2921
f 3021 3009 3042
f 2920 3022 2922
f 2921 2823 3042
f 2825 3009 3072
f 3010 2922 3022
f 2925 2997 2942
f 2946 2945 2994
f 2943 2908 3112
f 2706 3114 3027
f 2908 2964 3112
f 2892 2975 3113
f 2892 3113 2927
f 2963 3012 2909
f 2910 2964 2998
f 2894 3129 2758
f 3115 2925 3062
f 2927 3050 2928
f 2893 3050 3114
f 2893 2928 3050
f 2952 3062 2925
f 2951 2931 3000
f 2977 3001 2879
f 2977 2898 2953
f 2979 3103 2870
f 2870 3103 2856
f 3063 2912 3004
f 2968 3032 3134
f 3181 2934 2873
f 2874 2970 3016
f 2874 3016 3064
f 2971 3005 2985
f 3138 2972 2983
f 2935 2936 3005
f 2983 2956 2955
f 3091 3067 2885
f 2959 3091 2885
f 2959 2917 3091
f 3006 2839 2838
f 3007 3095 3019
f 3035 3038 2941
f 2961 3025 2973
f 2994 2943 3010
f 2946 3111 2877
f 2995 2946 3011
f 2963 3046 3012
f 2974 2995 2948
f 2995 3028 2948
f 3028 2949 2948
f 3013 3127 2964
f 2997 2925 3115
f 2964 2950 2998
f 2999 2998 2950
f 3000 2910 2998
f 3012 2965 2909
f 3149 2976 2929
f 2953 2965 3029
f 3001 2953 3029
f 3001 3002 2953
f 3002 3001 3003
f 2953 3002 2977
f 3003 3001 2977
f 2813 3078 3015
f 3090 2797 2982
f 2969 2982 2837
f 2971 3065 3005
f 3017 2983 2984
f 3005 2936 2985
f 2983 2955 2984
f 2917 3140 3203
f 3006 2838 2958
f 2938 3068 2986
f 2875 3056 3080
f 2841 3058 3008
f 2919 3035 2940
f 2990 3036 2920
f 3035 3070 3038
f 3073 3122 2801
f 3021 3072 3009
f 3044 2992 3075
f 3044 2944 2733
f 2973 3077 3046
f 2992 3047 3075
f 2877 3111 3082
f 3027 2907 2993
f 2994 2996 2943
f 3113 3050 2927
f 3127 3013 3054
f 2998 2999 3000
f 2929 2758 3149
f 2999 2951 3000
f 3002 3029 3131
f 3030 3001 3029
f 3030 3029 3002
f 3030 3002 3003
f 3030 3003 3131
f 2977 3002 3131
f 3131 3003 2977
f 3137 2530 2529
f 3005 3106 3017
f 2958 2972 3139
f 2839 3006 2916
f 2986 3120 2987
f 3007 2989 3095
f 3036 2961 3145
f 2919 2941 3096
f 3096 2941 3037
f 3145 2961 3023
f 3020 2941 3038
f 3020 3021 2941
f 3021 3037 2941
f 3021 3042 3037
f 3041 3022 2920
f 3025 3041 3024
f 3024 3098 3025
f 2961 2973 3023
f 2825 3072 3074
f 3022 3125 3010
f 2973 2942 3023
f 3011 3075 3045
f 3045 2995 3011
f 3027 3026 2907
f 3012 3046 3049
f 3047 2949 3061
f 3028 3061 2949
f 3049 3085 3012
f 3085 3051 3012
f 3129 3052 2758
f 3052 3149 2758
f 3012 3053 2965
f 3054 3013 3001
f 2979 3161 3031
f 2529 3064 3137
f 3138 2983 3165
f 2985 3065 2971
f 3106 2983 3017
f 3138 3139 2972
f 3091 2917 3203
f 3018 3079 3140
f 2987 3033 2988
f 3034 2988 3033
f 2860 2801 3122
f 3020 3040 3039
f 3037 3038 3039
f 3038 3037 3020
f 3040 3020 3037
f 3039 3021 3020
f 3039 3038 3021
f 3042 3040 3037
f 3184 3098 3024
f 3071 3040 3042
f 2823 3110 3042
f 3043 3074 3123
f 3025 3098 2973
f 2973 3098 3077
f 3023 2942 3060
f 3060 2942 3100
f 3010 3111 2994
f 3111 2946 2994
f 2942 2997 3100
f 3048 3100 2997
f 3115 3048 2997
f 3112 2964 3127
f 3062 3147 3115
f 3012 3051 3053
f 2965 3053 3029
f 3062 2882 3029
f 3131 3029 2882
f 3004 3104 3063
f 3181 3105 2934
f 2914 3118 2884
f 2884 2970 2814
f 2985 2957 3067
f 2958 3139 3214
f 3068 3120 2986
f 3183 3079 3018
f 2987 3092 3033
f 3018 3094 3144
f 3034 3057 2989
f 2918 3081 2960
f 3058 2841 3019
f 3058 3081 2918
f 3036 3041 2920
f 3039 3040 3059
f 3039 3059 3037
f 3038 3040 3021
f 3040 3038 3059
f 3070 3059 3038
f 3021 3059 3070
f 3072 3070 3121
f 3021 3070 3072
f 3059 3021 3071
f 3071 3021 3040
f 3082 3110 2823
f 3010 3125 3111
f 3043 3044 3074
f 3074 3075 2825
f 3060 3077 3023
f 3060 3100 3173
f 3077 3100 3158
f 3046 3077 3099
f 3045 3075 3047
f 3046 3084 3049
f 2882 3055 3131
f 2978 3150 2854
f 2854 3150 2980
f 3134 3032 3105
f 3032 2934 3105
f 3005 3065 3106
f 2983 3106 3165
f 3065 2985 3154
f 3006 2958 3214
f 3092 2987 3120
f 3156 3183 3018
f 3018 3144 3156
f 2919 3096 3035
f 3036 3145 3024
f 3096 3037 3121
f 3037 3059 3121
f 3145 3023 3171
f 3072 3121 3059
f 3071 3072 3059
f 3025 3124 3041
f 3110 3071 3042
f 3073 3026 3308
f 3074 3044 3075
f 3023 3077 3173
f 3173 3077 3076
f 3173 3076 3060
f 3173 3100 3083
f 3076 3083 3060
f 3083 3100 3077
f 3077 3060 3083
f 3077 3158 3099
f 3046 3099 3084
f 3061 3045 3047
f 2975 2944 3113
f 3050 3113 3101
f 3050 3101 3114
f 3051 3147 3053
f 3087 3177 3062
f 2979 3031 3103
f 2978 2933 3102
f 3055 3063 3151
f 3103 2954 2856
f 3090 3014 2797
f 2982 2969 3090
f 3078 2969 3015
f 3016 2970 3199
f 3066 3107 3182
f 3066 2985 3107
f 2985 3067 3107
f 3079 3155 3140
f 3033 3092 3093
f 3033 3109 3034
f 3057 3095 2989
f 3024 3041 3036
f 3184 3024 3145
f 3041 3125 3022
f 3098 3076 3077
f 2943 3099 3025
f 2943 3112 3084
f 2995 3045 3028
f 3028 3045 3061
f 3027 3114 3176
f 3115 3147 3051
f 3127 3054 3086
f 3062 3177 3147
f 3001 3148 3054
f 3029 3053 3130
f 3062 3029 3087
f 3029 3130 3087
f 3088 3087 3130
f 3150 2978 3192
f 3089 2900 2980
f 2835 2954 3132
f 3197 2981 3152
f 2981 3014 3152
f 3078 3090 2969
f 3004 2968 3133
f 3164 3118 2914
f 2884 3199 2970
f 3108 2916 3006
f 3120 3068 2916
f 3093 3092 3142
f 3057 3034 3109
f 3240 3056 3069
f 3095 3222 3019
f 2842 2860 3097
f 3123 3172 3043
f 3110 3082 3111
f 3043 3195 3044
f 3099 2943 3084
f 2944 3146 3113
f 3115 3051 3048
f 3160 3053 3147
f 3086 3054 3148
f 3001 3030 3148
f 3131 3178 3030
f 3031 3161 3210
f 2980 3150 3089
f 3102 2933 3163
f 3151 3063 3104
f 3104 3004 3133
f 3152 3014 3090
f 3133 2968 3134
f 3166 2985 3066
f 3154 2985 3166
f 3138 3274 3139
f 3091 3167 3067
f 3119 3120 2916
f 3093 3142 3143
f 3094 3080 3144
f 3033 3093 3109
f 3069 2960 3169
f 2960 3081 3278
f 3035 3096 3241
f 3035 3241 3070
f 3072 3071 3110
f 3122 3073 3308
f 3098 3124 3076
f 3125 3110 3111
f 3076 3025 3099
f 2888 2842 3319
f 3044 3195 2944
f 3076 3158 3083
f 3127 3126 3112
f 3085 3049 3126
f 3130 3053 3160
f 3088 3130 3117
f 3116 3087 3088
f 3088 3117 3116
f 3131 3055 3162
f 3162 3055 3151
f 2835 3132 3078
f 3016 3137 3064
f 3165 3153 3138
f 3106 3065 3154
f 3066 3182 3166
f 3155 3079 3141
f 3056 3240 3080
f 3019 3157 3058
f 3025 3076 3124
f 3023 3173 3171
f 3175 3074 3227
f 3084 3112 3230
f 3100 3048 3189
f 3196 3048 3051
f 3127 3086 3085
f 3196 3051 3085
f 3086 3148 3196
f 3103 3031 3179
f 2981 3197 2933
f 3107 3067 3253
f 3167 3091 3203
f 3093 3143 3109
f 3169 3240 3069
f 3145 3170 3184
f 3041 3124 3125
f 3205 3187 3123
f 3184 3124 3098
f 3074 3072 3227
f 3205 3123 3074
f 3074 3175 3205
f 3083 3158 3173
f 3084 3158 3188
f 3099 3158 3209
f 3158 3084 3209
f 3209 3084 3230
f 3027 3176 3026
f 3049 3084 3126
f 3101 3113 3146
f 3114 3101 3176
f 3126 3127 3085
f 3085 3086 3196
f 3030 3191 3148
f 3030 3178 3191
f 3103 3179 2954
f 3152 3090 3078
f 2900 3234 3164
f 2902 3135 3198
f 3249 2884 3118
f 2884 3249 3199
f 3106 3154 3201
f 3067 3167 3253
f 3006 3214 3108
f 3168 3109 3143
f 3204 3057 3109
f 3057 3204 3095
f 3278 3169 2960
f 3058 3157 3081
f 3019 3222 3157
f 3241 3121 3070
f 3122 3097 2860
f 3185 3072 3110
f 3123 3187 3172
f 3174 3043 3172
f 3174 3195 3043
f 3189 3190 3100
f 3126 3230 3112
f 2962 3268 3128
f 3159 3147 3231
f 3159 3160 3147
f 3130 3160 3178
f 2976 3218 3161
f 3130 3178 3117
f 3116 3271 3087
f 3178 3131 3117
f 3117 3131 3162
f 3116 3117 3151
f 3151 3117 3162
f 3078 3132 3152
f 3134 3193 3133
f 3194 3118 3164
f 3153 3165 3236
f 3201 3165 3106
f 3138 3153 3274
f 3202 3182 3107
f 3182 3212 3166
f 3212 3154 3166
f 3155 3203 3140
f 3141 3079 3183
f 3263 3222 3095
f 3121 3223 3096
f 3122 3186 3097
f 3110 3125 3121
f 3125 3264 3121
f 3076 3188 3158
f 3076 3099 3209
f 3176 3308 3026
f 3158 3100 3258
f 3258 3100 3190
f 2888 3268 2962
f 3084 3189 3126
f 3176 3101 3146
f 3052 3129 3245
f 2976 3259 3218
f 3102 3192 2978
f 3031 3210 3219
f 3219 3179 3031
f 3163 2933 3233
f 3116 3151 3235
f 2954 3180 3132
f 3151 3104 3235
f 3180 3197 3152
f 3164 3246 3194
f 3194 3314 3118
f 3199 3251 3016
f 3212 3201 3154
f 3203 3254 3167
f 3214 3289 3108
f 3239 3183 3156
f 3277 3144 3080
f 3109 3168 3204
f 3204 3263 3095
f 3145 3171 3170
f 3305 3110 3121
f 3097 3186 2842
f 3205 3175 3208
f 3084 3188 3189
f 3126 3189 3217
f 3189 3048 3217
f 3196 3217 3048
f 3128 3245 3129
f 3052 3245 3283
f 3161 3218 3210
f 3089 3298 2900
f 3163 3233 3210
f 3179 3180 2954
f 3233 2933 3197
f 3180 3152 3132
f 3134 3105 3193
f 3194 3300 3314
f 3341 3153 3236
f 3213 3202 3107
f 3108 3119 2916
f 3119 3221 3120
f 3255 3156 3144
f 3080 3240 3277
f 3170 3215 3184
f 3124 3184 3215
f 3121 3241 3243
f 3125 3124 3264
f 3122 3308 3186
f 3216 3188 3076
f 3268 2888 3319
f 3258 3173 3158
f 3217 3230 3126
f 3147 3177 3231
f 3148 3159 3196
f 3052 3283 3259
f 3052 3259 3149
f 2976 3149 3259
f 3191 3160 3159
f 3159 3148 3191
f 3160 3191 3178
f 3192 3089 3150
f 3180 3179 3219
f 3219 3197 3180
f 3133 3193 3273
f 3193 3105 3247
f 3105 3181 3247
f 2902 3198 3181
f 3118 3314 3248
f 3118 3248 3249
f 3251 3199 3249
f 3253 3213 3107
f 3167 3254 3238
f 3214 3139 3302
f 3214 3302 3342
f 3303 3141 3183
f 3290 3142 3092
f 3223 3241 3096
f 3121 3264 3223
f 3305 3121 3243
f 3257 3216 3076
f 3206 3187 3205
f 3207 3206 3174
f 3205 3174 3206
f 3208 3174 3205
f 3174 3172 3207
f 3172 3228 3207
f 3195 3208 3206
f 3195 3206 3207
f 3195 3174 3208
f 3195 3207 3308
f 2944 3195 3308
f 3190 3189 3229
f 3231 3196 3159
f 3177 3087 3232
f 3133 3273 3104
f 3234 3246 3164
f 3198 3135 3417
f 3417 3136 3285
f 3016 3251 3261
f 3252 3137 3016
f 3200 3378 3137
f 3211 3236 3165
f 3301 3201 3237
f 3201 3212 3237
f 3139 3274 3302
f 3203 3155 3254
f 3239 3303 3183
f 3239 3156 3276
f 3156 3255 3276
f 3143 3292 3168
f 3215 3216 3124
f 3224 3225 3171
f 3185 3266 3072
f 3172 3187 3206
f 3206 3228 3172
f 3228 3206 3208
f 3332 3257 3076
f 3076 3209 3332
f 3258 3190 3231
f 3231 3190 3229
f 3196 3282 3217
f 3231 3282 3196
f 3177 3232 3231
f 3219 3210 3233
f 2900 3298 3234
f 3116 3235 3271
f 3273 3193 3247
f 3194 3220 3300
f 3261 3252 3016
f 3137 3252 3200
f 3201 3211 3165
f 3212 3182 3237
f 3202 3237 3182
f 3202 3213 3262
f 3221 3092 3120
f 3142 3317 3304
f 3143 3142 3304
f 3143 3304 3292
f 3169 3278 3240
f 3168 3263 3204
f 3081 3370 3278
f 3157 3370 3081
f 3256 3279 3170
f 3170 3279 3215
f 3170 3171 3256
f 3256 3225 3242
f 3256 3171 3225
f 3216 3215 3225
f 3185 3110 3266
f 3305 3266 3110
f 3225 3224 3293
f 3171 3265 3224
f 3226 3265 3171
f 3293 3265 3225
f 3225 3265 3216
f 3346 3124 3216
f 3216 3257 3346
f 3188 3216 3265
f 3171 3173 3244
f 3072 3266 3227
f 3186 3319 2842
f 3308 3146 2944
f 3269 3209 3230
f 3217 3280 3230
f 3128 3268 3245
f 3229 3282 3231
f 3192 3102 3312
f 3087 3271 3232
f 3089 3192 3312
f 3219 3233 3197
f 3235 3104 3273
f 3378 3285 3137
f 3316 3201 3301
f 3213 3253 3288
f 3253 3167 3275
f 3214 3342 3289
f 3291 3239 3276
f 3277 3255 3144
f 3157 3222 3370
f 3225 3215 3242
f 3242 3293 3256
f 3293 3224 3226
f 3265 3226 3294
f 3294 3226 3242
f 3224 3242 3226
f 3242 3224 3265
f 3242 3265 3293
f 3171 3244 3226
f 3308 3319 3186
f 3265 3267 3188
f 3173 3258 3244
f 3175 3365 3208
f 3189 3188 3267
f 3189 3267 3229
f 3308 3176 3146
f 3258 3231 3390
f 3281 3217 3282
f 3231 3232 3325
f 3271 3235 3354
f 3359 3274 3153
f 3253 3275 3288
f 3361 3155 3141
f 3291 3303 3239
f 3346 3264 3124
f 3228 3308 3207
f 3229 3267 3295
f 3230 3280 3269
f 3229 3295 3282
f 3280 3217 3281
f 3401 3245 3268
f 3284 3281 3282
f 3163 3313 3102
f 3234 3298 3272
f 3272 3246 3234
f 3246 3220 3194
f 3251 3249 3250
f 3436 3274 3359
f 3288 3262 3213
f 3167 3238 3275
f 3141 3303 3361
f 3381 3092 3221
f 3290 3092 3381
f 3317 3142 3290
f 3263 3318 3222
f 3215 3279 3242
f 3264 3346 3306
f 3226 3244 3293
f 3346 3257 3294
f 3332 3264 3306
f 3332 3306 3257
f 3227 3266 3365
f 3175 3227 3365
f 3245 3326 3283
f 3282 3325 3284
f 3284 3325 3232
f 3297 3284 3232
f 3232 3270 3297
f 3270 3232 3271
f 3102 3313 3312
f 3312 3402 3089
f 3210 3313 3163
f 3298 3367 3272
f 3181 3198 3247
f 3300 3357 3314
f 3198 3417 3260
f 3249 3248 3250
f 3301 3261 3316
f 3301 3252 3261
f 3301 3237 3286
f 3341 3359 3153
f 3237 3202 3287
f 3360 3419 3274
f 3119 3329 3221
f 3329 3381 3221
f 3276 3255 3291
f 3399 3168 3292
f 3369 3263 3168
f 3294 3257 3307
f 3331 3228 3208
f 3228 3387 3308
f 3209 3334 3332
f 3319 3330 3268
f 3295 3310 3282
f 3325 3296 3231
f 3402 3298 3089
f 3299 3270 3271
f 3273 3247 3368
f 3358 3251 3250
f 3261 3251 3327
f 3261 3327 3316
f 3252 3301 3286
f 3262 3287 3202
f 3360 3274 3436
f 3419 3302 3274
f 3108 3289 3119
f 3240 3278 3407
f 3318 3263 3369
f 3222 3318 3408
f 3279 3256 3293
f 3243 3241 3363
f 3364 3294 3242
f 3346 3294 3364
f 3305 3243 3383
f 3305 3458 3344
f 3264 3332 3386
f 3267 3265 3294
f 3208 3365 3331
f 3308 3387 3319
f 3269 3334 3209
f 3296 3390 3231
f 3282 3324 3350
f 3350 3325 3282
f 3281 3351 3280
f 3281 3284 3351
f 3218 3259 3338
f 3218 3313 3210
f 3270 3339 3297
f 3355 3246 3272
f 3368 3415 3273
f 3246 3356 3220
f 3220 3357 3300
f 3251 3358 3327
f 3286 3237 3287
f 3379 3119 3289
f 3329 3119 3379
f 3291 3382 3303
f 3398 3291 3255
f 3255 3277 3398
f 3240 3407 3277
f 3278 3370 3482
f 3241 3223 3363
f 3244 3409 3293
f 3244 3258 3409
f 3387 3228 3331
f 3294 3307 3267
f 3307 3388 3267
f 3330 3439 3268
f 3295 3267 3335
f 3280 3321 3269
f 3310 3295 3309
f 3282 3310 3324
f 3350 3351 3325
f 3283 3326 3338
f 3297 3325 3351
f 3311 3296 3325
f 3338 3259 3283
f 3393 3298 3402
f 3271 3354 3299
f 3355 3356 3246
f 3235 3273 3415
f 3314 3315 3248
f 3302 3419 3342
f 3155 3426 3254
f 3361 3303 3382
f 3277 3407 3398
f 3278 3482 3407
f 3279 3293 3427
f 3242 3279 3364
f 3345 3346 3364
f 3264 3383 3223
f 3306 3347 3257
f 3307 3257 3347
f 3307 3430 3388
f 3268 3501 3401
f 3295 3335 3320
f 3269 3295 3320
f 3321 3310 3335
f 3309 3320 3335
f 3309 3335 3310
f 3321 3320 3309
f 3321 3309 3295
f 3321 3295 3269
f 3321 3322 3310
f 3336 3323 3349
f 3323 3310 3349
f 3310 3322 3349
f 3322 3323 3336
f 3321 3280 3322
f 3323 3324 3310
f 3324 3323 3337
f 3322 3337 3323
f 3322 3280 3337
f 3401 3326 3245
f 3284 3297 3351
f 3311 3325 3297
f 3218 3338 3313
f 3338 3312 3313
f 3367 3298 3353
f 3353 3298 3393
f 3367 3355 3272
f 3446 3417 3285
f 3285 3378 3446
f 3418 3201 3316
f 3341 3236 3328
f 3211 3328 3236
f 3359 3341 3453
f 3398 3382 3291
f 3304 3362 3292
f 3168 3399 3369
f 3370 3222 3469
f 3363 3223 3371
f 3383 3243 3363
f 3305 3344 3266
f 3330 3470 3372
f 3330 3387 3470
f 3386 3332 3345
f 3330 3319 3387
f 3267 3388 3389
f 3335 3349 3348
f 3335 3348 3321
f 3348 3320 3321
f 3349 3322 3348
f 3335 3324 3349
f 3349 3324 3336
f 3322 3336 3348
f 3324 3337 3336
f 3337 3280 3376
f 3297 3339 3311
f 3311 3339 3443
f 3338 3352 3312
f 3339 3270 3340
f 3235 3394 3354
f 3368 3247 3198
f 3418 3316 3327
f 3359 3466 3436
f 3426 3155 3361
f 3343 3304 3317
f 3399 3292 3362
f 3223 3383 3371
f 3438 3386 3345
f 3346 3345 3347
f 3383 3458 3305
f 3306 3346 3347
f 3347 3345 3332
f 3258 3400 3409
f 3258 3390 3400
f 3439 3501 3268
f 3391 3269 3320
f 3336 3337 3374
f 3374 3337 3376
f 3376 3280 3351
f 3432 3326 3401
f 3338 3326 3352
f 3270 3299 3340
f 3367 3414 3355
f 3235 3415 3394
f 3250 3248 3315
f 3341 3328 3453
f 3286 3200 3252
f 3262 3288 3287
f 3360 3396 3419
f 3304 3343 3362
f 3318 3448 3408
f 3279 3427 3364
f 3293 3409 3456
f 3427 3385 3364
f 3347 3385 3307
f 3385 3347 3384
f 3267 3389 3335
f 3390 3296 3375
f 3296 3311 3366
f 3326 3496 3352
f 3352 3402 3312
f 3367 3353 3414
f 3299 3354 3394
f 3415 3368 3395
f 3423 3220 3356
f 3368 3198 3260
f 3357 3220 3377
f 3357 3315 3314
f 3377 3250 3315
f 3358 3250 3377
f 3435 3358 3416
f 3329 3380 3381
f 3449 3266 3344
f 3345 3364 3455
f 3383 3264 3386
f 3410 3387 3333
f 3388 3391 3389
f 3320 3348 3391
f 3373 3374 3376
f 3350 3373 3376
f 3392 3350 3376
f 3411 3351 3350
f 3411 3350 3392
f 3351 3411 3376
f 3296 3366 3375
f 3311 3443 3366
f 3326 3432 3496
f 3352 3496 3402
f 3402 3403 3393
f 3393 3479 3353
f 3355 3445 3356
f 3377 3315 3357
f 3201 3418 3211
f 3286 3287 3404
f 3361 3382 3454
f 3381 3507 3290
f 3482 3370 3469
f 3408 3469 3222
f 3293 3456 3427
f 3363 3516 3383
f 3364 3384 3455
f 3384 3364 3385
f 3384 3347 3460
f 3307 3385 3430
f 3347 3332 3460
f 3269 3391 3388
f 3389 3324 3335
f 3348 3336 3374
f 3390 3375 3477
f 3324 3373 3350
f 3412 3392 3376
f 3392 3412 3373
f 3374 3373 3412
f 3412 3376 3411
f 3375 3366 3413
f 3465 3403 3402
f 3414 3353 3479
f 3356 3445 3423
f 3377 3220 3423
f 3453 3466 3359
f 3200 3404 3378
f 3360 3436 3396
f 3288 3529 3287
f 3288 3275 3529
f 3505 3275 3238
f 3238 3254 3505
f 3426 3474 3254
f 3381 3475 3437
f 3455 3438 3345
f 3449 3515 3266
f 3383 3386 3458
f 3332 3334 3460
f 3430 3269 3388
f 3430 3334 3269
f 3400 3390 3477
f 3391 3348 3422
f 3373 3411 3392
f 3413 3366 3443
f 3402 3444 3465
f 3393 3403 3451
f 3299 3394 3472
f 3377 3473 3358
f 3435 3327 3358
f 3286 3404 3200
f 3289 3405 3379
f 3475 3381 3380
f 3290 3507 3317
f 3317 3507 3343
f 3343 3500 3362
f 3407 3482 3537
f 3344 3458 3539
f 3515 3365 3266
f 3330 3372 3439
f 3484 3385 3427
f 3385 3484 3409
f 3385 3409 3430
f 3400 3421 3409
f 3430 3409 3421
f 3391 3421 3389
f 3462 3391 3422
f 3422 3348 3374
f 3477 3375 3442
f 3411 3373 3375
f 3411 3375 3412
f 3413 3412 3375
f 3339 3340 3443
f 3488 3340 3299
f 3472 3488 3299
f 3377 3423 3473
f 3358 3473 3416
f 3327 3424 3418
f 3529 3404 3287
f 3489 3289 3342
f 3379 3405 3575
f 3329 3379 3575
f 3381 3437 3507
f 3382 3397 3454
f 3398 3397 3382
f 3438 3420 3386
f 3387 3410 3470
f 3421 3391 3462
f 3432 3486 3496
f 3496 3444 3402
f 3340 3488 3443
f 3479 3433 3414
f 3415 3498 3394
f 3416 3452 3435
f 3419 3425 3342
f 3576 3329 3575
f 3426 3361 3506
f 3361 3454 3506
f 3343 3406 3500
f 3407 3491 3398
f 3399 3362 3538
f 3399 3538 3369
f 3372 3470 3583
f 3371 3383 3457
f 3371 3516 3363
f 3409 3484 3456
f 3484 3427 3440
f 3384 3460 3471
f 3410 3333 3431
f 3462 3430 3421
f 3389 3421 3441
f 3324 3442 3373
f 3442 3375 3373
f 3414 3433 3355
f 3415 3395 3434
f 3423 3445 3480
f 3395 3368 3260
f 3254 3474 3505
f 3489 3405 3289
f 3343 3507 3536
f 3469 3408 3448
f 3383 3516 3457
f 3483 3458 3429
f 3455 3384 3517
f 3517 3384 3471
f 3331 3365 3515
f 3334 3430 3460
f 3421 3400 3450
f 3450 3441 3421
f 3389 3442 3324
f 3432 3401 3501
f 3412 3413 3487
f 3465 3513 3403
f 3355 3433 3445
f 3479 3393 3497
f 3473 3452 3416
f 3447 3418 3424
f 3211 3418 3447
f 3467 3396 3436
f 3396 3467 3419
f 3425 3419 3467
f 3426 3481 3474
f 3426 3506 3481
f 3536 3406 3343
f 3539 3493 3344
f 3428 3439 3372
f 3539 3458 3483
f 3450 3459 3484
f 3484 3440 3495
f 3450 3484 3495
f 3410 3431 3494
f 3450 3400 3459
f 3430 3462 3460
f 3389 3441 3463
f 3442 3389 3463
f 3412 3422 3374
f 3464 3442 3412
f 3412 3487 3464
f 3423 3480 3473
f 3328 3211 3447
f 3446 3378 3404
f 3466 3555 3436
f 3342 3425 3489
f 3318 3369 3468
f 3344 3493 3449
f 3371 3564 3516
f 3400 3477 3459
f 3450 3462 3441
f 3461 3431 3333
f 3441 3462 3422
f 3463 3441 3422
f 3463 3422 3412
f 3443 3532 3413
f 3488 3472 3478
f 3473 3528 3452
f 3454 3476 3506
f 3476 3454 3397
f 3469 3582 3482
f 3583 3428 3372
f 3427 3456 3526
f 3438 3457 3420
f 3438 3455 3457
f 3386 3420 3458
f 3484 3459 3546
f 3387 3331 3333
f 3461 3333 3331
f 3485 3477 3442
f 3463 3412 3442
f 3442 3464 3485
f 3424 3327 3435
f 3453 3599 3466
f 3380 3329 3576
f 3468 3448 3318
f 3515 3449 3493
f 3428 3618 3439
f 3526 3440 3427
f 3470 3410 3494
f 3462 3495 3460
f 3462 3450 3495
f 3444 3521 3465
f 3451 3403 3513
f 3393 3451 3497
f 3415 3434 3498
f 3436 3555 3467
f 3275 3505 3529
f 3481 3524 3474
f 3437 3475 3499
f 3491 3397 3398
f 3582 3469 3448
f 3526 3584 3440
f 3495 3551 3460
f 3501 3502 3432
f 3487 3413 3532
f 3473 3534 3528
f 3447 3535 3328
f 3453 3328 3535
f 3474 3623 3505
f 3489 3561 3405
f 3475 3490 3499
f 3437 3499 3507
f 3538 3362 3500
f 3526 3456 3545
f 3457 3455 3517
f 3470 3494 3583
f 3551 3471 3460
f 3331 3572 3461
f 3494 3431 3530
f 3477 3509 3459
f 3464 3487 3520
f 3443 3488 3532
f 3521 3513 3465
f 3478 3472 3522
f 3498 3472 3394
f 3480 3559 3473
f 3534 3473 3559
f 3560 3452 3528
f 3474 3605 3623
f 3481 3506 3524
f 3380 3600 3475
f 3490 3475 3600
f 3536 3507 3499
f 3369 3538 3468
f 3541 3508 3492
f 3371 3457 3564
f 3456 3484 3546
f 3429 3527 3515
f 3331 3518 3572
f 3459 3509 3546
f 3477 3485 3519
f 3464 3511 3485
f 3511 3464 3520
f 3532 3488 3504
f 3488 3478 3504
f 3435 3452 3560
f 3424 3435 3560
f 3598 3447 3424
f 3453 3535 3599
f 3562 3506 3476
f 3562 3476 3514
f 3476 3397 3514
f 3536 3579 3406
f 3516 3420 3457
f 3429 3458 3602
f 3471 3551 3517
f 3495 3440 3510
f 3551 3495 3552
f 3519 3509 3477
f 3478 3522 3504
f 3522 3472 3543
f 3497 3523 3479
f 3570 3489 3425
f 3407 3537 3491
f 3537 3482 3582
f 3483 3542 3539
f 3547 3492 3508
f 3515 3593 3429
f 3429 3542 3483
f 3542 3429 3593
f 3461 3530 3431
f 3486 3503 3496
f 3487 3532 3586
f 3444 3496 3521
f 3512 3451 3513
f 3523 3433 3479
f 3417 3446 3260
f 3598 3424 3554
f 3404 3529 3657
f 3474 3524 3605
f 3562 3524 3506
f 3600 3380 3576
f 3577 3397 3491
f 3457 3556 3564
f 3541 3492 3629
f 3493 3593 3515
f 3420 3516 3458
f 3458 3516 3548
f 3602 3458 3548
f 3515 3547 3331
f 3547 3518 3331
f 3429 3602 3527
f 3583 3494 3550
f 3509 3573 3546
f 3451 3620 3497
f 3472 3498 3543
f 3395 3260 3434
f 3560 3554 3424
f 3599 3555 3466
f 3404 3588 3446
f 3555 3569 3467
f 3467 3570 3425
f 3537 3582 3581
f 3526 3545 3525
f 3525 3584 3526
f 3545 3456 3546
f 3492 3547 3629
f 3547 3508 3549
f 3515 3595 3547
f 3515 3527 3595
f 3440 3584 3540
f 3618 3501 3439
f 3552 3619 3551
f 3495 3510 3509
f 3552 3495 3509
f 3509 3519 3552
f 3519 3531 3552
f 3504 3522 3532
f 3544 3528 3534
f 3405 3561 3575
f 3562 3514 3563
f 3536 3499 3614
f 3397 3577 3514
f 3491 3537 3581
f 3582 3652 3581
f 3525 3640 3584
f 3531 3519 3553
f 3519 3485 3553
f 3520 3487 3565
f 3487 3586 3565
f 3543 3533 3522
f 3523 3696 3433
f 3467 3569 3570
f 3529 3505 3623
f 3489 3570 3561
f 3524 3562 3606
f 3500 3578 3538
f 3448 3468 3582
f 3525 3592 3589
f 3539 3591 3493
f 3517 3551 3571
f 3510 3440 3540
f 3531 3509 3510
f 3511 3520 3613
f 3586 3532 3587
f 3513 3661 3512
f 3532 3522 3587
f 3433 3480 3445
f 3632 3544 3534
f 3568 3528 3544
f 3568 3560 3528
f 3446 3588 3688
f 3581 3577 3491
f 3500 3579 3578
f 3592 3525 3545
f 3525 3589 3640
f 3508 3541 3558
f 3571 3457 3517
f 3572 3695 3461
f 3695 3530 3461
f 3509 3531 3573
f 3552 3531 3510
f 3553 3485 3511
f 3520 3565 3613
f 3503 3521 3496
f 3451 3512 3620
f 3533 3543 3566
f 3498 3434 3574
f 3567 3559 3480
f 3559 3567 3534
f 3582 3468 3635
f 3592 3545 3590
f 3629 3628 3541
f 3584 3640 3590
f 3545 3546 3617
f 3564 3557 3516
f 3557 3548 3516
f 3594 3547 3558
f 3547 3549 3558
f 3549 3508 3609
f 3609 3695 3549
f 3571 3551 3619
f 3695 3572 3549
f 3540 3552 3510
f 3502 3486 3432
f 3586 3587 3596
f 3521 3661 3513
f 3522 3533 3587
f 3433 3567 3480
f 3447 3598 3535
f 3404 3657 3588
f 3529 3623 3622
f 3624 3575 3561
f 3579 3500 3406
f 3590 3545 3617
f 3607 3618 3428
f 3542 3668 3539
f 3542 3602 3668
f 3617 3546 3573
f 3584 3603 3540
f 3610 3552 3540
f 3501 3649 3502
f 3596 3587 3631
f 3620 3597 3497
f 3543 3498 3566
f 3597 3523 3497
f 3433 3696 3567
f 3434 3260 3574
f 3657 3529 3622
f 3576 3575 3624
f 3539 3668 3591
f 3457 3571 3556
f 3609 3655 3695
f 3603 3610 3540
f 3611 3531 3553
f 3620 3512 3704
f 3498 3574 3566
f 3534 3567 3632
f 3524 3606 3674
f 3624 3600 3576
f 3563 3606 3562
f 3490 3600 3625
f 3490 3625 3499
f 3578 3579 3580
f 3646 3538 3578
f 3652 3582 3635
f 3558 3541 3628
f 3527 3602 3542
f 3609 3508 3558
f 3573 3531 3611
f 3553 3511 3585
f 3587 3533 3631
f 3661 3775 3512
f 3523 3597 3696
f 3560 3568 3554
f 3650 3561 3570
f 3650 3624 3561
f 3625 3614 3499
f 3601 3536 3614
f 3579 3536 3601
f 3592 3653 3589
f 3592 3590 3640
f 3628 3629 3616
f 3593 3591 3668
f 3591 3593 3493
f 3628 3594 3558
f 3556 3571 3640
f 3629 3547 3595
f 3584 3590 3603
f 3594 3648 3547
f 3648 3518 3547
f 3558 3549 3637
f 3596 3565 3586
f 3598 3554 3719
f 3599 3535 3720
f 3622 3623 3689
f 3524 3722 3605
f 3590 3653 3654
f 3592 3654 3653
f 3640 3653 3682
f 3556 3557 3564
f 3583 3607 3428
f 3682 3654 3592
f 3682 3592 3640
f 3668 3741 3593
f 3557 3636 3548
f 3548 3636 3602
f 3572 3637 3549
f 3572 3518 3630
f 3619 3552 3603
f 3553 3585 3611
f 3566 3574 3621
f 3568 3544 3604
f 3722 3524 3674
f 3674 3606 3651
f 3634 3601 3614
f 3577 3581 3664
f 3635 3468 3647
f 3538 3646 3468
f 3640 3571 3608
f 3619 3603 3590
f 3619 3608 3571
f 3637 3572 3630
f 3603 3552 3610
f 3585 3511 3612
f 3486 3765 3503
f 3512 3775 3704
f 3621 3574 3743
f 3568 3604 3719
f 3719 3554 3568
f 3614 3625 3633
f 3468 3646 3647
f 3713 3589 3653
f 3556 3627 3626
f 3550 3607 3583
f 3590 3617 3641
f 3628 3637 3594
f 3593 3730 3542
f 3629 3595 3648
f 3609 3558 3637
f 3550 3494 3699
f 3494 3530 3685
f 3649 3821 3502
f 3612 3611 3585
f 3596 3678 3565
f 3711 3260 3446
f 3599 3720 3555
f 3720 3639 3555
f 3569 3555 3639
f 3673 3689 3623
f 3624 3650 3691
f 3624 3625 3600
f 3577 3645 3514
f 3652 3664 3581
f 3653 3590 3682
f 3725 3653 3640
f 3556 3640 3627
f 3593 3741 3730
f 3590 3654 3619
f 3594 3637 3648
f 3654 3608 3619
f 3518 3648 3595
f 3617 3573 3656
f 3612 3511 3638
f 3511 3613 3638
f 3596 3631 3678
f 3574 3260 3743
f 3696 3632 3567
f 3632 3643 3544
f 3563 3651 3606
f 3633 3634 3614
f 3514 3645 3563
f 3675 3666 3615
f 3590 3641 3682
f 3656 3641 3617
f 3542 3676 3527
f 3630 3648 3637
f 3502 3708 3486
f 3642 3638 3613
f 3613 3565 3642
f 3678 3631 3671
f 3643 3604 3544
f 3563 3645 3659
f 3578 3580 3646
f 3589 3713 3640
f 3527 3676 3595
f 3685 3773 3494
f 3530 3695 3685
f 3573 3611 3686
f 3686 3611 3702
f 3612 3702 3611
f 3533 3662 3631
f 3533 3566 3662
f 3743 3260 3711
f 3639 3570 3569
f 3580 3579 3601
f 3635 3739 3652
f 3700 3654 3682
f 3628 3697 3637
f 3640 3608 3725
f 3668 3602 3684
f 3636 3684 3602
f 3542 3730 3676
f 3609 3637 3655
f 3699 3494 3773
f 3757 3702 3612
f 3708 3502 3821
f 3660 3612 3638
f 3638 3642 3677
f 3678 3642 3565
f 3446 3688 3672
f 3650 3570 3712
f 3624 3691 3644
f 3624 3644 3625
f 3644 3633 3625
f 3651 3563 3659
f 3664 3652 3681
f 3681 3652 3739
f 3626 3557 3556
f 3713 3627 3640
f 3668 3694 3741
f 3697 3628 3666
f 3616 3697 3667
f 3772 3501 3618
f 3573 3686 3656
f 3631 3662 3671
f 3588 3657 3759
f 3673 3623 3658
f 3605 3722 3658
f 3748 3633 3644
f 3601 3634 3580
f 3577 3664 3737
f 3663 3646 3580
f 3713 3653 3725
f 3616 3667 3628
f 3550 3699 3607
f 3677 3660 3638
f 3670 3677 3642
f 3687 3620 3704
f 3621 3662 3566
f 3620 3679 3597
f 3598 3734 3535
f 3734 3720 3535
f 3622 3744 3657
f 3623 3605 3658
f 3674 3651 3692
f 3659 3692 3651
f 3577 3737 3645
f 3615 3665 3675
f 3615 3666 3665
f 3713 3626 3627
f 3628 3665 3666
f 3667 3666 3675
f 3629 3697 3616
f 3682 3641 3683
f 3700 3608 3654
f 3656 3716 3641
f 3669 3716 3656
f 3686 3669 3656
f 3649 3501 3853
f 3612 3660 3757
f 3642 3678 3670
f 3521 3503 3871
f 3521 3871 3661
f 3822 3719 3604
f 3712 3570 3639
f 3634 3633 3752
f 3646 3663 3647
f 3635 3723 3728
f 3635 3647 3723
f 3741 3694 3714
f 3665 3628 3667
f 3675 3665 3667
f 3682 3693 3700
f 3683 3641 3716
f 3607 3772 3618
f 3518 3595 3676
f 3501 3772 3853
f 3671 3662 3709
f 3643 3632 3710
f 3643 3710 3604
f 3657 3744 3759
f 3622 3689 3745
f 3689 3673 3680
f 3690 3680 3673
f 3722 3674 3692
f 3659 3645 3692
f 3633 3748 3752
f 3727 3580 3634
f 3580 3727 3663
f 3663 3723 3647
f 3682 3683 3724
f 3697 3666 3667
f 3608 3700 3725
f 3742 3698 3700
f 3683 3716 3742
f 3655 3637 3697
f 3703 3670 3678
f 3671 3703 3678
f 3687 3704 3726
f 3662 3621 3709
f 3687 3679 3620
f 3710 3632 3696
f 3711 3446 3672
f 3673 3658 3690
f 3747 3658 3722
f 3692 3645 3736
f 3736 3645 3737
f 3635 3728 3739
f 3682 3724 3693
f 3636 3557 3626
f 3683 3742 3715
f 3715 3742 3700
f 3694 3668 3684
f 3698 3742 3707
f 3676 3630 3518
f 3698 3707 3755
f 3716 3669 3718
f 3669 3686 3701
f 3719 3733 3598
f 3733 3734 3598
f 3745 3744 3622
f 3639 3720 3751
f 3691 3650 3705
f 3691 3806 3644
f 3626 3713 3771
f 3724 3683 3706
f 3693 3715 3700
f 3683 3715 3706
f 3725 3700 3698
f 3629 3648 3749
f 3697 3717 3655
f 3686 3732 3701
f 3686 3702 3732
f 3836 3679 3687
f 3688 3588 3759
f 3639 3721 3712
f 3705 3650 3712
f 3772 3607 3699
f 3697 3629 3749
f 3655 3717 3695
f 3677 3670 3774
f 3671 3709 3835
f 3604 3710 3904
f 3658 3779 3690
f 3658 3747 3779
f 3761 3752 3748
f 3634 3752 3727
f 3828 3741 3714
f 3714 3694 3684
f 3725 3698 3771
f 3716 3715 3762
f 3730 3754 3676
f 3789 3676 3754
f 3648 3630 3749
f 3695 3717 3685
f 3669 3701 3718
f 3660 3677 3774
f 3687 3726 3916
f 3604 3904 3822
f 3689 3680 3745
f 3712 3811 3705
f 3748 3644 3806
f 3731 3706 3715
f 3716 3731 3715
f 3771 3698 3782
f 3697 3763 3717
f 3716 3718 3731
f 3707 3742 3796
f 3687 3916 3836
f 3873 3621 3743
f 3719 3822 3733
f 3758 3735 3734
f 3720 3734 3751
f 3736 3747 3722
f 3736 3722 3692
f 3727 3738 3663
f 3737 3664 3681
f 3739 3728 3770
f 3715 3740 3762
f 3716 3762 3742
f 3698 3755 3782
f 3718 3750 3731
f 3773 3685 3717
f 3649 3947 3820
f 3702 3757 3732
f 3660 3774 3757
f 3709 3621 3873
f 3597 3710 3696
f 3735 3751 3734
f 3639 3751 3721
f 3802 3690 3779
f 3779 3747 3803
f 3769 3691 3705
f 3737 3812 3736
f 3828 3714 3877
f 3771 3713 3725
f 3693 3740 3715
f 3626 3827 3636
f 3630 3676 3764
f 3701 3732 3800
f 3774 3670 3783
f 3670 3703 3783
f 3661 3791 3775
f 3671 3835 3703
f 3734 3733 3758
f 3735 3746 3751
f 3758 3760 3746
f 3751 3746 3767
f 3680 3690 3802
f 3691 3769 3806
f 3681 3739 3865
f 3706 3693 3724
f 3827 3626 3771
f 3740 3693 3706
f 3762 3796 3742
f 3749 3630 3764
f 3763 3797 3717
f 3756 3701 3800
f 3820 3821 3649
f 3833 3732 3757
f 3486 3708 3765
f 3758 3733 3776
f 3758 3776 3760
f 3758 3746 3810
f 3811 3712 3721
f 3826 3769 3705
f 3806 3792 3748
f 3792 3761 3748
f 3727 3752 3738
f 3737 3681 3807
f 3827 3684 3636
f 3740 3706 3753
f 3753 3762 3740
f 3706 3731 3781
f 3676 3798 3764
f 3853 3947 3649
f 3718 3701 3756
f 3732 3833 3800
f 3704 3775 3726
f 3760 3744 3745
f 3735 3823 3746
f 3766 3760 3745
f 3766 3745 3680
f 3760 3778 3746
f 3767 3746 3778
f 3721 3801 3811
f 3804 3747 3736
f 3738 3752 3786
f 3786 3752 3761
f 3737 3807 3812
f 3807 3681 3865
f 3865 3739 3876
f 3770 3876 3739
f 3813 3827 3771
f 3714 3684 3827
f 3706 3781 3753
f 3741 3841 3730
f 3763 3697 3749
f 3762 3753 3796
f 3731 3750 3781
f 3750 3718 3756
f 3760 3776 3744
f 3760 3777 3778
f 3751 3839 3721
f 3777 3766 3778
f 3680 3768 3766
f 3812 3804 3736
f 3841 3741 3828
f 3813 3771 3842
f 3795 3782 3755
f 3764 3797 3749
f 3676 3789 3798
f 3707 3796 3755
f 3835 3709 3873
f 3776 3733 3890
f 3759 3744 3784
f 3735 3845 3823
f 3785 3721 3839
f 3705 3811 3826
f 3747 3804 3803
f 3738 3723 3663
f 3723 3738 3770
f 3770 3728 3723
f 3729 3814 3780
f 3850 3814 3729
f 3842 3795 3815
f 3780 3816 3729
f 3816 3850 3729
f 3782 3795 3842
f 3841 3754 3730
f 3797 3763 3749
f 3852 3781 3750
f 3797 3799 3717
f 3750 3756 3852
f 3757 3774 3790
f 3703 3835 3783
f 3726 3965 3916
f 3733 3822 3925
f 3744 3776 3784
f 3810 3746 3823
f 3766 3777 3838
f 3751 3767 3846
f 3778 3766 3857
f 3721 3785 3801
f 3846 3767 3858
f 3811 3824 3826
f 3779 3862 3802
f 3803 3804 3805
f 3794 3753 3787
f 3753 3781 3787
f 3842 3771 3782
f 3755 3809 3795
f 3764 3799 3797
f 3833 3832 3800
f 3833 3757 3834
f 3774 3783 3855
f 3845 3735 3758
f 3766 3838 3760
f 3810 3777 3760
f 3839 3751 3846
f 3778 3810 3767
f 3778 3857 3840
f 3801 3847 3811
f 3801 3848 3824
f 3802 3768 3680
f 3761 3792 3786
f 3792 3738 3786
f 3808 3770 3738
f 3827 3877 3714
f 3753 3794 3878
f 3796 3753 3809
f 3755 3796 3809
f 3756 3844 3852
f 3844 3756 3800
f 3800 3870 3844
f 3855 3790 3774
f 3890 3733 3925
f 3845 3758 3810
f 3838 3777 3840
f 3810 3840 3777
f 3778 3840 3810
f 3785 3848 3801
f 3801 3824 3847
f 3811 3847 3824
f 3862 3779 3803
f 3812 3805 3804
f 3792 3808 3738
f 3807 3865 3793
f 3770 3808 3876
f 3831 3818 3817
f 3870 3800 3832
f 3871 3791 3661
f 3835 3872 3783
f 3672 3688 3837
f 3890 3784 3776
f 3766 3768 3860
f 3768 3802 3891
f 3862 3891 3802
f 3788 3901 3780
f 3809 3753 3878
f 3842 3815 3829
f 3795 3809 3815
f 3911 3764 3798
f 3790 3834 3757
f 3810 3838 3845
f 3760 3838 3810
f 3767 3810 3823
f 3846 3897 3839
f 3859 3846 3858
f 3766 3860 3857
f 3768 3891 3860
f 3826 3824 3825
f 3826 3825 3769
f 3806 3769 3792
f 3927 3877 3827
f 3809 3829 3815
f 3888 3754 3841
f 3781 3852 3867
f 3754 3798 3789
f 3852 3831 3867
f 3773 3940 3699
f 3799 3773 3717
f 3831 3819 3818
f 3818 3869 3817
f 3818 3819 3844
f 3790 3880 3834
f 3790 3855 3880
f 3765 3871 3503
f 3872 3835 3873
f 3759 3784 3837
f 3767 3823 3858
f 3769 3825 3905
f 3805 3892 3862
f 3805 3862 3803
f 3792 3769 3863
f 3812 3892 3805
f 3812 3807 3793
f 3828 3877 3841
f 3884 3787 3781
f 3781 3867 3884
f 3699 3851 3772
f 3831 3817 3867
f 3852 3819 3831
f 3852 3844 3843
f 3854 3844 3870
f 3834 3914 3833
f 3783 3872 3855
f 3597 3679 3856
f 3688 3759 3837
f 3838 3840 3858
f 3897 3785 3839
f 3845 3858 3823
f 3897 3898 3785
f 3785 3898 3848
f 3824 3848 3849
f 3905 3899 3769
f 3892 3812 3793
f 3808 3792 3863
f 3808 3900 3876
f 3927 3827 3813
f 3814 3850 3780
f 3889 3895 3830
f 3888 3850 3754
f 3850 3816 3754
f 3799 3764 3911
f 3867 3817 3866
f 3869 3843 3819
f 3819 3843 3844
f 3844 3869 3818
f 3832 3879 3870
f 3832 3886 3879
f 3833 3886 3832
f 3880 3855 3915
f 3993 3711 3957
f 3711 3672 3957
f 3845 3838 3858
f 3840 3857 3874
f 3859 3898 3846
f 3860 3874 3857
f 3860 3891 3875
f 3824 3849 3825
f 3862 3892 3891
f 3863 3769 3899
f 3793 3865 3907
f 3877 3919 3841
f 3780 3850 3887
f 3878 3908 3809
f 3829 3809 3909
f 3851 3853 3772
f 3852 3866 3819
f 3819 3866 3817
f 3843 3869 3920
f 3869 3844 3920
f 3834 3880 3922
f 3873 3743 4005
f 3822 3904 3985
f 3858 3840 3874
f 3859 3858 3874
f 3860 3875 3874
f 3881 3874 3875
f 3825 3849 3861
f 3825 3861 3905
f 3861 3882 3905
f 3865 3876 3907
f 3794 3787 3883
f 3788 3780 3893
f 3896 3830 3895
f 3919 3888 3841
f 3850 3888 3887
f 3780 3950 3816
f 3851 3699 3940
f 3852 3843 3866
f 3799 3868 3773
f 3819 3817 3869
f 3844 3854 3920
f 3870 3879 3854
f 3833 3914 3886
f 3914 3834 3922
f 3836 4042 3679
f 3917 3710 3939
f 3904 3710 3917
f 3859 3849 3898
f 3849 3848 3898
f 3849 3859 3881
f 3881 3861 3849
f 3861 3881 3882
f 3863 3899 3864
f 3907 3892 3793
f 3864 3900 3808
f 3808 3863 3864
f 3878 3794 3883
f 3780 3887 3893
f 3830 3902 3889
f 3884 3867 3931
f 3816 3950 3937
f 3937 3754 3816
f 3754 3937 3798
f 3908 3909 3809
f 3821 3820 4104
f 3679 4042 3856
f 3993 4005 3743
f 3711 3993 3743
f 3846 3898 3897
f 3874 3881 3859
f 3875 3882 3881
f 3882 3875 3891
f 3892 3906 3882
f 3907 3906 3892
f 3907 3876 3900
f 3893 3901 3788
f 3787 3884 3883
f 3901 3950 3780
f 3908 3878 3894
f 3932 3829 3909
f 3940 3773 3868
f 3920 3866 3843
f 3920 3854 3913
f 3885 3854 3879
f 3879 3886 3885
f 3855 3872 3915
f 3856 4042 3983
f 3710 3597 3939
f 3925 3822 3985
f 3882 3891 3892
f 3900 3899 3905
f 3813 3842 3896
f 3895 3889 3896
f 3888 3919 3887
f 3830 3896 3902
f 3902 4000 3889
f 3885 3921 3854
f 3791 4064 3775
f 3905 3882 3906
f 3900 3905 3906
f 3900 3906 3907
f 3918 3878 3883
f 3919 3877 3927
f 3889 4000 3896
f 3867 3866 3931
f 3829 3910 3929
f 3829 3932 3910
f 3868 3799 3911
f 3909 3903 3932
f 3854 3921 3903
f 3726 3775 4064
f 3916 3992 3836
f 3856 3939 3597
f 3672 3837 3926
f 3925 3958 3890
f 3899 3900 3864
f 3918 3894 3878
f 3842 3954 3896
f 3842 3829 3954
f 3884 3931 3928
f 3937 3911 3798
f 3931 3866 3920
f 3921 3933 3903
f 3854 3903 3912
f 3912 3913 3854
f 3914 3922 3934
f 3765 3708 3948
f 3880 3915 3924
f 3871 3976 3791
f 3927 3813 3959
f 3813 3896 3959
f 3967 3887 3919
f 3908 3894 3928
f 3909 3908 3943
f 3940 3868 3941
f 3911 3941 3868
f 3909 3943 3903
f 3947 3853 4004
f 3903 3938 3912
f 3903 3933 3932
f 3913 3945 3920
f 3913 3912 3921
f 3921 3885 3913
f 3886 3913 3885
f 3708 3821 3953
f 3872 3873 4005
f 3992 4042 3836
f 3983 3917 3939
f 3893 3950 3901
f 3896 3954 3902
f 3908 3928 3931
f 3954 3829 3929
f 3911 3937 3941
f 3930 3961 3929
f 4004 3853 3851
f 4104 3953 3821
f 3886 3914 3975
f 3914 3934 3975
f 3880 3934 3922
f 3924 3934 3880
f 3917 3983 3984
f 3949 3837 3784
f 3919 3927 3935
f 3966 3894 3918
f 3936 3937 3950
f 4000 3902 3954
f 3940 3962 3851
f 3908 3931 3943
f 3931 3920 3943
f 3942 3910 3932
f 3912 3952 3921
f 3985 3904 3917
f 3949 3784 3890
f 3959 3896 4044
f 3966 3884 3928
f 3966 3928 3894
f 3937 3936 3941
f 3929 3910 3930
f 3942 3930 3910
f 4004 3851 3951
f 3943 3920 3945
f 3943 3938 3903
f 3913 3886 3975
f 4088 3890 3958
f 3883 3884 4007
f 3987 3896 4000
f 3940 3941 3936
f 3962 3940 3998
f 3930 3942 3970
f 3944 3943 3955
f 3938 3943 3971
f 3932 3972 3942
f 3932 3933 3972
f 3938 3946 3912
f 3952 3933 3921
f 3765 3948 3923
f 3965 3992 3916
f 3967 3919 3935
f 3961 3960 3929
f 3998 3940 3936
f 3961 3930 3970
f 4001 3955 3943
f 4004 3951 4003
f 4001 3943 3945
f 3943 3944 3971
f 3938 3963 3946
f 3912 3946 3952
f 3945 3913 3956
f 3953 3948 3708
f 3915 3872 3924
f 3791 3976 4064
f 3939 3856 3983
f 3925 3985 3958
f 3949 3890 4088
f 3927 3959 4023
f 3950 3893 4015
f 3884 3966 4007
f 3998 3950 4015
f 3950 3998 3936
f 3960 3954 3929
f 3851 3962 3951
f 3979 3951 3962
f 3970 3942 3972
f 4030 4003 3951
f 3971 3963 3938
f 3913 3975 3956
f 3871 3765 3923
f 3924 3872 4041
f 3935 3927 4023
f 3893 3887 4015
f 3987 4044 3896
f 3933 3973 3972
f 3946 3964 3952
f 3933 3952 3973
f 3945 3956 3980
f 3964 3974 3952
f 3973 3952 3974
f 3948 3953 4186
f 3934 3924 4071
f 3871 3923 3976
f 3926 3837 3949
f 4007 3918 3883
f 4007 3966 3995
f 3994 3966 3918
f 3887 3967 3986
f 3967 4044 3987
f 3968 4018 3954
f 4000 3999 3987
f 3998 3979 3962
f 3954 4018 4000
f 3969 3955 3989
f 3955 3988 3989
f 3955 4001 3988
f 3969 3944 3955
f 3970 3972 3944
f 4004 4010 3947
f 3972 3963 3971
f 3964 3946 3963
f 3972 3973 3963
f 3945 3980 4012
f 3956 3975 3982
f 3934 4063 3975
f 3872 4005 4041
f 3917 3984 3985
f 3957 3672 3926
f 3994 3977 3966
f 3996 3966 3977
f 3996 3977 3969
f 3961 3978 3960
f 3961 3970 3977
f 3961 3977 3978
f 3977 3970 3969
f 3988 4001 4032
f 3972 3971 3944
f 3964 3963 3973
f 4010 3820 3947
f 3973 4040 3964
f 3973 3974 4040
f 3982 3991 3956
f 4166 3958 3985
f 4088 3958 4166
f 3926 3949 4407
f 3887 3986 4034
f 3967 3997 4044
f 3978 3977 4016
f 4016 3969 3978
f 3970 3978 3969
f 3969 3989 3996
f 4018 4028 4000
f 3969 3988 3944
f 3944 3988 4032
f 4032 4001 4002
f 3945 4012 4001
f 3974 3964 3990
f 3820 4010 4104
f 3974 3990 3980
f 3974 3981 4040
f 3974 3991 3981
f 4065 3924 4041
f 3984 4166 3985
f 4088 4288 3949
f 4053 4023 3959
f 3935 4023 3967
f 3996 3995 3966
f 4015 4034 3998
f 4044 3997 4045
f 3987 4026 3967
f 4035 3954 3960
f 3978 4008 3960
f 4093 3979 3998
f 3988 3969 4027
f 4028 3999 4000
f 4009 3989 3988
f 4011 3990 3964
f 4011 3964 4038
f 4012 3980 3990
f 3974 3956 3991
f 4071 4063 3934
f 4064 4052 3726
f 3992 4122 4042
f 3983 4042 4218
f 4053 3959 4043
f 4043 3959 4044
f 4024 4056 3968
f 3887 4034 4015
f 3954 4024 3968
f 4026 3986 3967
f 3989 4019 3996
f 3988 4037 4009
f 4019 3989 4009
f 3951 3979 4030
f 4020 4009 4002
f 4020 4002 4001
f 4011 4032 4002
f 4011 4002 4021
f 3990 4011 4021
f 3964 4040 4038
f 3980 3956 4022
f 4022 3956 4033
f 3980 4022 3974
f 4022 4013 3974
f 4013 3991 4033
f 4013 4033 3956
f 4013 3956 3974
f 4013 4040 3981
f 3975 4063 3982
f 3924 4065 4071
f 3726 4052 3965
f 4044 4014 4043
f 4007 3994 3918
f 4066 3994 4007
f 3977 3994 4016
f 4024 3954 4035
f 4008 4017 3960
f 4017 4018 3960
f 4008 4036 4017
f 4037 3988 4027
f 3970 3944 4076
f 4009 4020 4019
f 4076 3944 4032
f 4001 4012 4020
f 4204 3957 3926
f 4014 4025 4043
f 3967 4023 3997
f 4057 3986 4026
f 3997 4124 4045
f 4035 3960 4018
f 4019 4059 3996
f 3978 3970 4073
f 3987 3999 4026
f 4027 4073 3970
f 4017 4036 4029
f 4031 4017 4029
f 4046 4009 4037
f 4009 4046 4002
f 4046 4061 4002
f 4048 4002 4061
f 4021 4002 4048
f 3990 4022 4033
f 3990 4021 4022
f 4022 4021 4013
f 3991 4051 4033
f 3991 4013 3981
f 3991 3982 4051
f 4051 3982 4070
f 4063 4081 3982
f 4132 3984 3983
f 4133 4053 4043
f 4006 4089 4055
f 4089 4006 4057
f 4055 4067 4006
f 4024 4066 4056
f 4057 4006 4067
f 4007 3995 4066
f 4067 3986 4057
f 4066 4024 3994
f 4035 4058 4024
f 4058 4035 4008
f 4034 4093 3998
f 3978 4073 4008
f 4035 4018 4084
f 4018 4017 4028
f 4028 4017 4102
f 4027 3970 4037
f 4037 3970 4076
f 4019 4020 4046
f 4003 4030 4184
f 4032 4011 4061
f 4012 4033 4020
f 4050 4021 4048
f 4039 4038 4050
f 4012 3990 4033
f 4040 4021 4050
f 4040 4050 4038
f 4021 4040 4013
f 4218 4042 4122
f 4066 3995 4100
f 4025 4014 4044
f 4059 3995 3996
f 3986 4067 4034
f 3994 4100 4016
f 4018 3968 4084
f 4073 4058 4008
f 4016 4027 3969
f 4008 4035 4036
f 4060 4076 4027
f 4076 4073 4027
f 4031 4102 4017
f 4037 4019 4046
f 4032 4061 4076
f 4097 4046 4020
f 4061 4011 4048
f 4010 4004 4003
f 4080 4038 4048
f 4047 4011 4038
f 4047 4038 4080
f 4047 4048 4011
f 4039 4048 4038
f 4048 4039 4049
f 4049 4050 4048
f 4039 4080 4049
f 4062 4039 4050
f 4057 4023 4099
f 4058 4066 4100
f 4025 4044 4045
f 3994 4058 4100
f 4024 4058 3994
f 4100 4060 4016
f 4037 4076 4060
f 4028 4102 3999
f 4047 4079 4061
f 4033 4097 4020
f 4061 4098 4047
f 4047 4098 4048
f 4048 4098 4080
f 4098 4049 4080
f 4039 4062 4080
f 4050 4049 4062
f 3982 4081 4070
f 3965 4052 3992
f 4088 4175 4288
f 4099 4023 4053
f 4054 4139 4100
f 4054 4100 3995
f 4056 4091 3968
f 4023 4057 3997
f 3995 4059 4140
f 3997 4072 4124
f 4026 4142 4105
f 4035 4084 4068
f 4016 4060 4027
f 4068 4036 4035
f 4059 4019 4118
f 4118 4019 4074
f 4037 4074 4019
f 4031 4029 4069
f 4047 4031 4094
f 4094 4031 4069
f 4094 4079 4047
f 4062 4049 4103
f 4103 4049 4098
f 4080 4062 4112
f 4186 3953 4174
f 4063 4113 4081
f 3992 4052 4138
f 4089 4057 4220
f 4054 3995 4140
f 4057 4072 3997
f 4034 4067 4093
f 4084 3968 4092
f 4057 4026 4072
f 4084 4092 4090
f 4151 4026 4105
f 4127 4036 4068
f 4076 4095 4073
f 4075 4074 4037
f 4076 4061 4085
f 4078 4077 4074
f 4097 4078 4075
f 4078 4074 4075
f 4046 4077 4078
f 4046 4097 4077
f 4061 4046 4078
f 4031 4047 4137
f 4085 4061 4079
f 4097 4033 4086
f 4047 4080 4137
f 4010 4003 4144
f 4062 4103 4112
f 4063 4071 4113
f 4071 4065 4087
f 4218 4132 3983
f 4056 4066 4082
f 4091 4056 4135
f 4082 4066 4058
f 4025 4045 4115
f 4092 3968 4091
f 4090 4123 4091
f 4026 4151 4072
f 4123 4090 4092
f 4072 4083 4124
f 4058 4073 4101
f 4090 4106 4084
f 4084 4117 4068
f 4142 4026 3999
f 4036 4127 4029
f 4060 4109 4037
f 4095 4076 4094
f 4077 4096 4074
f 4085 4094 4076
f 4096 4098 4097
f 4098 4096 4075
f 4077 4075 4096
f 4075 4077 4097
f 4137 4102 4031
f 4097 4098 4078
f 4078 4098 4061
f 4096 4097 4086
f 4104 4174 3953
f 4186 4149 3948
f 3948 4149 3923
f 4158 3976 3923
f 4065 4041 4087
f 4204 3993 3957
f 4204 3926 4407
f 4166 4175 4088
f 4139 4054 4140
f 4114 4099 4053
f 4043 4025 4133
f 4135 4090 4091
f 4091 4123 4082
f 4082 4058 4091
f 4025 4115 4133
f 4091 4058 4092
f 4092 4058 4068
f 4115 4045 4124
f 4101 4068 4058
f 4135 4106 4090
f 4106 4117 4084
f 4030 3979 4119
f 4101 4073 4108
f 4095 4108 4073
f 4030 4119 4184
f 4037 4109 4075
f 4069 4029 4120
f 4109 4098 4075
f 4094 4085 4120
f 4095 4120 4085
f 4120 4095 4069
f 4094 4069 4095
f 4094 4120 4079
f 4080 4111 4137
f 4033 4051 4086
f 4051 4070 4146
f 4070 4081 4146
f 4081 4113 4157
f 3992 4138 4122
f 3993 4131 4005
f 4133 4114 4053
f 4099 4220 4057
f 4220 4067 4089
f 4068 4101 4127
f 4168 3979 4093
f 4107 4109 4060
f 4029 4127 4120
f 4110 4108 4095
f 4095 4085 4110
f 4110 4085 4079
f 4079 4111 4098
f 4098 4111 4103
f 4010 4144 4130
f 4080 4112 4111
f 4010 4130 4104
f 4071 4087 4113
f 4055 4089 4067
f 4114 4220 4099
f 4056 4082 4135
f 4220 4151 4067
f 4100 4134 4060
f 4124 4083 4125
f 4136 4107 4108
f 4119 4181 4184
f 4109 4118 4074
f 4074 4110 4109
f 4074 4096 4110
f 4110 4079 4098
f 4109 4110 4098
f 4079 4120 4121
f 4137 4111 4121
f 4111 4112 4103
f 4051 4146 4086
f 3923 4149 4158
f 3976 4138 4064
f 4064 4138 4052
f 4151 4093 4067
f 4072 4115 4083
f 4123 4092 4126
f 4140 4059 4116
f 4116 4059 4180
f 4068 4117 4126
f 4107 4059 4108
f 4162 4108 4059
f 4108 4162 4060
f 4180 4060 4162
f 4060 4180 4107
f 4059 4107 4180
f 4059 4118 4136
f 3979 4168 4119
f 4136 4118 4107
f 4107 4118 4109
f 4127 4153 4120
f 4108 4110 4136
f 4137 4155 4102
f 4129 4121 4120
f 4111 4079 4121
f 4087 4197 4113
f 4005 4087 4041
f 4005 4131 4087
f 4131 3993 4204
f 4114 4150 4220
f 4072 4151 4141
f 4124 4141 4115
f 4083 4115 4141
f 4151 4142 4141
f 4126 4092 4068
f 4141 4142 4083
f 4083 4142 4125
f 4142 3999 4125
f 4060 4134 4108
f 4127 4101 4152
f 4136 4162 4059
f 4106 4126 4117
f 4096 4086 4214
f 4146 4081 4156
f 4288 4407 3949
f 4100 4139 4188
f 4188 4159 4100
f 4135 4082 4123
f 4133 4115 4179
f 4124 4125 4141
f 4101 4180 4191
f 4134 4180 4108
f 4101 4108 4180
f 4206 4152 4101
f 4170 3999 4102
f 4155 4171 4102
f 4136 4110 4182
f 4129 4120 4137
f 4110 4096 4182
f 4129 4137 4121
f 4003 4184 4144
f 4188 4139 4232
f 4179 4114 4133
f 4100 4159 4134
f 4179 4115 4072
f 4093 4151 4168
f 4143 4151 4105
f 4134 4116 4180
f 4142 4143 4105
f 4143 4142 4160
f 4170 4128 4192
f 4153 4137 4120
f 4213 4104 4130
f 4145 4147 4215
f 4147 4145 4185
f 4224 4156 4147
f 4156 4194 4147
f 4081 4157 4156
f 4158 4138 3976
f 4165 4087 4131
f 4139 4176 4159
f 4159 4198 4134
f 4176 4116 4134
f 4191 4178 4101
f 4206 4101 4178
f 4168 4151 4143
f 4135 4126 4106
f 4162 4136 4182
f 4128 4173 4192
f 4171 4155 4128
f 4128 4155 4173
f 4258 4154 4137
f 4137 4154 4155
f 4214 4182 4096
f 4163 4145 4215
f 4194 4215 4147
f 4147 4185 4224
f 4148 4194 4156
f 4139 4140 4176
f 4179 4189 4114
f 4126 4135 4123
f 4142 4227 4160
f 4102 4171 4170
f 4128 4170 4171
f 4153 4236 4137
f 4086 4146 4214
f 4185 4195 4224
f 4157 4148 4156
f 4164 4148 4157
f 4157 4217 4164
f 4157 4113 4217
f 4150 4114 4189
f 4159 4176 4167
f 4159 4188 4233
f 4198 4159 4167
f 4140 4116 4176
f 4227 4142 4151
f 4072 4141 4228
f 4125 4228 4141
f 4125 4207 4228
f 4207 4125 3999
f 4206 4180 4199
f 4199 4180 4162
f 4207 3999 4170
f 4206 4199 4169
f 4206 4169 4152
f 4152 4161 4127
f 4172 4152 4169
f 4163 4172 4193
f 4155 4154 4183
f 4212 4172 4163
f 4163 4193 4145
f 4291 4130 4144
f 4146 4156 4224
f 4259 4186 4174
f 4224 4195 4148
f 4148 4195 4187
f 4186 4200 4149
f 4149 4200 4158
f 4197 4217 4113
f 4122 4138 4196
f 4288 4371 4407
f 4198 4176 4134
f 4246 4178 4177
f 4072 4228 4179
f 4178 4246 4206
f 4229 4143 4160
f 4119 4349 4181
f 4137 4236 4258
f 4173 4155 4183
f 4291 4144 4284
f 4145 4193 4185
f 4213 4174 4104
f 4146 4224 4214
f 4187 4194 4148
f 4164 4217 4202
f 4158 4216 4138
f 4216 4196 4138
f 4232 4139 4233
f 4233 4139 4159
f 4263 4177 4190
f 4198 4167 4233
f 4198 4233 4188
f 4190 4177 4178
f 4178 4191 4190
f 4180 4206 4191
f 4168 4143 4254
f 4246 4161 4206
f 4264 4119 4168
f 4161 4153 4127
f 4199 4209 4169
f 4210 4192 4173
f 4152 4172 4212
f 4185 4278 4195
f 4285 4187 4195
f 4148 4164 4249
f 4158 4200 4216
f 4166 3984 4242
f 4150 4244 4205
f 4150 4219 4220
f 4188 4232 4198
f 4206 4190 4191
f 4227 4273 4160
f 4208 4206 4161
f 4160 4273 4229
f 4207 4229 4273
f 4207 4170 4229
f 4246 4153 4161
f 4161 4152 4208
f 4229 4170 4192
f 4162 4182 4211
f 4172 4169 4237
f 4237 4193 4172
f 4182 4214 4211
f 4154 4258 4183
f 4309 4144 4184
f 4291 4213 4130
f 4213 4238 4174
f 4224 4148 4249
f 4194 4187 4201
f 4225 4216 4241
f 4216 4225 4196
f 4225 4203 4196
f 4196 4203 4122
f 4122 4203 4218
f 4205 4226 4150
f 4150 4226 4219
f 4205 4244 4245
f 4150 4189 4244
f 4219 4253 4220
f 4198 4232 4243
f 4176 4198 4298
f 4253 4151 4220
f 4198 4199 4298
f 4199 4162 4298
f 4168 4254 4264
f 4235 4207 4273
f 4246 4208 4153
f 4208 4152 4256
f 4209 4237 4169
f 4258 4221 4183
f 4238 4259 4174
f 4266 4215 4194
f 4200 4186 4259
f 4249 4164 4202
f 4225 4231 4203
f 4175 4314 4288
f 4167 4176 4233
f 4179 4227 4189
f 4151 4253 4227
f 4177 4272 4246
f 4143 4229 4254
f 4208 4256 4153
f 4119 4264 4349
f 4152 4212 4256
f 4212 4163 4276
f 4221 4230 4183
f 4163 4215 4276
f 4173 4183 4213
f 4185 4193 4223
f 4284 4144 4309
f 4194 4201 4240
f 4200 4268 4216
f 4216 4268 4241
f 4313 4225 4241
f 4197 4087 4165
f 4244 4226 4245
f 4199 4198 4234
f 4190 4206 4271
f 4206 4234 4271
f 4179 4228 4329
f 4228 4207 4235
f 4256 4212 4299
f 4173 4213 4210
f 4214 4224 4222
f 4285 4201 4187
f 4201 4250 4240
f 4217 4197 4269
f 4262 4203 4231
f 4203 4262 4218
f 4132 4242 3984
f 4253 4219 4251
f 4176 4298 4233
f 4206 4208 4234
f 4246 4274 4208
f 4247 4236 4153
f 4237 4223 4193
f 4248 4214 4222
f 4230 4238 4183
f 4213 4183 4238
f 4224 4341 4222
f 4185 4223 4278
f 4239 4311 4230
f 4195 4278 4285
f 4200 4260 4268
f 4261 4241 4268
f 4202 4217 4286
f 4313 4241 4261
f 4252 4226 4205
f 4226 4315 4219
f 4252 4205 4245
f 4315 4226 4244
f 4243 4232 4233
f 4190 4271 4281
f 4153 4256 4255
f 4236 4275 4255
f 4256 4247 4255
f 4247 4256 4236
f 4275 4236 4256
f 4255 4306 4236
f 4236 4306 4258
f 4265 4299 4212
f 4257 4265 4212
f 4212 4276 4257
f 4214 4248 4211
f 4283 4239 4230
f 4224 4249 4285
f 4194 4240 4310
f 4200 4259 4260
f 4285 4250 4201
f 4313 4261 4359
f 4217 4269 4286
f 4269 4197 4165
f 4244 4251 4315
f 4263 4289 4177
f 4190 4281 4263
f 4251 4244 4253
f 4253 4189 4227
f 4198 4271 4234
f 4298 4162 4332
f 4208 4274 4234
f 4162 4211 4332
f 4347 4254 4229
f 4199 4282 4209
f 4247 4153 4275
f 4153 4255 4275
f 4229 4192 4339
f 4275 4256 4299
f 4221 4258 4257
f 4213 4308 4210
f 4230 4221 4283
f 4215 4277 4276
f 4238 4230 4311
f 4277 4215 4266
f 4238 4311 4259
f 4239 4266 4311
f 4266 4194 4310
f 4249 4250 4285
f 4240 4250 4267
f 4250 4249 4202
f 4261 4268 4260
f 4270 4251 4219
f 4226 4252 4245
f 4323 4198 4243
f 4189 4253 4270
f 4270 4244 4189
f 4244 4270 4290
f 4253 4244 4290
f 4179 4329 4227
f 4246 4272 4274
f 4234 4274 4282
f 4234 4282 4199
f 4209 4304 4237
f 4258 4306 4265
f 4258 4265 4257
f 4237 4307 4223
f 4257 4276 4221
f 4283 4277 4239
f 4239 4277 4266
f 4311 4266 4301
f 4260 4312 4261
f 4359 4261 4387
f 4202 4286 4250
f 4313 4327 4225
f 4219 4315 4270
f 4270 4280 4251
f 4270 4253 4280
f 4290 4280 4253
f 4271 4272 4281
f 4323 4271 4198
f 4227 4290 4273
f 4272 4271 4274
f 4305 4332 4211
f 4211 4248 4305
f 4223 4307 4222
f 4278 4223 4222
f 4213 4291 4308
f 4222 4341 4278
f 4341 4224 4326
f 4266 4310 4301
f 4312 4387 4261
f 4286 4267 4250
f 4327 4231 4225
f 4218 4262 4132
f 4175 4166 4242
f 4329 4290 4227
f 4233 4298 4302
f 4323 4274 4271
f 4282 4304 4209
f 4210 4339 4192
f 4247 4348 4255
f 4299 4265 4340
f 4304 4333 4237
f 4237 4333 4307
f 4307 4248 4222
f 4283 4221 4276
f 4277 4283 4276
f 4240 4342 4310
f 4301 4293 4279
f 4263 4281 4295
f 4272 4177 4296
f 4280 4290 4329
f 4349 4264 4254
f 4275 4348 4247
f 4275 4299 4357
f 4340 4265 4317
f 4320 4317 4265
f 4265 4306 4320
f 4341 4307 4278
f 4362 4278 4307
f 4309 4412 4284
f 4311 4260 4259
f 4321 4260 4311
f 4292 4301 4279
f 4335 4312 4321
f 4321 4312 4260
f 4286 4269 4294
f 4251 4330 4315
f 4251 4280 4330
f 4263 4295 4289
f 4281 4303 4296
f 4295 4297 4296
f 4297 4295 4177
f 4281 4177 4295
f 4177 4281 4296
f 4177 4289 4297
f 4281 4272 4303
f 4297 4272 4296
f 4323 4365 4274
f 4329 4228 4316
f 4316 4228 4235
f 4210 4308 4400
f 4324 4326 4278
f 4278 4326 4285
f 4310 4293 4301
f 4240 4300 4342
f 4240 4267 4300
f 4293 4354 4279
f 4286 4294 4336
f 4269 4165 4287
f 4355 4165 4131
f 4302 4243 4233
f 4289 4295 4303
f 4303 4295 4296
f 4297 4289 4303
f 4297 4303 4272
f 4290 4316 4273
f 4298 4332 4331
f 4255 4348 4306
f 4307 4333 4383
f 4324 4278 4362
f 4341 4326 4325
f 4224 4285 4326
f 4387 4312 4363
f 4328 4279 4354
f 4328 4322 4279
f 4294 4344 4336
f 4269 4287 4294
f 4294 4287 4344
f 4262 4360 4132
f 4365 4323 4338
f 4315 4330 4346
f 4302 4323 4243
f 4270 4330 4290
f 4346 4330 4270
f 4323 4302 4298
f 4365 4282 4274
f 4273 4316 4235
f 4282 4382 4304
f 4339 4210 4420
f 4306 4318 4320
f 4248 4307 4341
f 4184 4181 4384
f 4325 4366 4341
f 4342 4353 4310
f 4310 4353 4293
f 4301 4321 4311
f 4321 4301 4292
f 4292 4279 4322
f 4267 4286 4336
f 4327 4262 4231
f 4165 4355 4287
f 4270 4315 4346
f 4338 4345 4365
f 4280 4329 4330
f 4330 4316 4290
f 4323 4298 4331
f 4254 4347 4356
f 4275 4357 4348
f 4299 4340 4358
f 4320 4319 4317
f 4352 4319 4320
f 4352 4320 4318
f 4248 4341 4305
f 4184 4384 4309
f 4383 4362 4307
f 4312 4335 4343
f 4335 4321 4292
f 4267 4336 4300
f 4337 4328 4354
f 4406 4262 4327
f 4355 4344 4287
f 4204 4381 4131
f 4132 4360 4242
f 4314 4175 4390
f 4229 4339 4347
f 4349 4254 4356
f 4382 4333 4304
f 4350 4306 4348
f 4334 4306 4350
f 4318 4306 4334
f 4324 4370 4325
f 4325 4326 4324
f 4406 4327 4313
f 4337 4367 4328
f 4378 4328 4367
f 4262 4377 4360
f 4338 4323 4331
f 4330 4329 4316
f 4282 4365 4361
f 4358 4357 4299
f 4318 4319 4351
f 4340 4351 4319
f 4351 4340 4334
f 4317 4334 4340
f 4334 4317 4318
f 4319 4318 4317
f 4349 4384 4181
f 4351 4352 4318
f 4363 4312 4385
f 4312 4343 4385
f 4300 4293 4342
f 4354 4293 4300
f 4300 4336 4354
f 4335 4292 4322
f 4337 4336 4367
f 4322 4328 4378
f 4344 4367 4336
f 4282 4391 4372
f 4356 4373 4349
f 4339 4420 4397
f 4340 4350 4358
f 4350 4340 4352
f 4352 4351 4350
f 4334 4350 4351
f 4352 4340 4319
f 4210 4400 4420
f 4386 4291 4284
f 4364 4387 4363
f 4342 4293 4353
f 4354 4336 4337
f 4390 4242 4360
f 4369 4345 4338
f 4361 4391 4282
f 4372 4382 4282
f 4348 4357 4358
f 4348 4358 4350
f 4362 4383 4374
f 4364 4363 4376
f 4377 4368 4360
f 4355 4131 4381
f 4175 4242 4390
f 4331 4369 4338
f 4332 4379 4331
f 4332 4305 4379
f 4305 4341 4366
f 4411 4400 4308
f 4412 4386 4284
f 4308 4291 4376
f 4364 4376 4291
f 4364 4404 4387
f 4418 4344 4355
f 4347 4339 4397
f 4375 4324 4362
f 4364 4291 4386
f 4388 4313 4359
f 4378 4432 4322
f 4367 4344 4378
f 4314 4371 4288
f 4345 4392 4365
f 4349 4373 4458
f 4383 4366 4374
f 4366 4325 4375
f 4324 4375 4370
f 4363 4385 4376
f 4313 4405 4406
f 4262 4406 4377
f 4378 4344 4418
f 4369 4331 4402
f 4356 4347 4397
f 4349 4458 4384
f 4366 4375 4374
f 4362 4374 4375
f 4375 4325 4370
f 4388 4389 4313
f 4369 4392 4345
f 4391 4379 4372
f 4372 4379 4382
f 4395 4356 4397
f 4397 4420 4445
f 4305 4366 4380
f 4335 4322 4343
f 4432 4378 4418
f 4368 4377 4433
f 4408 4369 4402
f 4379 4402 4331
f 4391 4402 4379
f 4384 4458 4434
f 4309 4434 4412
f 4401 4404 4364
f 4387 4404 4436
f 4405 4313 4389
f 4381 4204 4427
f 4403 4415 4398
f 4409 4398 4415
f 4391 4394 4402
f 4379 4394 4382
f 4305 4380 4379
f 4382 4399 4333
f 4366 4383 4410
f 4376 4385 4416
f 4401 4364 4386
f 4322 4413 4343
f 4413 4322 4432
f 4377 4406 4419
f 4204 4407 4427
f 4391 4361 4393
f 4399 4394 4391
f 4394 4399 4382
f 4333 4399 4423
f 4366 4410 4380
f 4309 4384 4434
f 4369 4408 4392
f 4361 4365 4392
f 4398 4409 4393
f 4409 4391 4393
f 4399 4391 4409
f 4395 4373 4356
f 4333 4423 4383
f 4416 4308 4376
f 4431 4417 4386
f 4436 4359 4387
f 4392 4403 4398
f 4398 4361 4392
f 4414 4398 4393
f 4379 4380 4394
f 4396 4373 4395
f 4423 4410 4383
f 4308 4416 4411
f 4385 4343 4413
f 4392 4408 4403
f 4408 4361 4403
f 4403 4361 4414
f 4408 4402 4393
f 4398 4414 4361
f 4408 4393 4361
f 4400 4411 4420
f 4412 4431 4386
f 4436 4388 4359
f 4381 4418 4355
f 4368 4447 4360
f 4428 4414 4393
f 4403 4414 4415
f 4402 4422 4393
f 4396 4458 4373
f 4410 4423 4380
f 4385 4421 4416
f 4386 4417 4401
f 4368 4433 4457
f 4427 4407 4371
f 4393 4422 4428
f 4402 4394 4429
f 4394 4380 4430
f 4401 4436 4404
f 4388 4437 4389
f 4473 4405 4389
f 4455 4419 4426
f 4455 4377 4419
f 4415 4422 4409
f 4394 4430 4429
f 4413 4421 4385
f 4455 4450 4377
f 4360 4447 4390
f 4402 4429 4422
f 4395 4397 4444
f 4395 4444 4396
f 4444 4397 4445
f 4414 4428 4415
f 4428 4422 4415
f 4380 4423 4442
f 4424 4412 4434
f 4436 4437 4388
f 4484 4389 4437
f 4406 4405 4439
f 4432 4418 4446
f 4425 4418 4381
f 4450 4433 4377
f 4422 4429 4409
f 4430 4441 4429
f 4409 4429 4399
f 4430 4380 4453
f 4413 4432 4464
f 4406 4439 4419
f 4457 4447 4368
f 4399 4429 4443
f 4399 4443 4423
f 4431 4412 4424
f 4421 4413 4483
f 4413 4464 4483
f 4405 4473 4439
f 4440 4425 4381
f 4427 4449 4381
f 4390 4447 4314
f 4441 4430 4453
f 4396 4438 4458
f 4420 4411 4435
f 4418 4425 4446
f 4381 4449 4440
f 4396 4444 4438
f 4445 4420 4435
f 4401 4448 4436
f 4389 4484 4473
f 4464 4432 4468
f 4429 4441 4443
f 4453 4380 4442
f 4454 4424 4434
f 4417 4448 4401
f 4460 4425 4440
f 4436 4448 4437
f 4432 4446 4468
f 4371 4314 4451
f 4443 4441 4453
f 4443 4442 4423
f 4451 4314 4447
f 4442 4443 4453
f 4459 4438 4444
f 4450 4456 4433
f 4457 4433 4456
f 4452 4451 4447
f 4371 4451 4427
f 4454 4434 4458
f 4435 4416 4475
f 4457 4452 4447
f 4427 4471 4449
f 4445 4459 4444
f 4416 4421 4475
f 4450 4462 4456
f 4440 4449 4463
f 4452 4461 4451
f 4411 4416 4435
f 4465 4446 4425
f 4463 4449 4471
f 4427 4451 4471
f 4438 4466 4458
f 4475 4421 4483
f 4446 4465 4468
f 4426 4462 4455
f 4450 4455 4462
f 4462 4467 4456
f 4459 4445 4480
f 4459 4466 4438
f 4488 4419 4439
f 4419 4477 4426
f 4440 4463 4460
f 4470 4463 4471
f 4457 4456 4452
f 4458 4466 4472
f 4439 4473 4488
f 4465 4425 4460
f 4461 4471 4451
f 4459 4480 4466
f 4448 4417 4431
f 4435 4492 4445
f 4476 4448 4431
f 4471 4474 4470
f 4470 4460 4463
f 4456 4461 4452
f 4480 4493 4466
f 4445 4495 4480
f 4476 4437 4448
f 4469 4460 4470
f 4456 4467 4461
f 4493 4472 4466
f 4419 4488 4477
f 4474 4469 4470
f 4461 4474 4471
f 4472 4454 4458
f 4468 4487 4464
f 4492 4495 4445
f 4435 4475 4492
f 4454 4476 4424
f 4476 4431 4424
f 4476 4484 4437
f 4465 4478 4468
f 4485 4462 4426
f 4482 4465 4460
f 4460 4469 4482
f 4481 4469 4474
f 4462 4485 4467
f 4461 4467 4474
f 4481 4479 4469
f 4479 4478 4469
f 4482 4478 4465
f 4469 4478 4482
f 4474 4467 4481
f 4488 4473 4484
f 4478 4487 4468
f 4491 4487 4478
f 4477 4485 4426
f 4479 4491 4478
f 4485 4481 4467
f 4484 4498 4488
f 4481 4485 4477
f 4480 4495 4493
f 4483 4464 4487
f 4490 4487 4500
f 4487 4491 4500
f 4494 4477 4499
f 4477 4494 4481
f 4481 4494 4479
f 4493 4501 4472
f 4491 4479 4489
f 4479 4494 4489
f 4492 4486 4495
f 4472 4498 4454
f 4454 4498 4476
f 4499 4477 4488
f 4489 4500 4491
f 4483 4492 4475
f 4490 4492 4483
f 4490 4483 4487
f 4476 4498 4484
f 4498 4499 4488
f 4493 4495 4501
f 4501 4495 4486
f 4499 4489 4494
f 4499 4502 4489
f 4489 4496 4500
f 4498 4472 4501
f 4502 4496 4489
f 4496 4490 4500
f 4504 4497 4501
f 4498 4501 4497
f 4496 4492 4490
f 4497 4499 4498
f 4502 4499 4497
f 4486 4492 4496
f 4497 4504 4502
f 4501 4486 4504
f 4486 4496 4503
f 4502 4503 4496
f 4504 4503 4502
f 4504 4486 4503

