# https://github.com/mikedh/trimesh
v -0.99845403 -0.12797271 0.04134503
v -0.99917780 -0.16182466 0.20738172
v -0.99696882 -0.13780865 0.03171532
v -0.99044782 -0.11063615 0.06076144
v -1.00101289 -0.12033571 0.07591107
v -0.98973376 -0.17075899 -0.57269149
v -0.99802807 -0.14701989 -0.54793989
v -0.99538138 -0.12535459 0.17110553
v -0.98162517 -0.19491573 0.22869366
v -0.96225872 -0.19251675 -0.52220379
v -0.96122838 -0.15410273 0.03618719
v -0.98817992 -0.12422870 0.09582164
v -0.99331155 -0.10685106 0.12114205
v -0.98132581 -0.23195483 0.20660776
v -0.99441000 -0.15689159 -0.51801423
v -0.99303570 -0.12761104 0.14790833
v -0.98622124 -0.15835465 0.22531606
v -1.00081632 -0.16030294 -0.49830530
v -0.95708768 -0.29691837 0.14669455
v -0.97402297 -0.27353423 0.17452207
v -0.95128215 -0.18032288 0.18000208
v -0.97801691 -0.18030831 -0.11666670
v -0.96983810 -0.18591265 0.01429563
v -0.98481460 -0.13230264 0.02116490
v -0.95738285 -0.11398343 0.15184828
v -0.97082553 -0.18851444 -0.46841100
v -0.95669542 -0.20812763 -0.07010003
v -0.96035622 -0.17919655 -0.58328126
v -0.95831591 -0.17005166 -0.42702294
v -0.98681248 -0.15573758 -0.58590195
v -0.95952238 -0.29143415 -0.09134365
v -0.95877749 -0.24750936 0.04661304
v -0.91271048 -0.21903791 -0.09874595
v -0.94716589 -0.27416849 -0.07825410
v -0.95516105 -0.26057771 0.04132866
v -0.94194929 -0.16024753 0.09744665
v -0.95878958 -0.28708048 0.09521316
v -0.95941160 -0.27622371 0.09904499
v -0.91699330 -0.19361280 -0.43100697
v -0.95519816 -0.13861683 0.13829344
v -0.96894002 -0.10760918 0.09647373
v -0.94361948 -0.27441676 -0.06627653
v -0.88542213 -0.25757380 0.07508059
v -0.95065035 -0.20708072 -0.15673432
v -0.92821292 -0.17492915 -0.10064317
v -0.94239045 -0.23071671 0.16918085
v -0.94192083 -0.22120709 0.04629601
v -0.94371483 -0.14173342 -0.60368128
v -0.91820441 -0.12372009 -0.42471373
v -0.94027605 -0.25422141 -0.04958527
v -0.92410635 -0.24884136 0.11471923
v -0.93601064 -0.13459749 0.19037622
v -0.95821626 -0.26768604 0.20250349
v -0.94441215 -0.19492897 -0.15524085
v -0.91266643 -0.16125676 0.20671310
v -0.91883533 -0.10460158 -0.55553098
v -0.94391909 -0.11808747 -0.48685523
v -0.92766431 -0.24762081 -0.03628383
v -0.92518419 -0.24189178 -0.17464891
v -0.90812495 -0.23039373 0.21646623
v -0.91705552 -0.17240527 0.03169391
v -0.89716323 -0.14947059 0.06543034
v -0.90744292 -0.29325475 0.16073296
v -0.91518681 -0.24560663 -0.05242197
v -0.92364103 -0.24367892 -0.13507704
v -0.91291841 -0.40492621 -0.55615169
v -0.94236599 -0.30556823 -0.12145219
v -0.88452652 -0.28477185 0.11628934
v -0.89109745 -0.23647550 -0.17851480
v -0.91849940 -0.21429644 -0.19090146
v -0.91440958 -0.12811880 0.13338524
v -0.91107210 -0.37246173 -0.60406521
v -0.88990927 -0.27326857 0.18553173
v -0.90979357 -0.27498086 -0.07281516
v -0.90215054 -0.28391890 -0.11539805
v -0.91329056 -0.20961242 -0.05835141
v -0.89578919 -0.07141558 -0.52358169
v -0.90571848 -0.26496906 -0.07760864
v -0.94105231 -0.21474403 0.01173017
v -0.91189566 -0.20722144 0.21835177
v -0.89310574 -0.13829784 0.20830493
v -0.87993224 -0.10616519 -0.56638164
v -0.91144358 -0.38500091 -0.60328337
v -0.89691043 -0.37954623 -0.62417273
v -0.88396562 -0.21379156 0.04708610
v -0.86634900 -0.12260834 -0.41224788
v -0.86930373 -0.36824080 -0.59018930
v -0.88766587 -0.19647881 -0.51613682
v -0.89235214 -0.18293904 -0.56674727
v -0.86508493 -0.37619357 -0.55675549
v -0.89046148 -0.18646998 -0.17843088
v -0.89338655 -0.40048330 -0.47269085
v -0.88360603 -0.17929319 -0.44666438
v -0.88963852 -0.15024186 -0.59233986
v -0.89540237 -0.06205002 -0.43920394
v -0.84728747 0.01257332 -0.46202758
v -0.87801431 -0.37301488 -0.63564393
v -0.86209082 -0.36502507 -0.61713331
v -0.89204900 -0.19239439 -0.05470171
v -0.86958506 -0.17209732 -0.62101263
v -0.86081254 -0.39347751 -0.54852723
v -0.88446157 -0.22756350 0.23126322
v -0.88056031 -0.17259230 -0.58012235
v -0.86921610 -0.13600082 -0.57345257
v -0.83071831 -0.14784342 0.23044243
v -0.85255997 -0.02417566 -0.39999557
v -0.83229214 -0.41686861 -0.50343151
v -0.87266821 -0.38290748 -0.63914601
v -0.85974064 -0.34298354 -0.67067688
v -0.86285452 -0.29936488 0.11912324
v -0.90204582 -0.26998352 -0.06907374
v -0.87275873 -0.24397907 -0.14238289
v -0.86664514 -0.17436571 -0.54633732
v -0.85105710 -0.37528864 -0.59770734
v -0.86248786 -0.33425268 -0.66892684
v -0.86204260 -0.28773844 0.20246445
v -0.83750991 0.01933244 -0.41164957
v -0.86732273 -0.25553212 -0.10969552
v -0.79752657 0.04003281 -0.49863748
v -0.85993679 -0.43018910 -0.43118082
v -0.85471842 -0.39414166 -0.44667622
v -0.85934251 -0.37761664 -0.61662457
v -0.88106103 -0.27257607 -0.06967045
v -0.85068631 -0.17774360 -0.55123816
v -0.88501748 -0.42171587 -0.53363437
v -0.87460653 -0.43056434 -0.45741311
v -0.86822539 -0.34714364 -0.64542806
v -0.85112476 -0.27694882 -0.14114999
v -0.84327096 -0.26674632 0.06358432
v -0.88426693 -0.17494661 -0.06357263
v -0.88983518 -0.11893428 0.17380288
v -0.84156840 -0.43120722 -0.41820625
v -0.87247740 -0.37381953 -0.51091935
v -0.86556415 -0.21978072 -0.18767317
v -0.78909889 -0.16225202 -0.14109707
v -0.84424226 -0.36294779 -0.71135330
v -0.79796991 -0.14907904 0.05635301
v -0.85860874 -0.38397270 -0.52864282
v -0.86527567 -0.32633014 -0.69116053
v -0.83055049 -0.04519068 -0.38224575
v -0.82059804 -0.43770226 -0.46462118
v -0.88070804 -0.44002883 -0.49871276
v -0.80623644 -0.42436298 -0.51447867
v -0.84592096 -0.37119308 -0.69150630
v -0.86403539 -0.17183027 -0.55278984
v -0.84222689 -0.14422507 -0.60455531
v -0.89031760 -0.12198428 0.10444197
v -0.83028568 -0.41786763 -0.44436575
v -0.83358305 -0.36584777 -0.67460972
v -0.83743740 -0.36044944 -0.65318944
v -0.83415200 -0.29546321 -0.11390449
v -0.83903959 -0.15862276 -0.49654406
v -0.81652098 -0.12843450 -0.51814612
v -0.82961525 -0.11771483 -0.61879697
v -0.82750203 -0.40781847 -0.44152272
v -0.78574268 -0.36022902 -0.52799492
v -0.82985605 -0.19336814 -0.58385007
v -0.83183306 -0.15058701 -0.60124610
v -0.80452672 0.06200011 -0.44591018
v -0.83087398 -0.40093669 -0.39843694
v -0.81820230 -0.38188134 -0.49042417
v -0.79366512 -0.08964414 -0.40939799
v -0.81546313 -0.11275334 0.20141020
v -0.82610165 -0.42730565 -0.58066983
v -0.81666726 -0.41544140 -0.35708683
v -0.82598223 -0.36713722 -0.63356367
v -0.80129922 -0.33401418 -0.68496233
v -0.80881939 -0.30272372 0.12910529
v -0.83063224 -0.21933852 -0.58951908
v -0.82128924 -0.16367907 -0.56620944
v -0.81107160 -0.12887025 -0.48934143
v -0.80060315 -0.08826091 -0.63601637
v -0.81705654 -0.37215941 -0.63645813
v -0.80993548 -0.35575040 -0.71903293
v -0.83017081 -0.34842874 -0.71717192
v -0.82266280 -0.24067911 -0.45747379
v -0.80997067 -0.23155153 -0.60377714
v -0.82778830 -0.19539070 -0.48628768
v -0.83620499 -0.19044367 -0.56526763
v -0.78540031 -0.18422848 -0.00380623
v -0.85732348 -0.21789169 0.04113786
v -0.80551196 -0.14599602 -0.48410617
v -0.81410991 -0.09720332 -0.55483157
v -0.81808321 -0.11168148 -0.56952790
v -0.81493894 -0.45208660 0.12263531
v -0.80829129 -0.42845526 -0.55464801
v -0.81230444 -0.41546427 -0.60448368
v -0.81152586 -0.41140779 -0.60837760
v -0.81362689 -0.41133173 -0.60346481
v -0.82278255 -0.39110295 -0.48595556
v -0.81213452 -0.37125017 -0.63520481
v -0.80764624 -0.37340965 -0.63902179
v -0.81003977 -0.36665345 -0.63861170
v -0.79026390 -0.35623376 -0.69365785
v -0.81226751 -0.30584789 0.15176635
v -0.82454082 -0.12326793 -0.54627135
v -0.81850898 0.00118234 -0.76495238
v -0.80594634 -0.43612531 -0.53980692
v -0.80044239 -0.41602696 -0.60210907
v -0.80418295 -0.44243398 0.18848504
v -0.80918127 -0.41479602 -0.60442495
v -0.83001274 -0.37535381 -0.62726817
v -0.81681694 -0.33152374 -0.64659631
v -0.80248046 -0.18492324 -0.55581438
v -0.79505468 -0.15548500 -0.46180022
v -0.82067215 -0.10324402 -0.54303423
v -0.81389339 -0.52987883 0.56677289
v -0.80767533 -0.44222125 -0.41744349
v -0.79512109 -0.42135965 -0.57648341
v -0.81921648 -0.42979871 -0.58506482
v -0.80123972 -0.43139370 -0.32987924
v -0.81981599 -0.39803592 -0.37614078
v -0.80316055 -0.37156905 -0.63578282
v -0.81504426 -0.27675267 -0.46678428
v -0.81159284 -0.21176313 -0.46027286
v -0.83345106 -0.15628711 -0.08138962
v -0.83121008 -0.03136313 -0.52714306
v -0.80483107 0.03002211 -0.37237143
v -0.80654731 -0.54525798 0.61011711
v -0.80882483 -0.48592733 0.15662622
v -0.79421938 -0.42482836 -0.50095316
v -0.78738053 -0.37436099 -0.57344743
v -0.80573802 -0.35771340 -0.58753718
v -0.81118054 -0.31668227 0.16232099
v -0.81618045 -0.23571474 -0.18618964
v -0.78377638 -0.21367962 -0.47504743
v -0.81502135 -0.05695164 -0.53658617
v -0.79378569 0.00595835 -0.35863679
v -0.80021984 -0.44764005 -0.25967512
v -0.79163197 -0.43509717 -0.30249422
v -0.79276071 -0.43697300 -0.48350449
v -0.77397160 -0.36217189 -0.71544922
v -0.78525446 -0.41662320 0.22183282
v -0.79843900 -0.29355627 0.19443675
v -0.83712035 -0.18837418 0.24570486
v -0.80151630 -0.09664661 0.13149149
v -0.80775879 -0.02179399 -0.72453868
v -0.75562692 0.09197686 -0.46779854
v -0.81341532 -0.45370674 -0.42677801
v -0.79103990 -0.41426658 0.07323137
v -0.79348481 -0.44300573 -0.48423778
v -0.79437868 -0.42261383 -0.31258440
v -0.80212369 -0.33878631 -0.60703597
v -0.79177333 -0.30991365 -0.48040474
v -0.80321003 -0.28424428 -0.04966116
v -0.79716506 -0.13648149 -0.46362633
v -0.77997374 -0.07869528 -0.59629069
v -0.79564336 -0.54049246 0.48685158
v -0.75634202 -0.48777289 0.57347943
v -0.79342210 -0.44298247 -0.48629630
v -0.80818600 -0.42998183 -0.44650745
v -0.78340453 -0.41354980 -0.61584069
v -0.78683224 -0.42023951 -0.64408689
v -0.79000776 -0.40356949 -0.42716973
v -0.79683527 -0.35783966 -0.67355051
v -0.79978550 -0.33966444 -0.64192150
v -0.77629518 -0.28401029 0.08614803
v -0.77781751 -0.21973987 -0.55513204
v -0.79027241 -0.09235239 -0.52276537
v -0.79083560 -0.43288347 -0.51363085
v -0.80046617 -0.40526187 -0.68193082
v -0.81015786 -0.36406296 -0.75203114
v -0.77862623 -0.33787883 -0.69278752
v -0.80784631 -0.23747951 0.24639158
v -0.77534273 -0.17948445 -0.43911596
v -0.79426142 -0.10932347 -0.50793349
v -0.78866587 -0.08176338 -0.61472329
v -0.76468768 -0.05609637 -0.61258523
v -0.77550534 -0.59181362 0.64568154
v -0.78988703 -0.53267284 0.47257525
v -0.78598300 -0.52094726 0.55414646
v -0.78099394 -0.43617328 -0.50299313
v -0.77150171 -0.44314171 -0.47749856
v -0.75271173 -0.33775717 -0.70272411
v -0.78497149 -0.22981139 -0.54793436
v -0.77518721 -0.18368527 -0.46835416
v -0.78383195 -0.12356782 -0.50247918
v -0.77714246 -0.05553190 -0.67375612
v -0.78222040 -0.03901273 -0.68086145
v -0.81124075 -0.01702691 -0.75379162
v -0.77936998 -0.59083531 0.63675129
v -0.78469702 -0.56349281 0.45085882
v -0.76616353 -0.53325432 0.48201546
v -0.75694554 -0.46569284 -0.40047044
v -0.78309446 -0.44972645 -0.47937577
v -0.78299865 -0.39040937 -0.38788189
v -0.78075271 -0.28567669 -0.49595885
v -0.74363657 -0.25011319 0.24370523
v -0.78198110 -0.26405858 -0.52479282
v -0.78302121 -0.19801343 -0.52080660
v -0.77984395 -0.17029044 -0.55321968
v -0.79401014 -0.06753584 -0.63907315
v -0.79521231 -0.03470892 -0.71653326
v -0.76565496 -0.63736387 0.63518848
v -0.77427790 -0.53997935 0.60412578
v -0.78128621 -0.40957444 -0.62619945
v -0.78024612 -0.39803216 -0.39078421
v -0.78060968 -0.38427815 -0.45467206
v -0.78663814 -0.30940981 -0.46216834
v -0.79153302 0.01701742 -0.77278052
v -0.78797672 0.07162300 -0.39218695
v -0.78631305 -0.54969259 0.09911943
v -0.76973946 -0.54804273 0.21366363
v -0.79245122 -0.40800741 -0.60601714
v -0.78912206 -0.36735630 -0.68174224
v -0.78302669 -0.35706365 -0.61428601
v -0.75838900 -0.27087028 -0.52692528
v -0.77523306 -0.24570366 -0.57687905
v -0.76722689 -0.24605758 -0.50665812
v -0.75062727 -0.19484330 -0.16429876
v -0.75434277 -0.43607154 -0.50494747
v -0.76177027 -0.38219984 -0.41925476
v -0.76215981 -0.35444197 -0.74124015
v -0.76975826 -0.32609500 -0.76164026
v -0.85844198 -0.26050164 -0.04592136
v -0.74805856 -0.18266906 0.04190839
v -0.77149833 -0.12747159 -0.43352136
v -0.77516670 -0.10321496 -0.51595298
v -0.73316099 -0.02683147 -0.51720868
v -0.76027685 0.01330221 -0.73683594
v -0.71667466 0.06052588 -0.50652287
v -0.77829258 -0.48905077 0.05639265
v -0.75805141 -0.37354296 -0.42659891
v -0.78880188 -0.37978245 -0.63795003
v -0.75296779 -0.37846474 -0.63089572
v -0.77164887 -0.36837215 -0.52902547
v -0.74699252 -0.18016490 -0.56210796
v -0.76307730 -0.09176000 -0.48521395
v -0.74692414 -0.63112222 0.12512321
v -0.74046671 -0.31309022 -0.72787409
v -0.75763009 -0.30180863 -0.47401684
v -0.80982690 -0.25547058 -0.44327118
v -0.74490003 -0.24021226 -0.44035947
v -0.77108097 -0.24596995 -0.61383971
v -0.76825943 -0.59059148 0.41469798
v -0.76898068 -0.48476633 -0.25890266
v -0.75582820 -0.43216447 -0.42772582
v -0.75434700 -0.42318095 -0.52777017
v -0.76072752 -0.36204403 -0.56315356
v -0.77608198 -0.25392946 -0.45925989
v -0.75960844 -0.28228105 -0.15857192
v -0.74483807 -0.28852969 -0.60411242
v -0.75110164 -0.06965552 -0.55887935
v -0.74000543 -0.06203544 -0.50427864
v -0.74126588 0.03757252 -0.76307958
v -0.76325698 -0.45151966 -0.39315083
v -0.76808494 -0.38496376 -0.70035688
v -0.73279556 -0.35561923 -0.60158013
v -0.74186769 -0.31086180 -0.78141351
v -0.73677254 -0.28946438 -0.43950435
v -0.75392588 -0.16178679 -0.57652455
v -0.77829843 -0.12911440 -0.51584733
v -0.76708451 -0.09216570 -0.55296457
v -0.76097611 -0.08845825 -0.45064973
v -0.73945567 -0.07879368 -0.57497971
v -0.78369722 -0.57658116 0.15532066
v -0.75709238 -0.59749886 0.38684311
v -0.72494319 -0.51329824 0.25736500
v -0.75456114 -0.37862220 -0.71880217
v -0.75925442 -0.30240430 -0.51635905
v -0.74076679 -0.31714196 -0.41181577
v -0.74629141 -0.30203899 -0.09088370
v -0.74014473 -0.10346288 -0.59998564
v -0.73507157 -0.56909251 0.25972891
v -0.72958499 -0.51288622 0.02398437
v -0.75302239 -0.45010997 -0.24021627
v -0.73164877 -0.36535052 -0.65649232
v -0.74404500 -0.36396433 -0.44779369
v -0.72568846 -0.58765588 0.57977071
v -0.73265575 -0.56267172 0.44978859
v -0.73010188 -0.49157079 -0.23543238
v -0.72989340 -0.44743581 -0.48871104
v -0.72697912 -0.43807052 -0.42971360
v -0.71968604 -0.40394137 -0.30994518
v -0.78795633 -0.39836843 -0.36043702
v -0.74636205 -0.38101149 -0.63491629
v -0.71843091 -0.33550086 -0.67593332
v -0.72838862 -0.21023800 0.02137556
v -0.74830788 -0.12919561 -0.62088665
v -0.75750019 -0.10544968 -0.63476950
v -0.74705566 -0.67504555 0.61156223
v -0.74192516 -0.63435867 0.22465730
v -0.73435020 -0.63871923 0.27572669
v -0.73604542 -0.62334533 0.33805420
v -0.75018150 -0.61063841 0.38210147
v -0.73718401 -0.59301854 0.06377416
v -0.72906225 -0.39424528 -0.67188356
v -0.75859401 -0.38678305 -0.46628860
v -0.73092021 -0.36249063 -0.70485554
v -0.73209571 -0.36262628 -0.44432092
v -0.76832296 -0.37945761 0.24072817
v -0.72393304 -0.34160331 -0.44986100
v -0.73091672 -0.33891834 -0.57096590
v -0.70747555 -0.08927479 0.24082178
v -0.72879889 0.08406628 -0.33762961
v -0.73476994 -0.68979011 0.59546310
v -0.72919847 -0.63012694 0.34376923
v -0.72356680 -0.58053026 0.39250512
v -0.73537067 -0.52064404 -0.18204283
v -0.77672594 -0.42801168 -0.57088164
v -0.72940239 -0.36910116 -0.63595096
v -0.72913445 -0.32790200 -0.75212783
v -0.71297853 -0.35905393 -0.49052851
v -0.71639981 -0.27521055 -0.62675936
v -0.73987722 -0.28542348 -0.40528899
v -0.73224503 -0.30275608 -0.76405517
v -0.72683609 -0.20479232 -0.60066498
v -0.74349194 -0.18117063 -0.38963163
v -0.70023946 -0.14529017 -0.33922633
v -0.75449850 -0.12897531 -0.39376720
v -0.72717391 -0.61770165 0.63665391
v -0.72221842 -0.43288181 0.01640688
v -0.68756699 -0.40507903 -0.59242444
v -0.72853937 -0.36641008 -0.65019722
v -0.73436261 -0.36396639 -0.55826168
v -0.72716787 -0.36018458 -0.64758304
v -0.72352946 -0.34151838 -0.43188067
v -0.74139695 -0.32367195 -0.61730318
v -0.71354098 -0.04624350 -0.50481563
v -0.77750995 -0.06603372 -0.38559931
v -0.72608913 -0.72931995 0.19113848
v -0.74017196 -0.63082608 0.25431849
v -0.71805637 -0.59913447 0.39091853
v -0.75296230 -0.52994130 0.48712242
v -0.71099729 -0.50926358 -0.16409024
v -0.70494552 -0.38778401 -0.63395902
v -0.69438472 -0.38512922 -0.40315237
v -0.70947869 -0.37254026 -0.42628305
v -0.72539334 -0.36607510 -0.64486646
v -0.73394467 -0.36886384 -0.45912301
v -0.72220217 -0.30928449 -0.64518465
v -0.71532683 -0.30181803 -0.66902040
v -0.71003351 -0.23153084 -0.61902886
v -0.70535476 -0.17052967 -0.64244897
v -0.81191423 -0.15670040 -0.04291581
v -0.71751614 -0.05766000 -0.38428533
v -0.69600040 -0.70238580 0.15973483
v -0.72503394 -0.69984331 0.15749210
v -0.79352183 -0.55862171 0.63361511
v -0.71104745 -0.53702566 -0.17076816
v -0.72695690 -0.44843773 -0.45477594
v -0.71757486 -0.38763056 -0.38017803
v -0.71839632 -0.37194886 -0.54325939
v -0.72608493 -0.35305586 -0.73430309
v -0.67779890 -0.32630564 0.01526406
v -0.72651699 -0.32792129 -0.73453625
v -0.72084409 -0.35002065 -0.65664173
v -0.71472891 -0.31220210 -0.42056079
v -0.71829121 -0.31868460 -0.39855844
v -0.69206021 -0.23475835 0.05867336
v -0.72436101 -0.21190350 -0.39332207
v -0.74557172 0.10805992 -0.40285767
v -0.72954244 -0.65198281 0.60762938
v -0.71399180 -0.55990116 0.48961473
v -0.60935333 -0.52779470 0.41385931
v -0.71446129 -0.44494494 -0.27920938
v -0.71828510 -0.43037737 -0.26659632
v -0.75126554 -0.28636751 -0.76608794
v -0.71467797 -0.03733912 -0.64931992
v -0.73158026 0.00077438 -0.72350988
v -0.74035994 -0.64036595 0.18681541
v -0.71625186 -0.64062851 0.25137190
v -0.70890139 -0.62832389 0.31536389
v -0.71096478 -0.48958315 0.50374231
v -0.74304234 -0.49438289 0.61359686
v -0.72696847 -0.41573224 -0.61788781
v -0.71883013 -0.41465630 -0.32185479
v -0.70987547 -0.37068386 -0.55630432
v -0.71278132 -0.36859646 -0.55160013
v -0.71804637 -0.36866441 -0.48651071
v -0.70824324 -0.17976874 0.27694656
v -0.69961009 -0.13170085 -0.64482455
v -0.69650642 -0.00933949 -0.68593429
v -0.72787144 -0.01565384 -0.67367575
v -0.74794480 -0.58746704 0.63128554
v -0.80606959 -0.52399750 0.51035303
v -0.70886450 -0.45533152 -0.34089450
v -0.68013676 -0.37174701 -0.32101334
v -0.66690328 -0.37264939 -0.55010773
v -0.70647110 -0.35642167 -0.43972097
v -0.68623029 -0.36633040 -0.54580530
v -0.70272196 -0.27451788 -0.68447377
v -0.71344442 -0.19095088 -0.65664294
v -0.71297461 -0.18645699 -0.68542415
v -0.67353742 -0.06186010 -0.32135266
v -0.66395030 0.14087058 -0.38093674
v -0.70842295 -0.71523123 0.56712031
v -0.70025945 -0.62920641 0.44953348
v -0.70093548 -0.58131117 -0.07511412
v -0.69926928 -0.55811711 -0.10078070
v -0.70402004 -0.53482613 -0.15235716
v -0.70037302 -0.47754694 -0.22212802
v -0.70715516 -0.43607446 0.26609375
v -0.67834155 -0.41912101 -0.48682871
v -0.69211841 -0.36097643 -0.56794254
v -0.71629374 0.05341057 -0.74467713
v -0.67617178 0.04163306 -0.50398422
v -0.70699876 -0.57928722 -0.05298210
v -0.68606319 -0.45907226 -0.19700318
v -0.71761660 -0.44184196 -0.43669648
v -0.71802764 -0.43475703 -0.47854561
v -0.70179574 -0.34426380 0.27088203
v -0.70235116 -0.30504241 -0.34237496
v -0.69025141 0.12605743 -0.35639031
v -0.67489428 -0.69945541 0.18016450
v -0.70195227 -0.60835551 0.37204385
v -0.69205934 -0.59483502 -0.02778651
v -0.69214866 -0.47860862 -0.10424045
v -0.70786956 -0.46460901 -0.34793422
v -0.69124170 -0.50084937 0.27316717
v -0.66288036 -0.40943706 -0.54490866
v -0.70496775 -0.43014539 -0.27704113
v -0.70972020 -0.37920042 -0.35266394
v -0.71077244 -0.35772484 -0.61519284
v -0.70978689 -0.37183563 -0.69232648
v -0.71517852 -0.26435760 -0.34654810
v -0.69278329 -0.15846513 0.03980484
v -0.67840181 -0.20856521 -0.68088638
v -0.66516077 -0.10506148 0.03195420
v -0.70915377 -0.05513367 -0.58209002
v -0.68854806 0.03031435 -0.72776372
v -0.66841663 0.10940709 -0.47414605
v -0.68138246 -0.71066290 0.19080682
v -0.70091087 -0.68550002 0.10172333
v -0.68767998 -0.49885610 -0.19664962
v -0.68671300 -0.36260944 -0.39409401
v -0.71623152 -0.33896662 -0.54401539
v -0.73589683 -0.27667640 -0.02546580
v -0.65230437 -0.19635807 0.28318165
v -0.69696347 -0.65939651 0.55387684
v -0.70241134 -0.48231180 -0.24171900
v -0.71045588 -0.45610683 -0.22380612
v -0.70017697 -0.42090150 -0.25593592
v -0.70157339 -0.37336012 -0.55561948
v -0.68971423 -0.26515274 -0.65561607
v -0.62401807 -0.11932783 0.05527901
v -0.71040514 -0.05872637 -0.61322650
v -0.68967088 -0.64327325 0.09994070
v -0.68403683 -0.57232653 -0.04064105
v -0.65360462 -0.56182171 0.38719788
v -0.68440359 -0.49587090 -0.19852278
v -0.68404725 -0.50121802 -0.19303840
v -0.67380323 -0.49301720 -0.21682078
v -0.68859596 -0.36167530 -0.45701232
v -0.66781168 -0.19997084 0.05626361
v -0.78005333 -0.11924067 0.07668484
v -0.70707533 0.01199286 -0.69898286
v -0.71905607 0.00127937 -0.33090743
v -0.67968875 -0.70556670 0.55097595
v -0.67941883 -0.60049414 -0.01379508
v -0.67988324 -0.60107604 -0.00984405
v -0.67923975 -0.59654969 -0.01178559
v -0.68888132 -0.53129703 -0.04154315
v -0.69104141 -0.55076775 0.02173006
v -0.66765075 -0.50467235 -0.19676243
v -0.68261882 -0.50406466 -0.18680739
v -0.64523568 -0.43695590 -0.34856315
v -0.64868133 -0.35429620 -0.34716616
v -0.70737601 -0.31782871 -0.61869946
v -0.65829236 -0.29116043 -0.75468674
v -0.71367648 -0.20081013 -0.37412032
v -0.69862928 -0.06903287 -0.57392616
v -0.64934931 -0.07643210 -0.00031660
v -0.68540139 -0.08934071 -0.05152444
v -0.65924503 -0.04810906 0.20601083
v -0.67377673 -0.60729810 0.00006743
v -0.67926253 -0.60017727 -0.00804821
v -0.69110540 -0.59989001 0.35091289
v -0.66730244 -0.51428962 -0.18760842
v -0.66567254 -0.51635086 0.66654048
v -0.68034380 -0.48090209 -0.16634235
v -0.70074178 -0.37216844 -0.52256204
v -0.67427663 -0.37098972 -0.42127344
v -0.67606033 -0.19475415 -0.65872048
v -0.69760204 -0.11281555 -0.63150220
v -0.66832212 -0.69448462 0.16110789
v -0.65184859 -0.66230808 0.35319516
v -0.67343380 -0.59982002 -0.01110462
v -0.69858711 -0.55086829 -0.13827507
v -0.67096790 -0.54316244 -0.00338455
v -0.67620314 -0.50144550 -0.13293576
v -0.66311392 -0.50408193 -0.13627696
v -0.67115450 -0.49032354 -0.15405714
v -0.64247700 -0.47770427 -0.15685274
v -0.67483195 -0.48875791 -0.15217089
v -0.64792690 -0.48144268 0.28486368
v -0.63188103 -0.41885276 -0.19917862
v -0.65223785 -0.36951096 -0.32214150
v -0.65314341 -0.29061322 -0.64557312
v -0.64625902 -0.15588284 -0.33372497
v -0.64150407 0.06519579 -0.70186315
v -0.69248514 0.13159389 -0.43267983
v -0.66824405 -0.71409359 0.39326147
v -0.69270986 -0.66603241 0.16007066
v -0.66221309 -0.65158588 0.06563264
v -0.67142531 -0.52279172 -0.10230994
v -0.65958176 -0.47683358 -0.30044956
v -0.63353128 -0.43759920 -0.00882667
v -0.65633397 -0.42212757 0.26163944
v -0.69779568 -0.32964450 -0.70218216
v -0.64414127 -0.29230493 -0.10393302
v -0.68892703 0.05885421 -0.31352050
v -0.65776857 -0.69662348 0.15001358
v -0.63583263 -0.66407796 0.09485928
v -0.65892794 -0.60594819 0.05299868
v -0.66368982 -0.55057429 -0.00612474
v -0.63652763 -0.53520238 -0.12280244
v -0.65657706 -0.51213294 -0.04511899
v -0.66348928 -0.49023393 -0.21344967
v -0.68150061 -0.47750452 -0.11334104
v -0.66234945 -0.48750133 -0.21441076
v -0.67701010 -0.48515864 -0.22006129
v -0.66411150 -0.48834058 -0.20714705
v -0.65965695 -0.48588037 -0.21170118
v -0.64377523 -0.39437597 -0.26476165
v -0.65021385 -0.22755338 0.03549862
v -0.66021111 -0.01608360 -0.49594546
v -0.66772193 0.04025663 -0.71462634
v -0.63502356 0.08016096 -0.31581055
v -0.67471432 0.10355233 -0.32548541
v -0.65623309 -0.72635492 0.44268647
v -0.64161161 -0.68503397 0.26210538
v -0.64657351 -0.69542529 0.44777677
v -0.68120748 -0.67930638 0.12778224
v -0.69291415 -0.66859969 0.08496939
v -0.66572207 -0.59108305 -0.02482885
v -0.67319244 -0.50174647 -0.18746561
v -0.66110986 -0.48761800 -0.21302249
v -0.68174475 -0.46111498 -0.21338800
v -0.64919791 -0.47440003 -0.08053285
v -0.64792981 -0.46856002 -0.15488251
v -0.64242466 -0.42985415 0.56876676
v -0.68927181 -0.45346861 -0.24996502
v -0.63219746 -0.40545872 -0.01706746
v -0.68685351 -0.31876816 -0.73801508
v -0.63533945 -0.28558334 -0.04098193
v -0.65747317 -0.26066328 -0.70501144
v -0.67537481 -0.22071957 -0.64309271
v -0.62786710 0.01667989 -0.60663382
v -0.64618609 0.05246034 -0.70940798
v -0.63477416 0.06953017 -0.48433838
v -0.66871723 -0.73814701 0.52361178
v -0.64468721 -0.72255141 0.42381019
v -0.65341949 -0.71768766 0.20000033
v -0.65937310 -0.49023393 -0.21078819
v -0.65782002 -0.48653352 -0.20769641
v -0.63735977 -0.43756794 -0.38169328
v -0.63861675 -0.43014125 -0.50617990
v -0.64485049 -0.38661135 -0.47837437
v -0.63956237 -0.34594122 -0.65156737
v -0.67765657 -0.34413071 -0.37694385
v -0.65773976 -0.20438350 -0.16140131
v -0.65257691 -0.02225301 -0.55021801
v -0.65142369 -0.01112375 -0.33132949
v -0.63746703 0.04189169 -0.31243372
v -0.62969184 0.13259339 -0.42328781
v -0.64410030 -0.72027496 0.45342304
v -0.65456958 -0.56617268 -0.06996674
v -0.62442586 -0.55043483 0.66166716
v -0.64981391 -0.32357786 -0.60562353
v -0.65059587 -0.25686306 -0.69023740
v -0.64907204 -0.23869930 -0.76410727
v -0.66821024 -0.23475607 -0.16322362
v -0.62936845 -0.75255654 0.52846840
v -0.63983978 -0.70378623 0.20792330
v -0.66570554 -0.52567418 -0.05278242
v -0.64958130 -0.48287297 -0.20435200
v -0.63788865 -0.47353701 -0.11771327
v -0.66198164 -0.39742549 -0.53457647
v -0.64482994 -0.27606044 -0.66375464
v -0.65287669 -0.27434347 -0.65859712
v -0.65631758 -0.26486283 -0.74161365
v -0.65222301 -0.14730634 -0.67779471
v -0.67451775 -0.13589412 -0.13168284
v -0.65462430 -0.66885812 0.28444982
v -0.64137896 -0.55827182 -0.08403776
v -0.63586185 -0.46342028 -0.14295609
v -0.63588429 -0.42281640 -0.39744442
v -0.62522753 -0.30954573 0.26832356
v -0.68213768 -0.27783200 -0.79844204
v -0.64021822 -0.72723685 0.21920028
v -0.63939780 -0.71644413 0.41782646
v -0.63767156 -0.64913623 0.10331820
v -0.65933636 -0.56013463 -0.05702665
v -0.64224819 -0.54684030 -0.13319812
v -0.67294866 -0.50051955 -0.07056858
v -0.64791723 -0.48490528 -0.20927729
v -0.62131312 -0.43128989 -0.19145144
v -0.68441242 -0.44118260 -0.45866923
v -0.65281859 -0.03133246 -0.57882004
v -0.64245683 -0.72350456 0.44474440
v -0.63036193 -0.66770863 0.11516093
v -0.62727121 -0.66561080 0.10968217
v -0.63705211 -0.63617170 0.06310090
v -0.66272674 -0.53282741 -0.07261000
v -0.64959149 -0.48836159 -0.13594643
v -0.64381210 -0.48725848 -0.26565979
v -0.64749094 -0.46760222 -0.11968627
v -0.59946084 -0.36151287 -0.53160401
v -0.60122347 -0.29064197 -0.71265706
v -0.63091953 -0.23073510 -0.65558379
v -0.62636514 -0.23314067 -0.69658202
v -0.64847823 -0.19740355 -0.66982337
v -0.64000343 -0.20142896 -0.66126524
v -0.62194474 -0.14988109 -0.67090957
v -0.63386317 -0.04100479 -0.59716656
v -0.64129400 -0.72254848 0.55871436
v -0.61920902 -0.67923386 0.28548670
v -0.62556116 -0.66830859 0.13985948
v -0.64561626 -0.62325694 0.02315470
v -0.62538089 -0.53683171 0.01875673
v -0.62768325 -0.53237015 0.00850686
v -0.61544787 -0.51585941 -0.07131983
v -0.60420191 -0.49600061 0.34788152
v -0.68710161 -0.49182501 0.65253921
v -0.64350755 -0.36601641 -0.61818290
v -0.66848617 -0.22241042 -0.28952441
v -0.63637493 -0.17543883 -0.68362925
v -0.65387449 -0.22698166 0.03020191
v -0.62869416 -0.03814858 0.14944057
v -0.61504447 0.05837964 -0.31983145
v -0.63540919 0.11470544 -0.33922512
v -0.62549571 -0.75923151 0.48968322
v -0.63096995 -0.69447520 0.28212304
v -0.63279196 -0.69282084 0.31446881
v -0.64771722 -0.69338079 0.14595543
v -0.63853585 -0.65937999 0.10098656
v -0.60670141 -0.65978023 0.08735289
v -0.64770410 -0.59125167 -0.00635266
v -0.63856326 -0.47524528 -0.21063410
v -0.61978743 -0.43149613 -0.26867771
v -0.64887745 -0.37967176 -0.43208748
v -0.63192679 -0.26738439 -0.65094692
v -0.64059480 -0.21067151 -0.69781725
v -0.64318357 -0.17035555 -0.29032666
v -0.62642217 -0.10724171 -0.65130526
v -0.63229141 -0.10385329 -0.59845495
v -0.65518000 -0.10984615 0.27181941
v -0.62727813 -0.73658028 0.34221594
v -0.63320848 -0.71542782 0.30201601
v -0.63252880 -0.71270212 0.38364266
v -0.61875015 -0.66745501 0.13544929
v -0.60676232 -0.52227958 -0.06277346
v -0.61486421 -0.50874544 -0.09741051
v -0.62038938 -0.48910512 -0.25225859
v -0.60991734 -0.46399743 -0.21184216
v -0.64635086 -0.41213578 -0.46510247
v -0.63405542 -0.34752369 -0.34927193
v -0.61899483 -0.27076844 -0.80309015
v -0.61640935 -0.28468397 -0.63851925
v -0.64308056 -0.18180037 -0.66775731
v -0.61610745 -0.09238804 -0.64169806
v -0.61161102 -0.04308777 -0.28360366
v -0.62819702 0.01039265 -0.62190779
v -0.60964230 -0.72409767 0.25738600
v -0.61903683 -0.66690485 0.16068258
v -0.62731704 -0.67471108 0.30756915
v -0.62779141 -0.60822373 -0.00159410
v -0.60923939 -0.55781958 -0.08323067
v -0.65956669 -0.49552891 -0.05446955
v -0.58984898 -0.47173208 -0.22603322
v -0.56976619 -0.38257096 -0.46946538
v -0.67101584 -0.28724038 -0.30672161
v -0.59579366 -0.18327718 0.26469106
v -0.60594682 -0.19599532 -0.23141269
v -0.61734078 -0.20092680 -0.68469511
v -0.61219174 -0.20866602 -0.13994031
v -0.61089327 -0.12074724 -0.10802244
v -0.61552076 -0.06271099 -0.58798774
v -0.60852010 -0.67764174 0.33738293
v -0.57528790 -0.59489803 0.00191564
v -0.59050114 -0.57069571 -0.03004767
v -0.61450883 -0.55055218 0.02686488
v -0.59508041 -0.52731067 -0.12818398
v -0.58248609 -0.49736507 -0.03685558
v -0.59494378 -0.46021127 -0.19114128
v -0.60124982 -0.46235804 -0.07426901
v -0.63212161 -0.43432266 -0.16633341
v -0.62245114 -0.45375840 0.34556879
v -0.61664153 -0.42702041 -0.26373779
v -0.61628520 -0.43108521 -0.26182113
v -0.63622701 -0.41229983 -0.50395302
v -0.64293430 -0.39179926 -0.40246497
v -0.61149350 -0.37262688 -0.38177448
v -0.61888801 -0.30859419 -0.63287884
v -0.61694912 -0.27102725 -0.64945658
v -0.62094059 -0.23108264 -0.71885712
v -0.67286018 -0.25933301 -0.29579441
v -0.60828177 -0.20001874 -0.76135499
v -0.63906170 -0.05720599 0.10545252
v -0.58796793 0.01820265 -0.57703623
v -0.58192137 -0.72422750 0.36271613
v -0.59897276 -0.71529506 0.37849261
v -0.60205161 -0.70659935 0.35478069
v -0.61208348 -0.65682901 0.12798046
v -0.59772518 -0.55300427 0.02071183
v -0.61709928 -0.48576084 -0.16788356
v -0.61788281 -0.47354503 -0.08387254
v -0.60632460 -0.45331808 -0.21812219
v -0.59413701 -0.45691484 -0.21036766
v -0.61184726 -0.45740696 -0.21086572
v -0.61230022 -0.43116960 -0.26300141
v -0.61230022 -0.43128976 -0.26107696
v -0.60913260 -0.41585451 -0.30277382
v -0.60806221 -0.42374758 -0.25953881
v -0.63485528 -0.42456059 -0.28596931
v -0.63498775 -0.40250271 -0.34732474
v -0.60485042 -0.36187058 -0.32930759
v -0.61585389 -0.21716489 -0.68070994
v -0.61104794 -0.24005892 -0.70754697
v -0.61556785 -0.21118403 -0.66631229
v -0.60936505 -0.08897100 0.00979581
v -0.60432469 0.03191715 -0.31842730
v -0.61748603 -0.00005517 -0.47552913
v -0.60957970 0.09681685 -0.45467413
v -0.60894500 -0.71113407 0.21805323
v -0.60921702 -0.68455792 0.18903267
v -0.62238226 -0.56402650 -0.06677881
v -0.62625171 -0.55118746 -0.09556121
v -0.61760941 -0.49983443 -0.16798642
v -0.62133191 -0.50018405 -0.09781931
v -0.60492316 -0.45223605 -0.21547420
v -0.61397556 -0.39940676 0.28991079
v -0.60818369 -0.39555951 -0.52667378
v -0.58758273 -0.37928138 -0.58156520
v -0.60196742 -0.25516061 -0.79340739
v -0.61171394 -0.26094741 0.44377353
v -0.62089836 -0.19070758 -0.64805815
v -0.62742411 -0.09019216 0.06940227
v -0.62575402 -0.53246667 -0.06641020
v -0.60170079 -0.47574813 0.29370478
v -0.60071514 -0.47030911 0.00527308
v -0.60345728 -0.45764841 -0.21434866
v -0.63110979 -0.44330896 -0.34741620
v -0.60758499 -0.38225896 -0.42778503
v -0.62188624 -0.36885596 -0.61666985
v -0.60253407 -0.24658247 -0.68654011
v -0.61277232 -0.23877665 -0.72386523
v -0.61488827 -0.22840317 0.48178140
v -0.60956251 -0.22939876 0.42032530
v -0.60339100 -0.18520893 -0.71945138
v -0.58625090 -0.06168614 0.11127579
v -0.59176407 0.00704061 -0.58673613
v -0.60169132 0.06051607 -0.67504245
v -0.60886866 0.09221117 -0.33970246
v -0.60342203 0.11712389 -0.38086799
v -0.62137794 -0.68546035 0.21309076
v -0.61208739 -0.62964201 0.60676158
v -0.59548195 -0.51154240 -0.07552628
v -0.60143569 -0.51380728 -0.06883164
v -0.60070572 -0.46576072 -0.09053473
v -0.58609954 -0.40747063 -0.48686517
v -0.60473390 -0.38697277 -0.36240361
v -0.53594018 -0.36744402 -0.49481225
v -0.55679308 -0.36319550 -0.26320306
v -0.59526209 -0.36163815 0.24603108
v -0.59431286 -0.25779703 -0.64291057
v -0.59475787 -0.21766506 -0.73553401
v -0.61481137 -0.18961978 0.44764756
v -0.61252640 -0.14091084 0.03563818
v -0.63851694 -0.13972311 0.27730983
v -0.56763154 -0.10202185 0.08296845
v -0.60197613 -0.08511998 -0.28905642
v -0.57979634 0.00051246 -0.51507223
v -0.59066589 -0.55702379 0.02578239
v -0.59921074 -0.51166643 -0.07102187
v -0.59518103 -0.46645927 -0.08547014
v -0.59569948 -0.46324106 -0.08852835
v -0.59194934 -0.44651250 -0.22207894
v -0.59427582 -0.42983742 -0.25394691
v -0.59670089 -0.41339646 0.24465744
v -0.59675469 -0.39460160 -0.37941913
v -0.63679347 -0.35841250 -0.31579913
v -0.60094620 -0.33406898 -0.56460704
v -0.60455403 -0.34285863 -0.60169859
v -0.59891603 -0.27355900 0.47683006
v -0.60566820 -0.27226966 -0.08594563
v -0.58491195 -0.22671124 -0.71586018
v -0.59328435 -0.22709461 -0.72230319
v -0.59708016 -0.22629653 -0.71841204
v -0.58509639 -0.20765145 -0.73399217
v -0.60719657 -0.21652433 -0.72947723
v -0.60266996 -0.21215033 0.03412620
v -0.61134212 -0.19266285 -0.75610243
v -0.58096557 -0.12348560 0.01231671
v -0.58702742 -0.10003570 0.23924058
v -0.60035844 0.05479831 -0.64329163
v -0.61762943 -0.74004130 0.44053835
v -0.58766139 -0.69701996 0.32913752
v -0.61377820 -0.67299976 0.11063767
v -0.57130936 -0.50677294 0.40853442
v -0.59703107 -0.46743697 -0.09537257
v -0.58633042 -0.45656904 -0.09337040
v -0.59269393 -0.45087492 -0.21848970
v -0.58457424 -0.44167091 -0.22010383
v -0.59042352 -0.43522431 -0.29243187
v -0.62918814 -0.40703241 -0.25921760
v -0.57400620 -0.37136559 -0.28903445
v -0.58150021 -0.34818201 -0.33934115
v -0.58148744 -0.31955494 -0.59309893
v -0.62127440 -0.31802665 0.00994429
v -0.59261209 -0.22126793 -0.72167501
v -0.59266246 -0.21907732 -0.72365013
v -0.57385881 -0.17018478 0.37671369
v -0.60184332 -0.19093670 -0.68527448
v -0.58769214 -0.16411417 -0.74875682
v -0.59021308 -0.11739394 -0.30122313
v -0.58244777 0.02197368 -0.61314215
v -0.59437958 -0.75697331 0.46687684
v -0.54971335 -0.72405312 0.44446322
v -0.57437612 -0.68349469 0.19333610
v -0.62386823 -0.65405008 0.08975537
v -0.58941095 -0.60156462 0.03210679
v -0.59170128 -0.46308857 -0.08632424
v -0.58492892 -0.44685135 -0.22084287
v -0.59952129 -0.43087121 0.35286270
v -0.60948253 -0.36353458 -0.60098605
v -0.52992606 -0.31429326 -0.60860678
v -0.56917705 -0.24814914 -0.78627403
v -0.54059991 -0.27853070 0.36704206
v -0.57610326 -0.24195879 -0.68213765
v -0.58811316 -0.22595173 -0.72073562
v -0.58532692 -0.22241008 -0.71886909
v -0.58663630 -0.22200768 -0.72326720
v -0.58867449 -0.21708982 -0.73042887
v -0.58993399 -0.21863285 -0.72276465
v -0.57707654 -0.15156566 -0.67982592
v -0.58471335 -0.15348232 0.49415895
v -0.57878096 -0.05894290 -0.62083509
v -0.54986273 -0.76041873 0.52962653
v -0.60242855 -0.69006448 0.27330133
v -0.54076717 -0.66294861 0.58494916
v -0.55681170 -0.55905063 0.04065518
v -0.58658645 -0.46424347 -0.07993904
v -0.58071549 -0.43098478 -0.23808969
v -0.55213765 -0.39949838 -0.41993848
v -0.58851263 -0.39011895 -0.48654927
v -0.56469074 -0.34615229 0.28278591
v -0.59700003 -0.29942623 -0.72108596
v -0.57034409 -0.25846974 -0.25764053
v -0.59532350 -0.22836751 0.50600864
v -0.60535675 -0.09305897 -0.65552394
v -0.57368636 -0.04304941 -0.27506793
v -0.58801441 0.06459986 -0.44312499
v -0.57533857 -0.76868856 0.48733747
v -0.56316713 -0.73650868 0.47246482
v -0.61096355 -0.69855745 0.18234479
v -0.56138145 -0.59692817 0.08192948
v -0.54028110 -0.44142083 0.68525207
v -0.58079911 -0.33814933 0.24036274
v -0.60222269 -0.31713567 -0.31012541
v -0.60596820 -0.24726475 -0.12408338
v -0.58396244 -0.22142636 -0.72240586
v -0.58454559 -0.21740984 -0.72687026
v -0.58570323 -0.21529895 -0.72539206
v -0.58397329 -0.19626345 -0.68397701
v -0.57322910 -0.17646184 -0.67877313
v -0.59144400 -0.02728259 -0.56405227
v -0.58881445 0.02459195 -0.44703576
v -0.58877340 0.10005538 -0.41252376
v -0.58993270 0.08408921 -0.36130471
v -0.57616527 -0.77239964 0.38039509
v -0.56957585 -0.71562665 0.21806608
v -0.54163262 -0.50957163 0.01069619
v -0.53119940 -0.38925402 -0.19858958
v -0.53300095 -0.35890028 -0.36130946
v -0.58502695 -0.33784607 -0.58369138
v -0.56398730 -0.29595630 0.43462834
v -0.56670762 -0.23667034 -0.64618443
v -0.57951564 -0.23457370 -0.70476264
v -0.57686162 -0.23035088 -0.70525742
v -0.57686162 -0.23273125 -0.70286548
v -0.57641231 -0.23025644 -0.71230216
v -0.55001535 -0.19319284 -0.06241878
v -0.57698399 -0.22316073 -0.71900392
v -0.57083014 -0.21698205 -0.72151722
v -0.57505756 -0.22091804 -0.71521608
v -0.59058607 -0.22459922 -0.23109391
v -0.57657594 0.05835990 -0.37277160
v -0.53449974 -0.71228017 0.24765372
v -0.57471652 -0.69055246 0.30233050
v -0.58295735 -0.57410232 0.03996473
v -0.59708341 -0.46715018 0.40682495
v -0.57538809 -0.42056459 -0.24617327
v -0.57193956 -0.41781352 -0.24853358
v -0.55603639 -0.38571649 0.62987355
v -0.58431590 -0.37885994 -0.32322417
v -0.53994942 -0.35462190 -0.30513811
v -0.55136766 -0.26169814 -0.63759075
v -0.56901451 -0.22443094 -0.71501631
v -0.57292396 -0.22384614 -0.71074075
v -0.56194785 -0.15453082 -0.72734167
v -0.57684287 -0.15515564 -0.10193091
v -0.60731693 -0.08723963 -0.05269057
v -0.59012329 -0.05557775 0.20484520
v -0.57999991 -0.58000589 0.04037093
v -0.55764260 -0.53531301 0.00991551
v -0.58123583 -0.45233709 -0.21433182
v -0.56708610 -0.42007616 -0.25397661
v -0.56985808 -0.41923287 -0.24626322
v -0.54155645 -0.37839408 -0.43681989
v -0.56481993 -0.29494835 0.04649729
v -0.55566706 -0.32155100 0.22170278
v -0.52842732 -0.29440580 -0.66830461
v -0.54768689 -0.22419891 -0.77869103
v -0.55448440 -0.21858016 -0.66404646
v -0.56857852 -0.17757468 -0.70181923
v -0.55808401 -0.16128959 -0.73451565
v -0.56158096 -0.04790453 -0.59376035
v -0.56836310 -0.75522532 0.46004458
v -0.57159980 -0.74880827 0.28562567
v -0.59623983 -0.74686762 0.35331300
v -0.59079470 -0.68093708 0.15208564
v -0.57060630 -0.42609913 -0.24134502
v -0.56845745 -0.42349228 -0.24539896
v -0.56417874 -0.41955844 -0.25094433
v -0.57015776 -0.42594167 -0.23895668
v -0.56498189 -0.41770389 -0.25814931
v -0.56699752 -0.41115028 -0.25438547
v -0.57000691 -0.22943030 -0.69870666
v -0.57485590 -0.17005779 -0.70707276
v -0.54775275 -0.17678041 -0.04829098
v -0.59769812 -0.01373638 -0.54761334
v -0.55367951 0.02710372 -0.27939538
v -0.59778506 0.04093780 -0.33318022
v -0.55510048 -0.72813689 0.40031074
v -0.55467259 -0.63997122 0.14388472
v -0.55082473 -0.64193768 0.12979021
v -0.55504482 -0.49177713 0.43719850
v -0.55527930 -0.49189626 -0.04403728
v -0.56025319 -0.47048831 -0.22477561
v -0.56266636 -0.42892033 -0.23285589
v -0.56111109 -0.42844391 -0.23428850
v -0.62963707 -0.36234490 -0.36411511
v -0.52907771 -0.33937832 -0.31414064
v -0.60992777 -0.29282156 -0.64561909
v -0.56674881 -0.27329028 -0.62638941
v -0.56761437 -0.23940304 -0.68623396
v -0.56743135 -0.21677547 -0.71493257
v -0.56937703 -0.05810511 -0.65210278
v -0.56242385 0.01601605 -0.55459659
v -0.56182890 -0.76935750 0.43209343
v -0.56998809 -0.57687794 0.06335745
v -0.56195992 -0.41712842 -0.24859420
v -0.53612231 -0.39617683 -0.39186836
v -0.58062751 -0.34087733 0.25826671
v -0.52645992 -0.18868847 -0.69159021
v -0.57044179 -0.19736576 -0.00451777
v -0.54027889 -0.11841694 0.20127995
v -0.55928227 -0.05045272 0.28697967
v -0.53978650 -0.73420765 0.35302598
v -0.56190574 -0.67017336 0.18172385
v -0.53969261 -0.66616273 0.15622820
v -0.54518491 -0.65119519 0.11859981
v -0.57157057 -0.54118555 -0.09201652
v -0.59404087 -0.53960157 0.02968757
v -0.56827215 -0.48074851 -0.17879266
v -0.56200364 -0.42769464 -0.22790620
v -0.56305857 -0.34331685 -0.55661047
v -0.54140351 -0.33287355 -0.55671233
v -0.54954059 -0.00439690 -0.53175491
v -0.55577415 0.00239698 0.33672555
v -0.55522144 -0.75465570 0.47146897
v -0.55254655 -0.68078056 0.16210134
v -0.57379322 -0.68479255 0.38219584
v -0.55806301 -0.65879492 0.14053226
v -0.53214979 -0.66546883 0.13736085
v -0.55306536 -0.47195278 -0.06314219
v -0.51669549 -0.44435835 -0.10751478
v -0.54792913 -0.44185352 -0.23883246
v -0.55698839 -0.35776216 -0.58221366
v -0.53833540 -0.22685060 -0.78493593
v -0.55170516 -0.14369553 0.22532154
v -0.53680199 0.00425555 -0.27266785
v -0.53550819 0.00345866 -0.44738096
v -0.52618283 -0.74373835 0.44024856
v -0.56456183 -0.75796019 0.39597335
v -0.53229625 -0.70759506 0.32903095
v -0.55431828 -0.69384119 0.23427763
v -0.53558607 -0.62771124 0.12835903
v -0.54394569 -0.47467562 -0.04012460
v -0.56336722 -0.47802351 -0.09114569
v -0.55585600 -0.43423906 -0.22954558
v -0.53973132 -0.42707170 -0.22172949
v -0.54097894 -0.40725827 -0.32126572
v -0.56582624 -0.39995261 -0.39593880
v -0.53401779 -0.38439222 -0.40163943
v -0.54173840 -0.38251953 0.06876253
v -0.55537415 -0.35237896 -0.34563965
v -0.53743171 -0.34330336 -0.55096835
v -0.55657892 -0.14482930 0.07131421
v -0.54580106 -0.17148174 -0.69934253
v -0.56184638 -0.07210066 0.31794457
v -0.59132465 -0.14534152 0.43014178
v -0.54474257 -0.03102964 -0.62920613
v -0.54129159 -0.01829637 0.36605801
v -0.57662899 -0.75101855 0.26417843
v -0.58438341 -0.73462175 0.25137596
v -0.54739413 -0.67578678 0.27793739
v -0.54149697 -0.61475477 0.08095242
v -0.53008578 -0.59510119 0.06075190
v -0.58818731 -0.51561897 -0.11691944
v -0.51356864 -0.44991284 0.47346587
v -0.54124318 -0.44144193 -0.22438325
v -0.57338943 -0.43981796 0.49444226
v -0.55807397 -0.41819484 -0.35496879
v -0.52287092 -0.36306093 -0.28070587
v -0.54118300 -0.27331846 -0.59247658
v -0.53987805 -0.24442966 -0.63067358
v -0.54108239 -0.19965985 0.21433741
v -0.53794319 -0.17808971 -0.17530501
v -0.55943129 -0.18316319 -0.67496808
v -0.55403093 -0.13392943 0.27902205
v -0.54710138 -0.11009094 0.23310967
v -0.53743659 -0.40787731 -0.15476254
v -0.54279938 -0.40332596 -0.26499837
v -0.54224359 -0.37694771 -0.37763687
v -0.55530821 -0.38127519 0.56123721
v -0.54085226 -0.37099201 -0.30680383
v -0.52717155 -0.35341398 -0.27060574
v -0.52625873 -0.31641325 -0.58931548
v -0.54630966 -0.29045340 -0.60548094
v -0.53698406 -0.26985169 -0.72015539
v -0.56405889 -0.22765979 -0.71003077
v -0.54836084 -0.16498253 0.27756015
v -0.55776463 -0.07565346 -0.63005873
v -0.56996696 -0.11360517 0.46782188
v -0.52604641 0.00495772 0.37632904
v -0.53196600 0.01027665 0.27025635
v -0.53395817 0.08468141 -0.32382908
v -0.55378930 -0.68229082 0.18855760
v -0.53634103 -0.64969679 0.13317662
v -0.53715627 -0.62371371 0.09396832
v -0.54845425 -0.62519190 0.06614541
v -0.53589660 -0.59930127 0.08341384
v -0.52722662 -0.52028054 -0.06978578
v -0.55900782 -0.46692896 -0.17424251
v -0.53892781 -0.40360613 0.66734776
v -0.52350146 -0.39548937 -0.41899499
v -0.52543953 -0.38924900 -0.29375673
v -0.54803367 -0.42598237 0.34033048
v -0.53188305 -0.37581553 -0.41852157
v -0.53347108 -0.28548957 -0.60838191
v -0.54200595 -0.26928271 -0.63485483
v -0.53354776 -0.28228843 -0.60442495
v -0.53249491 -0.28091710 -0.61745967
v -0.53295219 -0.28202510 -0.60728960
v -0.54399682 -0.07178395 -0.66378233
v -0.53147351 -0.08187239 -0.63978005
v -0.48934585 -0.72579321 0.55948284
v -0.53632768 -0.63606494 0.07552894
v -0.53241399 -0.60873980 0.08076475
v -0.54808466 -0.62066261 0.59312847
v -0.55663295 -0.41431760 0.03578587
v -0.55486321 -0.45329005 -0.10008745
v -0.52006428 -0.38049580 -0.41553180
v -0.53500333 -0.30480398 0.24033159
v -0.51923066 -0.27259653 -0.59569941
v -0.53319923 -0.28038094 -0.61313526
v -0.52579572 -0.26663594 0.10156346
v -0.53165568 -0.19657707 0.21133788
v -0.53830055 -0.19878263 -0.70635231
v -0.51421209 -0.13653827 0.56033195
v -0.52697573 -0.09169711 -0.64202043
v -0.53272333 -0.10627907 0.25555719
v -0.52878241 -0.06473845 -0.62907597
v -0.55597243 -0.02411589 -0.58228842
v -0.53207767 0.02963569 0.36831785
v -0.53447489 -0.75480711 0.38407945
v -0.52371028 -0.69435196 0.20089207
v -0.53092091 -0.67393957 0.40003192
v -0.52332240 -0.63031108 0.10169992
v -0.49366296 -0.55034631 -0.01141379
v -0.52953279 -0.57169826 0.05253752
v -0.52122295 -0.43414651 0.44537759
v -0.53650075 -0.42755199 -0.21185462
v -0.50268774 -0.42606243 -0.22857831
v -0.51726114 -0.39284992 0.52026128
v -0.53859201 -0.38831327 -0.27664527
v -0.49830470 -0.32992488 -0.30489422
v -0.52234113 -0.37575982 0.12200115
v -0.53219403 -0.30059135 0.19223972
v -0.51599896 -0.25127392 -0.61842859
v -0.52945819 -0.14007327 0.12614840
v -0.50801411 -0.14086903 -0.72707186
v -0.53844084 -0.09760492 0.14720214
v -0.52470123 -0.13754485 0.18263450
v -0.55434018 -0.12611212 -0.22126962
v -0.50903268 -0.10058495 -0.23720059
v -0.53460307 -0.10400488 0.31020733
v -0.57555208 0.03241639 -0.41657904
v -0.51578497 -0.73288164 0.33995331
v -0.51197748 -0.73925352 0.40847545
v -0.52759130 -0.74198389 0.40046788
v -0.48728998 -0.65340825 0.17874969
v -0.49526908 -0.60394355 0.06701008
v -0.50223390 -0.49899336 0.01714715
v -0.50129083 -0.45311237 -0.14912380
v -0.51468350 -0.43371407 0.08798770
v -0.54743692 -0.34922584 -0.51664282
v -0.50409482 -0.30047667 -0.54726946
v -0.52369235 -0.30079108 0.17409415
v -0.53431435 -0.26515581 -0.64003396
v -0.52083460 -0.19315573 0.17402077
v -0.52003821 -0.23333607 -0.64259090
v -0.52019012 -0.19921780 0.18839803
v -0.52070562 -0.19079895 -0.64597525
v -0.51778686 -0.06769921 -0.61560165
v -0.51388795 -0.02839311 0.21864052
v -0.53573317 -0.04732105 -0.28070057
v -0.51627342 0.10774408 -0.36561988
v -0.50993411 -0.74074769 0.40021483
v -0.51452148 -0.73965431 0.31595553
v -0.49273974 -0.70768721 0.29431378
v -0.52463938 -0.53309104 -0.07207222
v -0.52831722 -0.56098978 0.07959231
v -0.51444742 -0.51650729 0.06683731
v -0.54091619 -0.45457521 -0.23472052
v -0.53889316 -0.43158262 -0.10117641
v -0.48786150 -0.38797691 -0.36795795
v -0.49558115 -0.37882540 -0.35858461
v -0.51877021 -0.37705387 -0.19068890
v -0.50319549 -0.37164539 -0.47690570
v -0.52161401 -0.36939870 0.55882548
v -0.51546292 -0.35496292 0.14485674
v -0.48340516 -0.32648720 0.45494838
v -0.52604743 -0.23712992 0.33035741
v -0.51167977 -0.23385990 0.25787446
v -0.51277024 -0.18169926 0.30971876
v -0.52993476 -0.11800632 0.28102732
v -0.51951067 0.05133150 0.35481082
v -0.55056161 -0.70544318 0.37107608
v -0.51177725 -0.68271211 0.32962407
v -0.49764355 -0.36536934 -0.31049436
v -0.50156678 -0.12716647 -0.71476084
v -0.44312695 -0.08495723 0.58797043
v -0.50873932 -0.69594764 0.39862444
v -0.50249447 -0.69212927 0.37477348
v -0.52848159 -0.61063584 0.06846264
v -0.52219939 -0.44819561 -0.20575304
v -0.50503548 -0.36665982 0.61979630
v -0.53290854 -0.37065835 0.29059192
v -0.53434437 -0.31218047 -0.58105816
v -0.52722729 -0.28209996 -0.61193237
v -0.52034639 -0.08386987 0.51294500
v -0.51046633 -0.09837536 0.32492979
v -0.50834560 -0.06045186 0.34139702
v -0.48507051 -0.02579812 0.35131869
v -0.52072858 -0.05235544 0.38637877
v -0.49977243 -0.03573069 0.45185421
v -0.51412348 -0.74930072 0.44196728
v -0.48301957 -0.40010403 -0.10620417
v -0.50783525 -0.37693082 0.12565436
v -0.48985238 -0.31642741 -0.55656055
v -0.49370358 -0.28852811 -0.57689022
v -0.48953860 -0.24785435 -0.63644807
v -0.49246547 -0.23122402 -0.70253237
v -0.50007139 -0.20743789 0.30076770
v -0.46119346 0.03723614 -0.28944501
v -0.50937002 -0.72601050 0.33443487
v -0.49332903 -0.71804100 0.43489608
v -0.50716811 -0.68631684 0.29633834
v -0.48024188 -0.58722944 0.05458434
v -0.50405446 -0.57068631 0.08404770
v -0.49149356 -0.53021565 -0.01746068
v -0.47983296 -0.36957605 -0.41069524
v -0.48674423 -0.34109173 -0.50437234
v -0.49277524 -0.27348750 0.16223599
v -0.48257440 -0.14831157 -0.66144654
v -0.48518120 -0.14231075 -0.63472231
v -0.49678064 -0.12342654 0.30422885
v -0.48255212 -0.70288293 0.39347059
v -0.51499277 -0.67380463 0.23087998
v -0.51576037 -0.64789492 0.14097474
v -0.48956056 -0.60829824 0.07174944
v -0.50902119 -0.57804989 0.04162648
v -0.51771582 -0.51026308 0.00284842
v -0.50086083 -0.48848347 0.68435312
v -0.49038881 -0.43325363 -0.23246441
v -0.52553486 -0.37009944 -0.24703959
v -0.47126474 -0.35293232 -0.42432059
v -0.50775485 -0.34925509 -0.25825910
v -0.50043012 -0.34306545 -0.48245753
v -0.50349244 -0.34479804 -0.24912789
v -0.50707986 -0.33906724 -0.26252255
v -0.50203887 -0.27604709 0.20192163
v -0.49357730 -0.19339604 -0.65230447
v -0.48688238 -0.18474104 -0.75285347
v -0.50297733 -0.11719841 0.17121728
v -0.50614260 -0.03540940 -0.55040151
v -0.49639725 -0.64575208 0.11526996
v -0.49123980 -0.61357846 0.09546771
v -0.47830637 -0.61619351 0.61715649
v -0.50145375 -0.44334364 -0.12529707
v -0.47608400 -0.38113292 -0.19773070
v -0.45884895 -0.32458857 -0.28752774
v -0.50352086 -0.22904811 -0.20653196
v -0.50893278 -0.07495633 0.19072809
v -0.50303758 -0.07278835 0.20958447
v -0.44531822 -0.02544349 0.51708145
v -0.48877510 0.00631358 -0.28456790
v -0.49117424 -0.75165895 0.51903214
v -0.49763657 -0.71295770 0.34276901
v -0.51502799 -0.71478894 0.23392357
v -0.46847172 -0.68436503 0.31878415
v -0.49797590 -0.65053006 0.19765823
v -0.49930825 -0.58563478 0.06037058
v -0.48730030 -0.59273063 0.07463060
v -0.47853850 -0.49352193 -0.09441404
v -0.49718121 -0.46488122 -0.00709328
v -0.51037696 -0.47693576 -0.11845088
v -0.49444109 -0.39011230 -0.11913148
v -0.49375259 -0.37852408 -0.18065849
v -0.43621571 -0.35223273 -0.45387541
v -0.47974525 -0.36645691 0.60127535
v -0.47264545 -0.35311444 -0.25184901
v -0.47507996 -0.33035280 -0.49869769
v -0.47650276 -0.31845358 0.28714829
v -0.49251736 -0.28274252 0.22987347
v -0.45776815 -0.25546609 0.28440196
v -0.47526179 -0.20453957 -0.64586198
v -0.48063971 -0.21091246 0.14657108
v -0.49211790 -0.15059119 -0.69434759
v -0.45318618 0.01764464 -0.24592079
v -0.48557888 -0.72797387 0.41150126
v -0.48387294 -0.71422204 0.36211751
v -0.53260934 -0.68805323 0.20483031
v -0.49557944 -0.53039180 -0.03483970
v -0.48945206 -0.48428555 -0.04071819
v -0.48360241 -0.45190962 -0.02782782
v -0.48291753 -0.45647023 -0.05928708
v -0.48925625 -0.44039533 -0.03647052
v -0.46400233 -0.43810945 0.67757961
v -0.44858147 -0.42759876 0.46899184
v -0.46838288 -0.35575080 -0.34582165
v -0.50626609 -0.38498175 0.35630725
v -0.49543039 -0.37499426 -0.25312477
v -0.48728070 -0.34871246 -0.23986399
v -0.49028429 -0.34636100 -0.23813019
v -0.52001528 -0.33485847 -0.54032169
v -0.48681173 -0.16266665 -0.64620728
v -0.47745844 -0.11498858 -0.67637633
v -0.46713240 -0.07838029 -0.61876962
v -0.49641493 0.06432575 -0.28875211
v -0.49371786 -0.72688134 0.45951231
v -0.46818247 -0.70640249 0.33979967
v -0.49216781 -0.72583788 0.43061066
v -0.48153233 -0.70088409 0.25710123
v -0.46961413 -0.69013160 0.40541887
v -0.48523990 -0.61074368 0.08289103
v -0.52520137 -0.58696326 0.63272280
v -0.48680875 -0.56256112 0.06167867
v -0.49283482 -0.54716628 0.05364556
v -0.47626396 -0.43473525 0.48366260
v -0.46320825 -0.35769346 -0.21834816
v -0.48041531 -0.28743575 -0.58006483
v -0.49238938 -0.30670448 0.25796978
v -0.47164325 -0.29571358 0.12683751
v -0.49697977 -0.16268792 0.64804070
v -0.46838776 -0.12076574 -0.61584015
v -0.47657733 -0.73098928 0.40057342
v -0.47818960 -0.67050453 0.37868790
v -0.47613066 -0.61728878 0.09638166
v -0.49130904 -0.52939664 0.05646630
v -0.46938428 -0.46481945 0.05864140
v -0.47947731 -0.44700053 -0.06115862
v -0.48701681 -0.37147599 -0.19339295
v -0.47125557 -0.32578848 0.35464509
v -0.47920029 0.03366545 -0.47134612
v -0.47796274 0.03968046 0.25630761
v -0.48208384 -0.48884592 -0.09298556
v -0.46708323 -0.47551872 -0.02992157
v -0.40977290 -0.46302430 -0.12302214
v -0.48646925 -0.42806300 -0.13715558
v -0.45650367 -0.42594600 0.07554430
v -0.45471594 -0.38437727 -0.38246147
v -0.44569810 -0.37232892 -0.14736458
v -0.47661630 -0.37441770 -0.38488174
v -0.45435531 -0.31741987 -0.51576432
v -0.48625532 -0.31830085 -0.57994798
v -0.45941663 -0.31974810 -0.27412958
v -0.46100999 -0.29565681 0.31364961
v -0.47191339 -0.17776205 0.60509877
v -0.47802838 -0.11577411 -0.71394079
v -0.45797958 -0.03753946 -0.20372450
v -0.46008172 0.01789199 0.23218062
v -0.48808050 0.05511438 0.31306440
v -0.49515121 0.10461289 -0.42241474
v -0.43741947 0.15362805 -0.38390380
v -0.48228266 -0.61314941 0.08181889
v -0.46919485 -0.61433367 0.09572215
v -0.45171012 -0.60241383 0.10911145
v -0.46849818 -0.60929456 0.08122121
v -0.45958353 -0.56883367 0.06640693
v -0.46624984 -0.48724803 0.00507441
v -0.46900040 -0.45998885 -0.08870630
v -0.47900159 -0.46942860 0.01847623
v -0.45534170 -0.43492429 -0.12270257
v -0.46949910 -0.34392610 -0.27138763
v -0.47465092 -0.34184852 -0.26497097
v -0.48828069 -0.34607551 -0.52748032
v -0.48059086 -0.34459717 -0.25429851
v -0.46012335 -0.30707409 0.26648210
v -0.49783166 -0.29533500 0.50396597
v -0.48612795 -0.19372047 -0.76099518
v -0.46603215 -0.15577561 -0.67090020
v -0.47118086 -0.68674891 0.29929755
v -0.49046655 -0.66995506 0.21375545
v -0.44673550 -0.67783571 0.27668605
v -0.48661183 -0.66393263 0.16378355
v -0.45102700 -0.55450841 0.65247269
v -0.46574855 -0.38757148 0.53202832
v -0.48069204 -0.35095188 -0.21663361
v -0.47555777 -0.31685558 0.63444781
v -0.46927836 -0.12482886 -0.66005925
v -0.46431060 -0.03216083 0.19679208
v -0.47382775 -0.71503258 0.28567102
v -0.47376916 -0.68749917 0.35457205
v -0.46885282 -0.65296349 0.15012395
v -0.46972324 -0.43430133 0.44416807
v -0.44838943 -0.38447112 0.57351372
v -0.48143206 -0.34107556 -0.30530163
v -0.47597408 -0.30023105 -0.55007287
v -0.50482076 0.06404054 -0.44522999
v -0.45993411 -0.69065759 0.33283762
v -0.47607159 -0.41433338 -0.20720870
v -0.45228776 -0.35924107 -0.23829876
v -0.47507683 -0.25506094 0.67358333
v -0.46815295 -0.17776152 -0.65882946
v -0.43399380 -0.67071342 0.23308675
v -0.46385331 -0.61343082 0.08411756
v -0.43715084 -0.49459368 -0.08841501
v -0.41435815 -0.43691575 -0.00045634
v -0.47476169 -0.41502724 -0.09520630
v -0.44033042 -0.35520010 -0.20902729
v -0.40187528 -0.31093883 -0.50983557
v -0.45836870 -0.33121641 -0.27557438
v -0.47071943 -0.32232695 -0.26622554
v -0.44389754 -0.30471395 0.65676143
v -0.44379881 -0.21952318 0.12598330
v -0.45453834 -0.27260901 -0.64500690
v -0.46090111 -0.23027779 0.59154474
v -0.45311524 -0.14975671 0.61499806
v -0.44113838 -0.10208421 -0.66542160
v -0.45775636 -0.69517693 0.28942205
v -0.45744803 -0.47258375 -0.06884209
v -0.45640365 -0.45796275 -0.08247005
v -0.46145751 -0.35032952 0.59644426
v -0.45886691 -0.34115437 0.38340763
v -0.44780202 -0.29012513 0.59081529
v -0.46674496 -0.25035826 -0.23091015
v -0.47242581 -0.26095611 0.62776547
v -0.47638010 -0.18971028 0.71210916
v -0.43736495 -0.16504048 -0.63688373
v -0.48089302 -0.14940413 -0.13315356
v -0.42845533 -0.66406905 0.19694113
v -0.46434097 -0.56083164 0.04559715
v -0.42711682 -0.50679709 0.65871388
v -0.44295346 -0.50909302 -0.04094565
v -0.41719461 -0.50321949 0.04592669
v -0.44756794 -0.47458031 0.02128955
v -0.46448628 -0.42968775 -0.08585563
v -0.45389008 -0.40499476 -0.27033896
v -0.46762317 -0.39849876 -0.10668140
v -0.47054928 -0.35388857 -0.44247885
v -0.44903159 -0.20848011 -0.72211603
v -0.45234874 -0.14276427 0.71945580
v -0.42274716 -0.13419781 -0.63872475
v -0.43418590 0.01010635 -0.53236099
v -0.43592360 -0.69031782 0.57515195
v -0.43153456 -0.51156495 -0.02954086
v -0.42215571 -0.50645060 -0.04040857
v -0.44024879 -0.50372951 -0.02535601
v -0.45022076 -0.40190457 -0.24363140
v -0.41020722 -0.33010898 -0.43790842
v -0.46607160 -0.35035493 -0.31917554
v -0.43114464 -0.30270474 -0.54875534
v -0.42673531 -0.27982744 0.27432104
v -0.51076383 -0.20044741 -0.17085268
v -0.41368278 -0.14710320 -0.65322644
v -0.43850067 -0.14628082 -0.68198491
v -0.43774252 0.14039295 -0.43354232
v -0.43637543 -0.68084625 0.37752826
v -0.45309974 -0.59649807 0.06773556
v -0.43486856 -0.48581017 -0.04147163
v -0.44623137 -0.41745913 -0.21180426
v -0.44033972 -0.32857290 0.68212683
v -0.44116383 -0.29635702 -0.55519861
v -0.41506997 -0.28355979 -0.57234094
v -0.45441094 -0.27990830 -0.59721996
v -0.41826996 0.06794763 0.30092622
v -0.46428903 0.06291013 0.35859483
v -0.43103957 -0.66728372 0.44198650
v -0.46684552 -0.37685826 -0.12275876
v -0.44520657 -0.33171140 -0.29508445
v -0.43197539 -0.29355288 -0.56563007
v -0.41545480 -0.28824149 0.54524503
v -0.45239048 -0.00198664 0.35325148
v -0.48238779 -0.01373777 0.39327371
v -0.46061781 0.04743942 0.36671175
v -0.43138314 -0.70990591 0.52792047
v -0.43928564 -0.57571682 0.06536526
v -0.42797411 -0.48122997 -0.07827346
v -0.45018856 -0.47732678 0.03678747
v -0.46526582 -0.40044385 0.65504310
v -0.42823197 -0.40734705 0.61608216
v -0.43611481 -0.36825604 0.64565158
v -0.45964343 -0.31051848 0.56230057
v -0.44158333 -0.11035223 -0.66781042
v -0.43465059 -0.08470256 -0.69033422
v -0.41382247 -0.51606012 -0.01320840
v -0.41397832 -0.52871687 0.01936657
v -0.42481414 -0.51035066 -0.04373163
v -0.40051120 -0.46802862 0.51723967
v -0.41167258 -0.45651976 0.63594604
v -0.42627533 -0.43038844 -0.16241690
v -0.41557333 -0.24776444 -0.60511695
v -0.40128420 -0.15941594 -0.74559013
v -0.45993989 -0.12122495 0.65957107
v -0.45297839 -0.10429609 -0.70020523
v -0.43917954 0.13449389 -0.32729014
v -0.44453467 -0.73014522 0.36581000
v -0.36005284 -0.33782511 -0.40436310
v -0.42965730 -0.36904104 -0.35225081
v -0.42954946 -0.34762839 -0.17616656
v -0.43798180 -0.32770971 -0.27613330
v -0.46427189 -0.32868517 -0.27247629
v -0.42376276 -0.30633540 -0.56372392
v -0.44337076 -0.17159523 -0.75686156
v -0.40153778 -0.12343869 0.63745094
v -0.44445977 -0.63231162 0.12792636
v -0.41354635 -0.59503288 0.08565511
v -0.42127472 -0.59090724 0.09387010
v -0.42744504 -0.51309331 -0.02422268
v -0.41189411 -0.51697893 -0.03301568
v -0.42008620 -0.50601517 0.00978642
v -0.41843847 -0.50598443 0.01467403
v -0.41935673 -0.50204676 0.01116877
v -0.41935673 -0.50585902 0.01378168
v -0.42735677 -0.49984853 -0.00396513
v -0.44551156 -0.47635270 -0.03942388
v -0.43941934 -0.43777342 0.49348256
v -0.42428055 -0.41966521 0.53008175
v -0.41706910 -0.35175420 0.42349744
v -0.44195023 -0.35842726 -0.36223238
v -0.43159548 -0.34387401 -0.39832101
v -0.39023494 -0.28634613 -0.19202084
v -0.45056526 -0.22175261 -0.61283424
v -0.43183731 -0.20764977 -0.13446709
v -0.39745012 -0.14686552 -0.73765315
v -0.41299804 -0.01026359 -0.56804614
v -0.42892135 0.10786523 -0.46433079
v -0.40447901 -0.70114250 0.34840066
v -0.45345041 -0.70825474 0.29517919
v -0.39796115 -0.66542013 0.40069725
v -0.39205531 -0.64767520 0.19413990
v -0.43756253 -0.63309763 0.15456887
v -0.40287265 -0.50449443 0.02100083
v -0.41524855 -0.50613639 0.01247071
v -0.44084972 -0.47389644 -0.07571946
v -0.41779536 -0.41650982 -0.18302455
v -0.41404706 -0.39194006 -0.20691606
v -0.41443469 -0.38735607 -0.20726217
v -0.42024955 -0.39079488 -0.20105687
v -0.38879549 -0.39534663 -0.16296420
v -0.40100080 -0.36142331 -0.12996159
v -0.41884438 -0.29168932 -0.54044347
v -0.44199851 -0.23713510 -0.20517974
v -0.41284496 -0.22169630 -0.62391535
v -0.44023863 -0.17340014 -0.10312053
v -0.41468068 -0.10881336 -0.66752986
v -0.44143465 -0.09563265 0.16219122
v -0.39400231 0.04038924 -0.20409022
v -0.40072460 0.06122025 0.30336765
v -0.38263101 0.08008761 -0.25850028
v -0.42097766 0.07329245 -0.30409553
v -0.40127698 -0.55111411 0.06529819
v -0.41824055 -0.52226941 0.05063234
v -0.40726115 -0.42372481 -0.12387751
v -0.41965189 -0.42655185 -0.12443250
v -0.40970631 -0.41287076 -0.16002251
v -0.43024514 -0.39428766 -0.21315460
v -0.41459325 -0.38785574 -0.20278752
v -0.37749526 -0.35640793 -0.36049398
v -0.42270921 -0.34791330 -0.33469049
v -0.43499006 -0.33001007 0.09586592
v -0.40601857 -0.31152112 0.52059349
v -0.40699209 -0.15897184 -0.62739249
v -0.43195556 -0.06722205 0.19231638
v -0.41242302 -0.01804065 0.21751694
v -0.41445096 0.02145886 0.32605098
v -0.37571786 0.15628521 -0.41352270
v -0.38425545 -0.67756131 0.28466857
v -0.42110837 -0.49668970 0.00439907
v -0.42196779 -0.39549360 -0.10287292
v -0.40246361 -0.31328780 0.51016432
v -0.38803337 -0.18687696 0.73979791
v -0.39171517 -0.11032278 0.71025297
v -0.40489482 -0.08782466 -0.15449497
v -0.39244030 -0.07380591 -0.69214982
v -0.42218139 -0.74109373 0.38996166
v -0.41253239 -0.67918532 0.30106707
v -0.42519435 -0.46314829 0.00655412
v -0.41657319 -0.44025101 -0.03087544
v -0.38305169 -0.33233784 -0.32605002
v -0.40325066 -0.33547372 -0.28338420
v -0.41067947 -0.31457512 -0.23299171
v -0.40333142 -0.17160434 0.13903747
v -0.36788544 -0.10355656 0.68649046
v -0.39183970 -0.06984354 0.22028540
v -0.41592184 0.05128506 0.26872483
v -0.41021676 -0.53088480 -0.00141098
v -0.39687043 -0.41817241 -0.11909023
v -0.39279903 -0.41679175 -0.17869547
v -0.36861240 -0.40591350 0.04951569
v -0.39033956 -0.35020247 -0.37734361
v -0.40322162 -0.33849778 -0.25886348
v -0.34239740 -0.29579069 -0.47532089
v -0.40602637 -0.31514999 -0.25562272
v -0.42140119 -0.27351864 0.70747572
v -0.37958559 -0.21190737 -0.09505133
v -0.39415911 -0.18314698 -0.69112431
v -0.36257026 -0.09163055 -0.66807198
v -0.40952852 -0.05185151 -0.59648059
v -0.40393745 -0.00293152 0.26206809
v -0.41809735 0.01470103 0.45906875
v -0.40069096 -0.68517112 0.33501474
v -0.40420361 -0.60567633 0.61111327
v -0.38199126 -0.55513190 0.61113992
v -0.39946395 -0.49397265 0.02171674
v -0.40108279 -0.42389148 -0.11947012
v -0.39227396 -0.41847328 -0.10943126
v -0.40943949 -0.41693710 -0.22208996
v -0.40077862 -0.43875460 0.50623460
v -0.40604010 -0.39682437 0.45956024
v -0.41019494 -0.38542842 -0.08229392
v -0.42456263 -0.33537302 0.52210919
v -0.42156066 -0.27143201 -0.57532423
v -0.39802097 -0.07606296 0.18260724
v -0.37425399 0.15577710 -0.37222087
v -0.36414180 -0.71886666 0.35384346
v -0.38643572 -0.43170787 -0.07640818
v -0.39022310 -0.41526008 -0.12433161
v -0.38983660 -0.41487239 -0.12005515
v -0.38456172 -0.40203658 -0.16007982
v -0.39247962 -0.33610807 0.47554915
v -0.40328457 -0.32448559 -0.23138265
v -0.33726733 -0.35608332 0.05759202
v -0.39612117 -0.19135587 -0.63025813
v -0.38368262 0.04325569 0.35458541
v -0.39623911 0.06981733 -0.48882889
v -0.40699356 -0.76115007 0.54456712
v -0.38939626 -0.46971856 0.59740030
v -0.39160071 -0.41935673 -0.12026943
v -0.39571683 -0.42066924 -0.12009043
v -0.38366194 -0.41607945 -0.11784404
v -0.38939279 -0.41541910 -0.11615984
v -0.38785574 -0.41513032 -0.11506095
v -0.38785574 -0.41620746 -0.11222222
v -0.43304868 -0.36116248 -0.33388519
v -0.38369330 -0.28283657 -0.51871170
v -0.34681818 -0.26676689 0.08991897
v -0.36120884 -0.19704940 -0.67472919
v -0.39721734 -0.20376731 -0.60929612
v -0.41256441 -0.11748005 -0.09579548
v -0.38752987 -0.09575235 -0.65221800
v -0.41230512 -0.08180141 -0.62767687
v -0.39103509 0.13139834 -0.32622038
v -0.37306535 -0.62908811 0.15943893
v -0.42254409 -0.56718746 0.05088295
v -0.38735059 -0.41935673 -0.11661524
v -0.38132995 -0.41403419 -0.11103193
v -0.38082501 -0.41262154 -0.11564815
v -0.37362868 -0.39142249 -0.15795967
v -0.35796825 -0.31219066 -0.18496402
v -0.40047555 -0.25439850 -0.58330632
v -0.36948553 -0.21986334 -0.58696402
v -0.38401976 -0.18311367 -0.63593534
v -0.34043280 -0.13175163 -0.72812570
v -0.39044643 -0.77097242 0.51489330
v -0.40497458 -0.65924013 0.24047296
v -0.36501675 -0.47160849 -0.00555528
v -0.38097434 -0.43888828 -0.07764359
v -0.38428486 -0.42013472 -0.11245936
v -0.37423785 -0.42736469 -0.16582215
v -0.38046111 -0.41309086 -0.11360660
v -0.39444752 -0.37700164 -0.22334745
v -0.39867180 -0.37649209 -0.27625553
v -0.36771316 -0.33124230 0.49287131
v -0.35042327 -0.29404148 -0.25559080
v -0.37081721 -0.30452875 -0.22110914
v -0.38332644 -0.18309942 -0.63592595
v -0.37998050 -0.18265155 -0.63592595
v -0.38409844 -0.17887351 -0.63580325
v -0.36054553 -0.15489891 -0.05582616
v -0.35148967 -0.04014727 0.21397701
v -0.38719755 0.01512008 -0.17725009
v -0.39192049 0.06608973 -0.17504038
v -0.36481869 -0.75869788 0.46354933
v -0.38229313 -0.73955162 0.54919169
v -0.35887348 -0.73554579 0.52608214
v -0.37693958 -0.73682998 0.40874330
v -0.38429608 -0.62574409 0.57125908
v -0.38484155 -0.64692034 0.51693088
v -0.37880829 -0.58541331 0.48184424
v -0.36946539 -0.43470553 -0.07129220
v -0.37954548 -0.41117014 -0.12133703
v -0.37407407 -0.41201228 -0.11613491
v -0.37654334 -0.41148147 -0.11172548
v -0.37239312 -0.39904704 0.47979721
v -0.37272148 -0.37684032 -0.19282366
v -0.37524983 -0.37683414 -0.21571588
v -0.37611990 -0.35161025 0.44421796
v -0.41502577 -0.33781990 0.68987433
v -0.35538745 -0.31522547 -0.42011312
v -0.36948206 -0.32379077 0.70245613
v -0.38322406 -0.18774496 -0.63314662
v -0.37801169 -0.18262788 -0.63536219
v -0.38024689 -0.12515938 0.19032228
v -0.37288755 -0.10577775 0.21355782
v -0.36469889 -0.03286657 -0.13042535
v -0.39278256 -0.01172779 -0.56943792
v -0.38456301 0.03229086 -0.52316059
v -0.34811292 0.12159058 -0.33665814
v -0.37069135 -0.71336497 0.36373187
v -0.35408390 -0.65500075 0.25059161
v -0.37689599 -0.49782849 0.52066385
v -0.36828249 -0.43838863 -0.06028628
v -0.37338136 -0.44255106 -0.04735513
v -0.37210527 -0.42803624 -0.07284600
v -0.37308967 -0.43088825 -0.06765863
v -0.37502718 -0.41541910 -0.11222222
v -0.36946810 -0.41288048 -0.10879666
v -0.37298730 -0.41148147 -0.10828460
v -0.37210527 -0.41148147 -0.10740054
v -0.36929860 -0.42039215 -0.09762735
v -0.37210527 -0.39573100 -0.15758207
v -0.35997207 -0.38206034 -0.22003104
v -0.36583299 -0.39023945 -0.16426558
v -0.36746563 -0.39350615 -0.15484374
v -0.32592939 -0.38753392 -0.02208200
v -0.39643280 -0.33224642 -0.37273548
v -0.37527989 -0.31404959 -0.44318337
v -0.37039850 -0.07473355 -0.66696463
v -0.34678110 -0.04552705 -0.09864670
v -0.37775298 0.20009030 -0.62675567
v -0.36393569 -0.56396867 0.55009997
v -0.36829634 -0.48331215 0.01952192
v -0.36863644 -0.43111237 -0.06485035
v -0.36876624 -0.42508812 -0.07617675
v -0.37156761 -0.41541910 -0.10878080
v -0.36767189 -0.41541910 -0.10483975
v -0.37599252 -0.41548142 -0.11313198
v -0.36685524 -0.41662376 -0.10110355
v -0.36867294 -0.41533606 -0.09625845
v -0.36449243 -0.41032314 -0.10714999
v -0.36818899 -0.41245225 -0.10235814
v -0.37589178 -0.36316178 -0.22847310
v -0.34452069 -0.30801452 -0.25837500
v -0.36203869 -0.27546326 -0.16260901
v -0.39493227 -0.24823411 -0.64138032
v -0.31976382 0.01760778 0.24434403
v -0.34519169 0.05555559 -0.50651870
v -0.37681302 -0.46868616 0.00601932
v -0.36822186 -0.45807388 -0.02746177
v -0.36730863 -0.43116960 -0.07455769
v -0.36229833 -0.42341480 -0.07974889
v -0.36647044 -0.41871100 -0.09709917
v -0.38328394 -0.44381994 0.03148756
v -0.38711429 -0.39171873 -0.07791939
v -0.36032743 -0.38351204 -0.16148372
v -0.39881732 -0.36577375 -0.26546691
v -0.41775812 -0.36021359 -0.16182159
v -0.35048798 -0.29471893 0.69310689
v -0.34253690 -0.25880116 -0.55366662
v -0.36745544 -0.16683918 -0.64906055
v -0.32406985 -0.01420159 -0.12588172
v -0.37426914 -0.75440404 0.48441599
v -0.37533487 -0.51932534 0.05655266
v -0.36295278 -0.38874509 -0.15243956
v -0.36029865 -0.38580516 -0.15552948
v -0.33453669 -0.31968114 -0.43971523
v -0.33790791 -0.31200900 -0.45448619
v -0.35859934 -0.29335152 -0.21033263
v -0.34987438 -0.26182739 -0.53550923
v -0.34059189 0.02207533 0.48584302
v -0.36868827 0.07410704 -0.17331744
v -0.33913035 0.09817797 -0.45352041
v -0.36155203 0.15153706 -0.56354318
v -0.38610028 0.20658057 -0.52340247
v -0.35981684 -0.73919327 0.42819496
v -0.35170760 -0.51236352 0.03495753
v -0.34625806 -0.43532809 0.03529038
v -0.35317711 -0.38265665 -0.15564441
v -0.35834139 -0.38125248 -0.16870708
v -0.34371299 -0.36262805 -0.19997031
v -0.33439309 -0.37352282 0.47020044
v -0.35897291 -0.34557711 -0.26216100
v -0.36172911 -0.36443990 -0.22977306
v -0.44542174 -0.25421520 -0.64251930
v -0.34446291 -0.13785331 -0.67682174
v -0.36141532 -0.06317966 -0.62430299
v -0.35644352 -0.03885327 -0.56202638
v -0.39155323 0.03263357 0.30564347
v -0.37645379 0.13445935 -0.44988641
v -0.36507034 0.16849801 -0.62393378
v -0.35588679 -0.69644356 0.33162562
v -0.36602246 -0.46817358 0.05606555
v -0.33782905 -0.42291556 0.04806049
v -0.29423555 -0.40176167 0.06318290
v -0.35496799 -0.38671289 -0.15587843
v -0.35671176 -0.38456252 -0.16597937
v -0.31032232 -0.36308445 -0.23542049
v -0.37101592 0.10304092 -0.24771250
v -0.34861273 0.09991799 -0.59256273
v -0.35190072 0.13442771 -0.67997171
v -0.34469300 0.19696135 -0.56067875
v -0.37679421 0.23360503 -0.49096843
v -0.35401451 -0.38219847 0.67565594
v -0.34540248 -0.38118095 -0.15659985
v -0.39432971 -0.35185937 -0.33065208
v -0.35873115 -0.33545848 -0.34069494
v -0.32414807 -0.32339912 -0.31506831
v -0.33602326 -0.31128319 -0.43157195
v -0.37498199 -0.32627113 -0.28821740
v -0.34937256 0.02531898 -0.13838076
v -0.35496995 0.08973034 -0.63857107
v -0.33972407 0.16198172 -0.71900799
v -0.34781284 -0.53584380 0.49663039
v -0.37079352 -0.50932034 0.54956438
v -0.33210190 -0.17027287 -0.58445838
v -0.37934605 -0.17370216 -0.63760195
v -0.37026218 -0.14443573 -0.67202945
v -0.32753797 0.05209705 0.40062921
v -0.34998298 0.17947250 -0.68000956
v -0.35008086 0.27912116 -0.18531487
v -0.34553657 -0.68015454 0.33672312
v -0.34218425 -0.52819419 0.05435008
v -0.34637336 -0.49932847 0.07474995
v -0.34510398 -0.45504179 0.03806482
v -0.37504663 -0.44598099 0.03697359
v -0.34318648 -0.31011750 -0.40878828
v -0.39436926 -0.27575513 -0.58322961
v -0.35271329 -0.21028632 0.12884359
v -0.31900147 -0.17068596 -0.60985957
v -0.30212676 -0.12101081 -0.63565526
v -0.33564805 -0.10331179 -0.05794917
v -0.32073263 0.05334991 -0.65186944
v -0.34708569 0.11341010 -0.25435496
v -0.35829694 0.22786510 -0.53674737
v -0.34813481 0.24805853 -0.24720305
v -0.34746772 -0.51595805 0.07454284
v -0.30702589 -0.46478561 0.07139951
v -0.32380728 -0.41595727 0.03263491
v -0.36013529 -0.42947541 0.00847077
v -0.30813867 -0.40785450 0.06392766
v -0.33543607 -0.34139668 -0.33954963
v -0.30144823 -0.32337463 0.49076983
v -0.33035148 -0.19590165 0.18532938
v -0.33880695 -0.12538301 0.66305686
v -0.33978804 -0.09549402 -0.63984084
v -0.34028246 -0.07697915 -0.65099188
v -0.34988299 -0.08201234 -0.62063773
v -0.33292314 0.06956763 -0.61211056
v -0.33856493 0.17860081 -0.22366220
v -0.34737324 0.21951006 -0.14949145
v -0.35143473 0.21116674 -0.60733469
v -0.34302330 0.23011413 -0.57743330
v -0.34230150 0.31641225 -0.21401711
v -0.32613094 -0.67732350 0.31634724
v -0.33608295 -0.67840831 0.38655491
v -0.34063016 -0.49520152 -0.01055989
v -0.31649137 -0.36773003 0.67289917
v -0.31897158 -0.32546880 -0.24347479
v -0.36089744 -0.31571950 -0.21471618
v -0.34704053 -0.30107090 -0.44288621
v -0.40000295 -0.18376007 -0.60543344
v -0.32447007 -0.13765772 0.70809717
v -0.29920412 0.09246646 -0.67803507
v -0.33452220 0.08962206 -0.22452639
v -0.31678995 -0.69280728 0.31972145
v -0.36079917 -0.68080051 0.28986600
v -0.31688295 -0.53601650 0.09175666
v -0.32902279 -0.48598483 0.03263552
v -0.32167499 -0.33853904 -0.25028379
v -0.33957415 -0.32278941 -0.38218230
v -0.32879141 -0.30910331 -0.45029846
v -0.32677846 -0.30550986 -0.44554016
v -0.33837832 -0.05808472 -0.60111661
v -0.32925305 0.03806203 -0.14639182
v -0.31973000 0.12083988 -0.70235609
v -0.35314174 0.16241147 -0.51286953
v -0.32814035 0.14604903 -0.13545295
v -0.34319914 0.20074720 -0.69561087
v -0.34069534 0.23853332 -0.51153685
v -0.37123028 -0.61851075 0.45234580
v -0.32185345 -0.48466345 0.06598939
v -0.32129893 -0.42858421 0.05005377
v -0.31545961 -0.32761691 -0.24849269
v -0.30048577 -0.32217432 0.44756774
v -0.36178504 -0.27338046 0.71319974
v -0.32035948 -0.09729664 -0.69010752
v -0.32984006 -0.11370867 -0.59835719
v -0.34333210 -0.09374940 -0.59644720
v -0.37165318 -0.01560625 0.55797582
v -0.36807310 0.03152516 -0.54154261
v -0.32676761 0.12968615 -0.37265028
v -0.32028849 0.28569805 -0.30860731
v -0.35492281 -0.50008598 0.60190433
v -0.36786469 -0.45129433 0.63478126
v -0.31311106 -0.42326135 0.06810607
v -0.31256745 -0.39572947 -0.02318627
v -0.34317310 -0.29396318 -0.22853480
v -0.32274522 -0.23841990 -0.59077809
v -0.31702679 -0.18791875 0.20698390
v -0.31104547 -0.10937585 0.19490431
v -0.29975106 -0.14644383 -0.67901057
v -0.34838649 -0.12634440 -0.71958126
v -0.29235034 -0.01350311 -0.53939487
v -0.31113466 0.05262371 -0.53465445
v -0.31033234 0.11283547 -0.21805467
v -0.30149558 0.09321563 -0.17287392
v -0.36422811 0.19814579 -0.47195337
v -0.35154493 0.22147107 -0.44968033
v -0.33214058 0.22942829 -0.28561421
v -0.32445338 -0.53864713 0.07843098
v -0.30914436 -0.51000751 0.07840385
v -0.32370044 -0.47128538 -0.01399534
v -0.31606979 -0.32071368 -0.33035248
v -0.31312248 -0.29542651 -0.36740849
v -0.32135247 -0.29504014 -0.21342493
v -0.29826878 -0.24250284 -0.52841434
v -0.36279825 -0.23840322 -0.60040049
v -0.32112357 -0.20769809 0.71759365
v -0.31349695 0.11934355 -0.41666445
v -0.31765482 0.13793702 -0.34064541
v -0.30934489 0.18100384 -0.69960557
v -0.32957305 0.21216360 -0.64935701
v -0.32615449 0.25952619 -0.09874693
v -0.33599594 -0.73979906 0.50658964
v -0.30175256 -0.62530194 0.18930634
v -0.30660199 -0.52884713 0.05941445
v -0.32488979 -0.30131144 -0.23714397
v -0.30521615 -0.29929165 -0.20009338
v -0.30828121 -0.29063523 -0.27285564
v -0.32217069 -0.28634033 -0.27315485
v -0.33781240 -0.27318840 -0.22768486
v -0.32451334 -0.21813027 -0.58822578
v -0.28930969 -0.18792044 0.66373077
v -0.28309693 0.05513783 -0.62881909
v -0.31629744 0.05188590 -0.16932692
v -0.31585242 0.15734954 -0.08698488
v -0.31582551 0.18037491 -0.28959587
v -0.31117602 0.31600162 -0.11190403
v -0.33490176 -0.55006099 0.54167350
v -0.29458106 -0.47123736 0.04008067
v -0.30183881 -0.38482976 -0.15466825
v -0.30260435 -0.34124357 -0.20902385
v -0.31158781 -0.34537437 -0.19801982
v -0.30236536 -0.33413711 -0.22025944
v -0.32541965 -0.30214114 -0.45074338
v -0.30507062 -0.28492247 -0.42197416
v -0.30789589 -0.24639311 -0.55354674
v -0.32090038 -0.17673296 0.66805404
v -0.29128179 -0.06259188 -0.60469908
v -0.29010504 0.00548912 -0.12576617
v -0.29428918 0.13163112 -0.29172088
v -0.32146964 -0.51698327 0.04967316
v -0.27111096 -0.49473792 0.02826113
v -0.30093224 -0.48801322 0.08280657
v -0.30091687 -0.33275049 -0.30694685
v -0.32473495 -0.34333838 -0.27493509
v -0.28413366 -0.29825456 -0.41653116
v -0.30567013 -0.30915384 -0.32803858
v -0.30665602 -0.30148935 -0.21989299
v -0.31235336 -0.31056068 -0.43687686
v -0.30352782 -0.14975602 -0.60559764
v -0.27430627 -0.11783141 -0.58044084
v -0.32306323 0.26378646 -0.45637447
v -0.29172414 -0.66141505 0.41103456
v -0.29892838 -0.52291667 0.09855692
v -0.29917806 -0.44286213 -0.04669298
v -0.29443692 -0.38911192 -0.16503634
v -0.31357078 -0.36713700 -0.06283620
v -0.29834113 -0.33539369 -0.21079687
v -0.30569531 -0.29444931 -0.18246483
v -0.29873964 -0.29333582 -0.44069466
v -0.30858542 -0.26209109 -0.53592855
v -0.30992635 -0.25564708 0.28750474
v -0.30976398 -0.22757211 -0.09006551
v -0.26033347 -0.26632255 0.15096725
v -0.31754593 -0.22908559 -0.56173613
v -0.28733824 -0.20640133 -0.56839341
v -0.31600451 -0.07559240 0.64164945
v -0.28805578 0.24062565 -0.59393369
v -0.30487544 0.26908858 -0.47594188
v -0.25761349 -0.56647692 0.59505828
v -0.29614583 -0.33272904 -0.21228499
v -0.29399403 -0.33207081 -0.21371210
v -0.26407964 -0.32262726 -0.07700500
v -0.29369090 -0.28056922 -0.26989720
v -0.30229621 -0.27270530 -0.44010432
v -0.29632856 -0.22253899 0.25637345
v -0.30912932 -0.20256883 -0.62223191
v -0.29603142 -0.04353262 -0.61028791
v -0.28618005 0.09253093 -0.48751108
v -0.30477711 0.14440718 -0.36450578
v -0.31281593 -0.72581353 0.50059442
v -0.31246615 -0.72312696 0.42307030
v -0.32200854 -0.71790732 0.43477129
v -0.31955907 -0.68712894 0.35470965
v -0.27368502 -0.50918189 0.62548859
v -0.32413330 -0.44169444 0.07344827
v -0.29335281 -0.37607166 -0.03744421
v -0.32453769 -0.37106508 -0.24514066
v -0.26800846 -0.37073840 0.64954103
v -0.29725666 -0.33668794 -0.21472202
v -0.29526788 -0.33306686 -0.21594407
v -0.29378244 -0.33559018 -0.21010611
v -0.29347765 -0.33322991 -0.20652231
v -0.31156853 -0.30316108 0.69409782
v -0.30554764 -0.30033860 -0.40112747
v -0.29364864 -0.24753712 -0.14213370
v -0.27116385 -0.03124599 0.59486032
v -0.27719753 0.01020147 -0.13758857
v -0.28606174 0.04642988 -0.59299853
v -0.28087229 0.11553030 -0.05179275
v -0.28804489 0.27209427 -0.35202440
v -0.30620271 -0.67704537 0.34744251
v -0.29533468 -0.38693363 -0.02372283
v -0.29319727 -0.37604287 -0.03740741
v -0.28941521 -0.37604287 -0.03551707
v -0.28941521 -0.37436506 -0.03740741
v -0.29911572 -0.35658564 -0.06696239
v -0.28914834 -0.31104736 -0.13432363
v -0.29749391 -0.31406406 -0.24241916
v -0.30033290 -0.28312869 -0.40100999
v -0.29507929 -0.27386086 -0.43683855
v -0.28698272 -0.15140471 -0.56115537
v -0.30183951 -0.09113773 -0.57273223
v -0.29570282 0.05632378 0.32815126
v -0.28100858 0.06741037 -0.52062062
v -0.29071692 0.28062188 -0.05619870
v -0.29261323 0.27269648 -0.02978624
v -0.27476738 -0.34921438 0.07575629
v -0.27615663 -0.30199488 -0.30126459
v -0.29166825 -0.30747072 -0.29316600
v -0.30219473 -0.27508690 -0.48141775
v -0.29820910 -0.24728044 0.31977075
v -0.30392929 -0.11124907 -0.67186341
v -0.26240040 -0.04457857 -0.59155803
v -0.28748262 0.01686602 0.47115025
v -0.28379941 0.08244286 -0.09722444
v -0.27920537 0.12915415 -0.44302994
v -0.30733130 0.25023859 -0.43054508
v -0.30018672 0.23800839 -0.57423303
v -0.27365586 0.24845854 -0.02271551
v -0.30872070 -0.71529001 0.49004028
v -0.31494041 -0.65026147 0.25972963
v -0.28546496 -0.40346137 0.08359814
v -0.29177323 -0.29763590 -0.27664522
v -0.30142615 -0.27594150 -0.45340961
v -0.28330406 -0.27591975 0.26198892
v -0.28428264 -0.25383344 0.22048001
v -0.29215901 -0.26852656 0.65600236
v -0.25609114 -0.09314340 -0.55240242
v -0.27703209 -0.07560055 -0.57606495
v -0.26315173 0.06958857 -0.65866169
v -0.31176360 0.26775397 -0.56040940
v -0.28039866 -0.59552819 0.46024134
v -0.28768559 -0.57016751 0.12767098
v -0.31191577 -0.33061980 -0.13878073
v -0.29130339 -0.31549664 -0.30070299
v -0.27795365 -0.30571329 -0.29532163
v -0.28318167 -0.27185927 -0.41168175
v -0.23708926 -0.23267950 -0.52767975
v -0.28675556 -0.24641934 -0.54385500
v -0.27536875 -0.20213721 0.69712945
v -0.21381079 -0.11689724 -0.65314720
v -0.30241891 -0.10975557 -0.72743422
v -0.27560335 -0.12981299 0.20204896
v -0.29284579 -0.06305828 -0.59565935
v -0.27990358 -0.05974110 -0.10070138
v -0.29850788 0.12127729 -0.31578602
v -0.29575952 0.20711173 -0.67406530
v -0.29745013 0.19491708 -0.04679410
v -0.27349987 -0.68058603 0.33813023
v -0.26762774 -0.47220239 0.07401240
v -0.29004051 -0.36493777 0.48093649
v -0.26349242 -0.25017673 -0.46533247
v -0.27740288 -0.25255105 0.62775672
v -0.27935395 -0.22627672 -0.23347131
v -0.28894072 -0.15009987 -0.61465854
v -0.26649677 -0.07877778 -0.54251699
v -0.29075312 0.36555821 -0.28783743
v -0.27659729 0.39337462 -0.16224378
v -0.27327187 -0.71215089 0.45926268
v -0.23455350 -0.68694049 0.42520637
v -0.26874083 -0.60239764 0.54637265
v -0.22255270 -0.31770100 -0.04744329
v -0.27623721 -0.31223702 0.24117870
v -0.28419894 -0.30572074 -0.22698360
v -0.24631878 -0.29243725 -0.34221025
v -0.26299496 -0.28432028 -0.20845627
v -0.26952199 -0.28502829 0.66068359
v -0.27396623 -0.23051170 -0.20393297
v -0.28153939 -0.23001552 -0.55744305
v -0.26908808 -0.21721489 -0.54244219
v -0.27936950 -0.20798647 -0.08772359
v -0.26098590 -0.20373531 -0.56855765
v -0.25900642 -0.04210363 -0.10541862
v -0.24402263 -0.66000151 0.38619173
v -0.28882767 -0.48057627 0.08900640
v -0.30788882 -0.44489612 0.06072501
v -0.23614656 -0.34463335 0.10336048
v -0.24735181 -0.36103247 -0.01327022
v -0.24842490 -0.31836669 -0.11328134
v -0.23679358 -0.30362667 -0.34568117
v -0.23863587 -0.29429202 -0.17869639
v -0.24952925 -0.30925363 -0.22580090
v -0.24066390 -0.30138973 -0.24760081
v -0.26994961 -0.24018949 0.68860141
v -0.25928249 -0.07302118 -0.63218254
v -0.25678909 0.03309003 -0.64290998
v -0.26713450 0.40932576 -0.21323808
v -0.23420870 -0.42491976 0.09652053
v -0.26301834 -0.37206481 -0.02780575
v -0.26321299 -0.33308415 0.52859199
v -0.27836798 -0.30906548 -0.28986530
v -0.23898125 -0.27601573 0.26968999
v -0.26725665 -0.21369734 0.64980012
v -0.27497384 -0.18263233 -0.57356096
v -0.26826263 -0.13535412 0.66869020
v -0.26625639 -0.12601815 -0.58906999
v -0.28173101 -0.07276706 -0.69627903
v -0.23089762 -0.05765500 -0.53934866
v -0.25822678 0.01836856 0.25769175
v -0.25114680 0.11563030 -0.43898610
v -0.20001390 0.13754404 -0.40064833
v -0.25263168 -0.44794907 -0.02555236
v -0.25483068 -0.37935722 0.49358872
v -0.26805315 -0.30133889 -0.28940864
v -0.23127007 -0.26262519 -0.43797004
v -0.26003525 -0.27029574 0.37887704
v -0.24838652 -0.25316564 -0.48055131
v -0.26512580 -0.22781490 0.35217084
v -0.26954190 -0.16007120 -0.66638852
v -0.28018921 -0.15152033 -0.06479052
v -0.26736926 -0.13538662 -0.60139829
v -0.24662602 -0.08763547 -0.11209803
v -0.22916755 0.03189270 0.37878516
v -0.26807196 -0.61312084 0.51247515
v -0.25632517 -0.51386264 0.11004536
v -0.24392532 -0.28902685 -0.35974617
v -0.23979301 -0.19390375 -0.14595306
v -0.24960056 -0.17452182 -0.59927452
v -0.25045269 -0.66585581 0.30048089
v -0.23264077 -0.63184636 0.43983201
v -0.25541123 -0.30799474 -0.31543349
v -0.23904250 -0.29687198 0.20437431
v -0.24421091 -0.27634498 -0.39858682
v -0.25735562 -0.28365885 -0.36029620
v -0.24169184 -0.26635388 0.59305861
v -0.26768986 0.02961041 -0.51070261
v -0.27161056 0.19761978 -0.40719563
v -0.20771946 0.35120508 -0.43348040
v -0.22317336 0.43266145 -0.24957419
v -0.25921564 -0.51846566 0.10336393
v -0.22249133 -0.51658135 0.61794191
v -0.25803650 -0.39628675 0.04694494
v -0.25789024 -0.34164637 0.47749103
v -0.24349481 -0.31079520 -0.09532065
v -0.24988661 -0.29313784 0.43168551
v -0.23692908 -0.26750575 -0.39176416
v -0.25170538 -0.22231097 -0.54647197
v -0.27454310 -0.19528288 -0.62728584
v -0.22985647 -0.18933841 0.29249401
v -0.23583746 -0.09445654 -0.70263583
v -0.23877395 -0.04338054 -0.49322952
v -0.24369000 0.04971744 -0.64462742
v -0.29430326 0.28567593 -0.48894775
v -0.25298639 0.32066466 -0.44884815
v -0.25215047 0.37471595 -0.35891339
v -0.24467244 0.42646021 -0.16917744
v -0.24403611 -0.61954266 0.20503702
v -0.25139072 -0.32385372 0.61520647
v -0.24810384 -0.30385257 -0.29552856
v -0.24455009 -0.31346625 -0.24308155
v -0.23155575 -0.28927894 0.48265399
v -0.24357863 -0.28186447 0.61003547
v -0.26746362 -0.23602613 -0.50674300
v -0.25941249 -0.24046500 -0.24573226
v -0.24798690 0.03424104 -0.13064032
v -0.25028637 0.12576589 -0.35021464
v -0.27770944 0.19205709 -0.35319863
v -0.22522019 0.25428123 -0.60432182
v -0.25559094 0.30015312 -0.51330839
v -0.22763667 -0.69678439 0.42467834
v -0.19909446 -0.59993803 0.19075400
v -0.25465190 -0.43597056 0.04698897
v -0.24411606 -0.38090042 0.03086082
v -0.19918105 -0.30589437 -0.25703112
v -0.22832378 -0.27885147 -0.26330918
v -0.21229940 -0.18782896 -0.57331886
v -0.25905226 -0.05768953 0.20263392
v -0.26899899 -0.04775894 -0.69168126
v -0.25351685 -0.00472507 0.46358748
v -0.23398858 0.18932261 -0.66799149
v -0.21758498 0.33448565 -0.37962169
v -0.23915829 0.42352438 -0.42554545
v -0.22821303 -0.48576062 0.09169861
v -0.21354393 -0.40209281 0.06487814
v -0.22217897 -0.37667255 0.58762095
v -0.22776860 -0.28185130 -0.13704051
v -0.19529593 -0.33071366 0.44858741
v -0.25049655 -0.28238773 -0.36999895
v -0.23490246 -0.23015926 -0.48883007
v -0.22444880 -0.17163814 0.37968691
v -0.25065669 -0.15235907 -0.60106028
v -0.24766160 -0.08954342 -0.51937170
v -0.24343421 0.22446072 -0.39047738
v -0.22725979 0.28051457 -0.57544583
v -0.19396396 0.34503840 -0.49582091
v -0.22164386 0.41333352 -0.38501683
v -0.25007279 0.36082783 -0.34133445
v -0.24004369 0.36541092 -0.39200930
v -0.26289018 -0.48579630 0.04125535
v -0.21177209 -0.27971021 -0.28699441
v -0.23368083 -0.30696908 -0.31298231
v -0.22722731 -0.24205082 -0.17666542
v -0.23743878 -0.25395406 -0.23482211
v -0.24620954 -0.13855780 -0.57404455
v -0.23609325 -0.14695213 -0.11096168
v -0.20193712 -0.10940376 -0.56281529
v -0.22750731 -0.03439487 -0.67357465
v -0.24125668 -0.01526892 -0.13514970
v -0.23767761 0.09297993 -0.45417355
v -0.24804319 0.11794131 -0.36676008
v -0.27964016 0.15450871 -0.71121491
v -0.25366213 0.30555941 -0.02458064
v -0.19731693 -0.30365487 -0.29631887
v -0.22807815 -0.28816006 -0.33840317
v -0.25304233 -0.28829607 0.56185068
v -0.21940020 -0.19809415 -0.55303548
v -0.23995261 -0.21714309 -0.52304737
v -0.22975647 -0.19118265 -0.54939070
v -0.21907453 -0.12688891 -0.14693764
v -0.20443772 -0.00733736 0.26835749
v -0.26262606 0.02755681 -0.62559855
v -0.22377483 0.12435697 -0.37702697
v -0.26959535 0.13496225 -0.70383606
v -0.25520439 0.29142644 -0.54391596
v -0.23163876 0.34939689 -0.40915331
v -0.23855911 -0.50839626 0.08760263
v -0.17798446 -0.46677296 0.09939055
v -0.21827380 -0.45296811 0.62273127
v -0.23626308 -0.38635601 0.02104535
v -0.22001471 -0.37767083 0.02422065
v -0.22418535 -0.30271060 -0.23796563
v -0.23604523 -0.09162177 0.64468332
v -0.20765941 -0.13769070 -0.53894364
v -0.24172327 -0.10084061 -0.59415277
v -0.24466730 -0.09521300 -0.62441581
v -0.20598955 -0.05643090 -0.60965987
v -0.21430103 -0.06019032 -0.48272975
v -0.20178259 0.00069355 -0.13388714
v -0.20697114 0.00980208 -0.57877737
v -0.20304011 0.03582683 -0.61020451
v -0.21759281 0.21435350 -0.63168340
v -0.23999472 0.28082705 -0.55315258
v -0.20037888 0.32081676 -0.40003591
v -0.24537672 -0.47584325 0.11140302
v -0.22321085 -0.32995694 0.47408294
v -0.22400094 -0.28013854 -0.19382688
v -0.16755153 -0.21163896 -0.49158442
v -0.20148618 -0.13053806 -0.18340770
v -0.21810879 -0.12771590 0.22978676
v -0.19124376 0.00649622 0.35849856
v -0.21088733 0.16931058 -0.68026726
v -0.20682664 0.44110141 -0.32606602
v -0.22100957 0.44550115 -0.42227701
v -0.21488989 -0.29339352 -0.24919694
v -0.24784457 -0.19446402 -0.20856511
v -0.19751486 -0.05912712 0.23682827
v -0.21815073 -0.04309062 0.42602327
v -0.21489874 -0.05483331 -0.52695832
v -0.18816461 -0.02451619 -0.64387397
v -0.22035791 -0.04323034 -0.57683859
v -0.23295310 -0.01212564 -0.61565239
v -0.21187019 0.05275240 -0.00889069
v -0.22294092 0.03398573 -0.46599297
v -0.22392362 0.39452571 -0.06393654
v -0.19993581 -0.30680136 -0.09410806
v -0.16405969 -0.25979222 -0.37900448
v -0.18171655 -0.26796372 -0.16966702
v -0.19779339 -0.26178496 0.53164271
v -0.21498523 -0.18430578 -0.14413959
v -0.22684909 -0.06962745 -0.53496950
v -0.22699869 -0.03531921 -0.56948213
v -0.20708094 0.40807442 -0.32317944
v -0.21373588 0.41294378 -0.46475967
v -0.22097396 -0.32135603 -0.05819500
v -0.19611101 -0.22350769 0.60313433
v -0.18709552 -0.22919907 -0.14773774
v -0.21575340 -0.21190610 -0.21146986
v -0.15678299 -0.13767683 -0.58663434
v -0.21209773 -0.08417781 -0.12851509
v -0.21778462 -0.13021390 0.40194945
v -0.21736214 -0.05198697 0.47138337
v -0.20214233 -0.04878983 -0.59581674
v -0.20288512 -0.05835948 0.58743655
v -0.20987995 0.01169446 -0.60927130
v -0.18322151 0.18421600 0.06565055
v -0.20480373 0.41119065 -0.04857300
v -0.18238680 -0.65940340 0.42036239
v -0.21930346 -0.31125438 0.39821444
v -0.17704019 -0.29408745 -0.18020961
v -0.21722177 -0.28137213 -0.32607174
v -0.19099720 -0.23239381 0.43446661
v -0.19775311 -0.11305197 -0.16114205
v -0.19695659 -0.00744658 -0.62285515
v -0.21324732 -0.00223749 -0.63022858
v -0.24401865 0.04429563 0.32834840
v -0.21745203 0.03479173 -0.53296888
v -0.22920061 0.06060955 -0.49292816
v -0.22018002 0.11276241 -0.67287508
v -0.22152930 0.43522627 -0.10260156
v -0.21134601 0.44611064 -0.34650002
v -0.21264377 -0.66802684 0.36981518
v -0.24982258 -0.28699944 0.35339855
v -0.22448885 -0.37397036 -0.00349902
v -0.24234482 -0.33186566 -0.22130559
v -0.22239384 -0.09589930 -0.56380543
v -0.18169182 0.01520795 -0.55641413
v -0.24328334 0.13629347 0.00453057
v -0.19001340 0.36336645 -0.46610439
v -0.21302965 -0.42417175 0.08428631
v -0.20735055 -0.18751264 -0.51777955
v -0.19043144 -0.06504482 -0.16698461
v -0.18667101 -0.07026645 -0.59086919
v -0.19320714 -0.01791445 -0.63610898
v -0.17573093 0.16916450 -0.64911542
v -0.16767863 0.40915154 -0.46847013
v -0.19140779 -0.42926299 0.11953496
v -0.20295775 -0.41452023 -0.01674309
v -0.18746093 -0.36555796 -0.07412893
v -0.20148496 -0.38606176 -0.08292250
v -0.15240444 -0.35285822 0.04077357
v -0.17294121 -0.33200770 -0.03955608
v -0.19374377 -0.26379548 -0.36477414
v -0.20869839 -0.19191128 -0.53271900
v -0.22015873 -0.03333273 0.55407721
v -0.18793248 -0.00410683 -0.57315064
v -0.21165889 0.01608635 -0.07777715
v -0.18212316 0.04873592 -0.64094710
v -0.18977835 0.24593972 -0.61344953
v -0.18864124 0.25325042 -0.58760464
v -0.20265329 -0.32410987 -0.08600126
v -0.18541605 -0.27648265 -0.14134869
v -0.21354657 -0.29218774 -0.19177697
v -0.19194510 -0.27617925 -0.24737056
v -0.19145549 -0.26997644 -0.13765464
v -0.19694601 -0.26152769 -0.34526376
v -0.20452533 -0.19267680 0.63174544
v -0.19702292 -0.15555410 0.33491736
v -0.17041371 -0.03886015 -0.51812128
v -0.19228978 -0.02091713 -0.15264626
v -0.18770249 0.00850052 -0.42622363
v -0.18496390 0.01912744 -0.60679392
v -0.23798575 0.24824432 0.01310466
v -0.19737663 -0.68154123 0.42793565
v -0.18985005 -0.43200351 0.58609629
v -0.19562990 -0.42008104 0.50731959
v -0.20333458 -0.33789219 0.15839653
v -0.18619226 -0.27385669 -0.32908437
v -0.19536916 -0.26061080 -0.17126027
v -0.17480408 -0.20453128 -0.51902264
v -0.18488010 -0.15587013 -0.12581243
v -0.20948622 -0.15235800 -0.54953977
v -0.19776540 -0.10618173 -0.59282701
v -0.19264072 -0.08592893 -0.68244723
v -0.17425149 -0.06949116 -0.12197992
v -0.17550219 -0.03018375 -0.54689585
v -0.16504293 0.00865563 -0.63686728
v -0.18114466 -0.00980587 0.30428380
v -0.18599255 0.43876878 -0.08574653
v -0.16925057 0.43953015 -0.38183977
v -0.21472552 0.45142984 -0.15831534
v -0.17809260 -0.66683387 0.46466348
v -0.16805441 -0.42295573 0.03007621
v -0.16992338 -0.34438306 -0.12036800
v -0.16423495 -0.27795699 -0.15438269
v -0.18101997 -0.27576251 -0.14493408
v -0.15255942 -0.21196078 0.51756687
v -0.17753835 -0.12217406 0.27394637
v -0.18295848 -0.11039215 -0.19969582
v -0.18839185 -0.07531124 -0.51767742
v -0.17382388 -0.01077259 -0.62607681
v -0.17913400 -0.01041730 -0.53900423
v -0.14226054 -0.03146767 -0.14505719
v -0.14862962 0.51838967 -0.33564153
v -0.11951728 0.49163381 -0.13512379
v -0.14704313 -0.63470575 0.28824533
v -0.17554013 -0.41485874 0.10172348
v -0.17495964 -0.32790223 -0.18461965
v -0.17613362 -0.27351631 -0.31971580
v -0.17273732 -0.26419873 -0.34093067
v -0.18065178 -0.11524783 -0.52209574
v -0.17539996 -0.07637275 -0.56768713
v -0.17318888 -0.01861707 -0.16752854
v -0.17283614 0.10703686 -0.40820496
v -0.17274523 0.19891810 -0.64287189
v -0.18584912 0.39188234 -0.02352047
v -0.21128525 -0.28141970 0.21962015
v -0.18047055 -0.27889958 -0.29372892
v -0.17080458 -0.26601128 -0.32760492
v -0.18484346 -0.18694231 -0.53596107
v -0.17778293 -0.17512502 -0.52371668
v -0.19747002 -0.12056959 -0.65641327
v -0.17137533 -0.06329962 -0.18346250
v -0.17334867 -0.03019325 -0.38137716
v -0.16416799 -0.03681610 0.34870781
v -0.16011407 0.00860407 -0.39335572
v -0.20189121 0.06811599 -0.39803683
v -0.17338437 0.17338211 0.07785903
v -0.18055394 0.22947332 -0.63128343
v -0.16182892 0.32115117 -0.54735461
v -0.17728018 0.32214203 -0.51437371
v -0.14644317 -0.39515345 0.39115171
v -0.17898650 -0.37579964 0.01523127
v -0.16415944 -0.25405451 -0.27422645
v -0.16173995 -0.25320505 -0.35131443
v -0.21448445 -0.23521264 -0.45357385
v -0.19255800 -0.19669203 -0.50480869
v -0.15703928 -0.12340880 -0.54023528
v -0.16416783 -0.09174057 0.34548092
v -0.17034843 -0.11284733 -0.55342489
v -0.16769369 -0.07367737 0.27013715
v -0.17714094 -0.07875603 -0.58955623
v -0.16653712 -0.07679171 -0.58268317
v -0.18550634 -0.03087683 -0.58270958
v -0.18579099 -0.03456260 -0.48238645
v -0.15866369 0.01325591 -0.36527385
v -0.13987922 0.25932055 -0.59608437
v -0.16160543 0.31402112 0.04751744
v -0.14717413 0.53661905 -0.30921635
v -0.15950627 -0.47031504 0.09712507
v -0.18454423 -0.45863978 0.12186640
v -0.14680937 -0.44615174 0.06565899
v -0.16201398 -0.25656115 -0.16509239
v -0.14553457 -0.18844816 -0.50777995
v -0.16299009 -0.16825036 -0.52121253
v -0.16964868 -0.17517392 -0.13044471
v -0.16447592 -0.16617575 -0.52215134
v -0.15724958 -0.07123323 0.31755776
v -0.16581747 -0.04610687 -0.58692596
v -0.15718880 -0.02651597 -0.42970538
v -0.17480262 0.07763018 -0.40244908
v -0.17606562 -0.66353012 0.32313218
v -0.17616581 -0.65134411 0.51688737
v -0.16536969 -0.51565884 0.59961397
v -0.17581899 -0.46934889 0.07317550
v -0.14566150 -0.38563339 -0.04484175
v -0.16288673 -0.27780495 -0.32533284
v -0.17184187 -0.28191786 -0.25160265
v -0.16125689 -0.26986085 -0.28733627
v -0.14737483 -0.26882721 -0.23762652
v -0.16012643 -0.16548184 -0.51919435
v -0.16934986 -0.13644647 0.60589380
v -0.15475540 -0.15108824 -0.52487262
v -0.14892109 -0.05644783 -0.08725567
v -0.16191569 -0.03509334 -0.20600413
v -0.19444410 0.09007281 -0.66049164
v -0.16429473 0.17369187 -0.65095577
v -0.15600950 0.45122049 -0.45562339
v -0.17076644 0.46165786 -0.41022213
v -0.15070527 -0.44775075 0.07603900
v -0.12270769 -0.44302170 0.52490714
v -0.16478369 -0.39068300 0.14734426
v -0.14747459 -0.28984741 -0.10876286
v -0.13760040 -0.26787017 -0.14233978
v -0.14090989 -0.17056234 0.53680192
v -0.16485013 -0.19144811 -0.11925832
v -0.15561749 -0.16150748 -0.52151723
v -0.15562347 -0.10887540 0.51244753
v -0.14818479 0.00935031 -0.61425196
v -0.12780921 0.13452944 -0.64179279
v -0.14504221 0.34761620 -0.49574988
v -0.16167708 0.44422626 -0.30193336
v -0.14741541 0.50771930 -0.28498265
v -0.15977677 0.50080617 -0.25877831
v -0.15332343 -0.66063206 0.39335359
v -0.18827894 -0.62475686 0.55077418
v -0.13439915 -0.34961639 0.01840562
v -0.12310905 -0.26655035 -0.18491371
v -0.17369289 -0.27063379 -0.31635508
v -0.15198592 -0.23810086 -0.13964804
v -0.15982687 -0.15817696 0.46788478
v -0.15548455 -0.10988536 0.56260124
v -0.14358482 -0.09565994 -0.51922905
v -0.14557768 -0.08011594 -0.64239117
v -0.15394740 -0.06725499 -0.66708591
v -0.15908340 -0.06439766 -0.58167236
v -0.15068406 -0.01091473 -0.39768365
v -0.16278440 0.06173427 0.03862638
v -0.14738047 0.38417728 -0.47322781
v -0.15021301 0.47452802 -0.37112695
v -0.11342545 0.49213747 -0.22219689
v -0.15826592 -0.45250839 0.11509448
v -0.13398539 -0.42174022 0.14682283
v -0.14281517 -0.35899274 0.04854396
v -0.15806042 -0.35908256 -0.10888727
v -0.14643288 -0.28213799 -0.25900713
v -0.17419080 -0.27960156 -0.12643688
v -0.15157442 -0.14709904 -0.54763396
v -0.18166595 -0.09543350 -0.12204337
v -0.15657257 -0.06369846 -0.55683323
v -0.14555465 -0.02833202 -0.21633008
v -0.14719433 -0.01618485 -0.47164646
v -0.17142190 0.14377802 0.06352328
v -0.17595159 0.12458433 -0.67002114
v -0.18592394 0.31633114 -0.53176072
v -0.15890167 0.47564536 -0.40905273
v -0.17348655 -0.41528985 0.11988408
v -0.16814116 -0.38996643 0.07542287
v -0.12842852 -0.02249280 -0.56308822
v -0.15769988 -0.00479633 -0.57733371
v -0.13647304 0.24129261 0.08113300
v -0.14157560 0.29593625 0.07865894
v -0.14351389 0.30300019 -0.54819229
v -0.15871345 0.36282003 0.02126878
v -0.15262076 -0.43299764 0.08805415
v -0.18415138 -0.38611388 0.50757626
v -0.13976665 -0.36817108 0.05709098
v -0.14394314 -0.36821010 0.06271913
v -0.13986240 -0.36423734 0.05315016
v -0.13978557 -0.36365974 0.05837896
v -0.14068494 -0.26974901 -0.20182101
v -0.14800564 -0.26657657 -0.17518531
v -0.14727804 -0.16344213 -0.49660599
v -0.12813209 -0.06076014 -0.62115220
v -0.13657453 0.00925007 -0.00253028
v -0.13281609 0.44329205 -0.45096317
v -0.14052545 0.46358934 -0.28367861
v -0.15172132 0.51573627 -0.23708900
v -0.13431360 -0.60023334 0.56864514
v -0.14283971 -0.38622852 0.07295086
v -0.15310830 -0.37212984 0.15777099
v -0.13537484 -0.36353923 0.05443583
v -0.12877715 -0.36140800 0.06632526
v -0.13716887 -0.29782297 -0.15498316
v -0.11769744 -0.19512982 -0.46599681
v -0.13375988 -0.09401512 -0.64635192
v -0.12415665 -0.06356295 -0.63889406
v -0.15461895 -0.04476538 -0.55051027
v -0.15244508 -0.02760315 -0.61313990
v -0.10924473 0.39215936 -0.45977831
v -0.10026599 0.51551337 -0.37689422
v -0.10417186 -0.51978475 0.55612632
v -0.12109636 -0.35743252 0.05638231
v -0.13235307 -0.36054767 0.29584941
v -0.12899878 -0.27182376 -0.29607026
v -0.11553266 -0.24461225 -0.16984404
v -0.13763111 -0.17127452 -0.48605401
v -0.13523396 -0.16605993 -0.51926468
v -0.14608005 -0.15292315 -0.12001584
v -0.13874130 -0.14750744 -0.51843052
v -0.15101459 0.02473327 -0.60322139
v -0.14585980 0.47190869 -0.25168343
v -0.13497323 0.52179160 -0.09473679
v -0.12018626 -0.47747562 0.52014323
v -0.13228921 -0.44644275 0.10982976
v -0.12881167 -0.44667590 0.14660010
v -0.09842188 -0.42717522 0.08062194
v -0.13955105 -0.43994090 0.08339985
v -0.14219486 -0.42716111 0.16670761
v -0.16977269 -0.38473446 0.36610446
v -0.17505347 -0.31093859 0.27320244
v -0.12690288 -0.35142675 0.36993228
v -0.13259165 -0.30627270 -0.16635039
v -0.10835247 -0.27680656 -0.18349466
v -0.16338371 -0.31246990 -0.03646067
v -0.11802492 -0.24259156 -0.35268251
v -0.11992507 -0.22720557 -0.39852107
v -0.13108058 0.05510114 -0.62438964
v -0.13415545 0.45179213 -0.41942572
v -0.09789763 0.54172669 -0.33453373
v -0.12041241 0.55711716 -0.08102789
v -0.12527135 0.55041946 -0.26954552
v -0.13323662 0.56127636 -0.15660861
v -0.13136795 -0.65182026 0.51081553
v -0.10854872 -0.57958371 0.56419713
v -0.11670326 -0.40435542 0.42409402
v -0.08923804 -0.37116431 0.09598709
v -0.15044956 -0.33905139 0.01004860
v -0.10804346 -0.25955224 -0.30864781
v -0.13272348 -0.05502477 -0.54478499
v -0.14039268 0.02028057 -0.42189398
v -0.14213631 0.28319546 -0.58020550
v -0.10478529 0.55508293 -0.20985890
v -0.09852846 -0.31356201 0.01840485
v -0.12023043 -0.04132235 -0.56503384
v -0.14697236 0.08579298 -0.63134868
v -0.11646276 0.47073056 -0.41192972
v -0.13284737 0.45408115 -0.05232831
v -0.12948950 0.52158136 -0.15248172
v -0.09574631 -0.45245636 0.15366368
v -0.10599218 -0.21741905 -0.12899617
v -0.11566022 -0.14817201 -0.50183920
v -0.10338797 -0.03239514 -0.56990807
v -0.13396893 -0.03121917 -0.57348131
v -0.13236195 0.16592685 0.08603930
v -0.12883803 0.16607663 -0.63029008
v -0.05748545 0.35943969 0.07540023
v -0.08787641 0.41329379 0.02682090
v -0.11729452 0.48320217 -0.09408012
v -0.08534997 0.50626945 -0.20476242
v -0.09115350 0.56073126 -0.28491907
v -0.11858354 0.55506684 -0.05973529
v -0.13389273 -0.67083191 0.35417532
v -0.11147750 -0.25784759 -0.13976672
v -0.04370540 -0.15831038 -0.43619758
v -0.14471720 -0.22176235 -0.42805474
v -0.16192290 -0.13024494 -0.58014124
v -0.11453834 -0.04738994 -0.56190729
v -0.11397452 -0.03855875 -0.56600720
v -0.12150631 -0.00903836 -0.60071029
v -0.10722152 0.23815053 0.10667116
v -0.10245211 0.37225108 -0.50935182
v -0.10555760 0.39355978 -0.48054964
v -0.12093146 0.51494318 -0.05934020
v -0.11194873 0.56047918 -0.11368256
v -0.15980679 -0.52212765 0.13748810
v -0.12533987 -0.37672094 -0.01810110
v -0.09508715 -0.33030082 0.01957303
v -0.12331246 0.02253259 -0.49133968
v -0.11644397 0.05509978 -0.42108542
v -0.12945076 0.04896493 -0.39581896
v -0.10850741 0.03530048 -0.60902447
v -0.08728944 0.29174889 -0.56880497
v -0.10719518 -0.41391465 0.19559028
v -0.12508220 -0.34881650 0.21110366
v -0.12417640 -0.19587714 -0.11858594
v -0.10902912 -0.17587031 0.40893659
v -0.10189815 -0.10975356 0.35686316
v -0.08876964 -0.02727313 -0.55429688
v -0.12755476 -0.02081695 -0.06354211
v -0.10458436 0.00560242 -0.59910593
v -0.12647761 0.23782783 -0.59556622
v -0.08942868 0.35276419 -0.52394135
v -0.08614065 0.45510407 -0.43643887
v -0.09165072 -0.33445858 0.01149103
v -0.12030508 -0.32855418 -0.09028685
v -0.10248967 -0.27601912 -0.15200847
v -0.10084677 -0.16980322 0.32416875
v -0.09540118 -0.08320770 -0.64087100
v -0.12251269 -0.09222565 -0.55084068
v -0.10181458 -0.03406906 -0.09068691
v -0.11732566 0.02073935 -0.57514111
v -0.10346524 0.45819931 0.04571222
v -0.08861238 0.46479082 0.08390183
v -0.09270833 0.58941797 -0.17226906
v -0.09613011 -0.28760364 -0.17425731
v -0.09139856 -0.29415985 -0.17598183
v -0.09518148 -0.28242076 -0.13739915
v -0.09648724 -0.26810303 -0.25702082
v -0.09991973 -0.27609053 -0.20028854
v -0.07412975 -0.26066171 -0.14573130
v -0.08004060 -0.25822362 -0.17712292
v -0.13571435 -0.26534223 -0.10938869
v -0.10077396 -0.24462369 -0.26638759
v -0.09921638 -0.18204326 0.47248582
v -0.09281342 -0.10500026 0.42449480
v -0.09564511 -0.09639753 -0.60120137
v -0.10796496 -0.02278255 0.04135797
v -0.10254908 -0.01317610 -0.59776747
v -0.08372645 -0.01545416 -0.55969650
v -0.09877880 0.00566944 -0.56971995
v -0.12367723 0.21294681 -0.62364413
v -0.08486596 0.23193635 -0.59430635
v -0.10521804 0.41546378 0.06329849
v -0.08525551 0.51849285 -0.00596414
v -0.12231997 -0.45682720 0.11404221
v -0.11079568 -0.39374153 0.14391800
v -0.11297876 -0.25161997 -0.29429283
v -0.09113187 -0.16043530 -0.48257546
v -0.10378793 0.29434508 0.08379292
v -0.07619331 0.46868780 -0.40489910
v -0.08515555 -0.38457861 0.25610349
v -0.09639563 -0.31034116 -0.00989774
v -0.07447493 -0.28256034 -0.19726362
v -0.09677826 -0.26509311 -0.09556819
v -0.09250780 -0.11683791 -0.08401609
v -0.08567772 -0.07224061 -0.05768255
v -0.09133442 -0.04244490 -0.55745259
v -0.08122843 -0.04402520 -0.01788556
v -0.08598446 -0.01750469 -0.56302719
v -0.08663520 0.00097819 0.08676338
v -0.06538392 0.20514517 -0.60016606
v -0.07819812 0.19068197 0.10318835
v -0.09181590 0.32881707 -0.53988154
v -0.07704173 0.37657662 -0.50057021
v -0.09247998 0.47339226 -0.00518800
v -0.09514472 0.52749069 -0.04677490
v -0.08905717 -0.66047140 0.36121907
v -0.11127976 -0.41161900 0.50849969
v -0.06572751 -0.43428031 0.47347769
v -0.07352502 -0.31798253 0.29777902
v -0.05820220 -0.29011958 0.02095958
v -0.10177985 -0.25643766 -0.26625348
v -0.06839541 -0.29199886 0.36004555
v -0.06374953 -0.23175061 -0.17361544
v -0.09035979 -0.15178023 -0.08291394
v -0.08603161 0.03322814 -0.60094319
v -0.11298533 0.07582425 0.06771402
v -0.08998211 0.38444442 0.08012395
v -0.08469425 -0.64300613 0.45815636
v -0.08289234 -0.59853361 0.53098441
v -0.12405320 -0.59445904 0.22229683
v -0.06779156 -0.54025068 0.51172585
v -0.06267733 -0.22871750 0.54282489
v -0.06268524 -0.14585668 -0.08909085
v -0.08123123 -0.06798575 -0.63675395
v -0.08230597 -0.01951813 -0.56176600
v -0.08845903 -0.00175561 0.00847761
v -0.07961579 0.02887655 0.07418481
v -0.06540894 0.33077898 -0.54561165
v -0.08111436 0.37467058 0.05665164
v -0.06887600 0.38445696 0.10009499
v -0.07467715 0.50724183 -0.03540710
v -0.05971475 0.58373126 -0.14657848
v -0.08511842 0.57875305 -0.06696143
v -0.07485032 -0.41816569 0.11190895
v -0.03924390 -0.36464416 0.04261952
v -0.12789981 -0.23159487 -0.36388019
v -0.10198745 -0.05477477 0.00524385
v -0.09050503 0.01600376 -0.46292653
v -0.05350015 0.08062380 -0.60588043
v -0.08121968 0.44556945 -0.00166355
v -0.07244384 0.45604841 -0.46440291
v -0.09318064 -0.42875905 0.19383402
v -0.08301739 -0.40940117 0.20640585
v -0.07397245 -0.26622457 0.46971544
v -0.12308459 -0.13672348 -0.56335769
v -0.11438927 -0.12714647 -0.51129582
v -0.04844209 -0.05984288 -0.04093113
v -0.07734302 0.13864061 -0.62470028
v -0.08430858 0.25776939 0.09878903
v -0.08366929 0.48889623 -0.06972987
v -0.06881641 0.52513898 0.02510770
v -0.08800893 -0.42880453 0.21700654
v -0.04480882 -0.37273109 0.15167212
v -0.05693493 -0.29866841 -0.02246502
v -0.06146108 -0.18612770 -0.40715758
v -0.04512692 -0.11967073 -0.51253704
v -0.05059915 0.02980946 -0.44708273
v -0.09032523 -0.41818903 0.43892654
v -0.07865019 -0.29488508 0.00361237
v -0.06419045 -0.25725950 -0.20883158
v -0.05827270 -0.22261870 -0.15955256
v -0.06542902 -0.23156262 -0.31869111
v -0.05828230 0.04321022 0.05808233
v -0.06189949 0.03597766 -0.46409848
v -0.05554819 0.55760399 -0.41882394
v -0.07153965 0.58013000 -0.38592106
v -0.09282167 0.57640929 -0.22217946
v -0.06700509 0.60616901 -0.11151843
v -0.04946246 -0.56980330 0.25926848
v -0.04465505 -0.53982184 0.23508144
v -0.03058215 -0.47828322 0.23745378
v -0.06883802 -0.42511815 0.23699117
v -0.05119377 -0.26586016 -0.20687001
v -0.07343451 -0.02268890 -0.56282531
v -0.04626905 0.18396829 -0.60654472
v -0.06438784 0.53256290 -0.33065148
v -0.05996825 0.64577746 -0.33249427
v -0.06264230 -0.56437920 0.49879039
v -0.06638486 -0.47932306 0.19135020
v -0.06037824 -0.40455421 0.19442208
v -0.07187040 -0.28723611 -0.19466214
v -0.10696155 -0.23773705 -0.15375798
v -0.05481470 -0.11464005 -0.05109728
v -0.05509327 -0.10916348 -0.50879527
v -0.06348052 -0.09477290 -0.52143608
v -0.08357580 -0.05549845 -0.61900935
v -0.07651047 -0.06725588 0.36039811
v -0.03407989 0.03718353 -0.58538813
v -0.08399542 0.09497483 -0.61832307
v -0.06649067 0.27257556 -0.57118915
v -0.06273433 0.48523238 -0.04372017
v -0.06799402 0.51256362 -0.38445448
v -0.06883895 0.57898632 -0.29923723
v -0.07683731 -0.61910926 0.31491056
v -0.06088071 -0.49973942 0.51939131
v -0.03365251 -0.37434573 0.17554289
v -0.02911296 -0.38077128 0.15795259
v -0.10709470 -0.35453126 -0.06091298
v -0.08082375 -0.14303460 0.50051901
v -0.08441197 -0.18905529 -0.10483058
v -0.06804903 -0.18447374 0.24634893
v -0.05979965 -0.11614581 -0.49694833
v -0.05052292 -0.11222222 -0.49023411
v -0.08901540 -0.12090383 -0.52734973
v -0.07887221 -0.11091626 0.27784906
v -0.07171684 -0.03165411 0.07586715
v -0.03267401 0.13014824 -0.60081191
v -0.03151724 0.38527516 -0.50874167
v -0.05090009 -0.33241399 0.43485824
v -0.03876924 -0.28172658 -0.10497738
v -0.07257834 -0.29930643 -0.00924780
v -0.05107937 -0.20628553 -0.31696305
v -0.04837127 -0.20738269 -0.32569346
v -0.02442710 -0.08736522 0.22441399
v -0.04926977 -0.11084853 -0.49020621
v -0.04249532 0.02173113 0.12689202
v -0.03256421 0.06979427 0.12197204
v -0.04698029 0.10302216 -0.59113750
v -0.06200014 0.59344796 -0.21832240
v -0.06480023 -0.34631795 -0.01033050
v -0.06097822 -0.30670217 0.01660952
v -0.05396980 -0.23528811 -0.12909320
v -0.05110881 -0.22970949 -0.21721230
v -0.04682579 -0.22379784 -0.17625750
v -0.04443581 -0.03899281 -0.53638483
v -0.06476833 -0.05861343 0.01210515
v -0.06093026 -0.03783774 -0.06971531
v -0.04596469 0.05824760 -0.59107255
v -0.08577501 0.17581847 -0.61123446
v -0.04804523 0.25080400 -0.58077877
v -0.03202049 0.42278837 -0.47102863
v -0.06917262 0.52225132 0.05923693
v -0.02344780 0.56860807 0.01049497
v -0.05279425 0.62961634 -0.37234262
v -0.04114682 0.58628810 -0.20428384
v -0.03740359 0.69151836 -0.30489369
v -0.03637243 -0.58006664 0.33612789
v -0.03573121 -0.54926148 0.50006253
v -0.03684838 -0.23242432 -0.16713178
v -0.02144560 -0.18288799 -0.17538128
v -0.03975639 -0.15774633 -0.07997272
v -0.00964832 -0.10584928 -0.04544507
v -0.04237858 -0.10434698 -0.49023393
v -0.04134503 -0.10434698 -0.48939502
v -0.04134503 -0.10351116 -0.49023393
v -0.03645097 -0.10102848 -0.54384981
v -0.03398259 -0.03336635 -0.59842598
v -0.01533580 -0.02046222 -0.00939687
v -0.03812885 0.53404510 -0.06821904
v -0.04287752 0.59728896 -0.17582407
v -0.07726664 -0.63592179 0.40390775
v 0.00262269 -0.46596297 0.24682631
v -0.01080620 -0.31824806 0.07317874
v -0.04664538 -0.30464863 0.27462129
v -0.04446479 -0.28382336 -0.15399799
v -0.02708342 -0.28743309 -0.10752781
v -0.01859865 -0.27199702 -0.00304854
v -0.04866776 -0.29338043 -0.18760220
v -0.02930944 -0.23328030 -0.24741152
v -0.04475228 -0.22887095 -0.28703032
v -0.04974679 -0.11223108 -0.48889320
v -0.03749891 -0.10040936 -0.49023393
v -0.03354536 -0.09756401 -0.49019232
v -0.04775870 -0.03721182 -0.59680564
v -0.00954719 0.02007556 -0.56577485
v -0.05475573 0.01381495 -0.56648790
v -0.03436375 0.50677777 -0.07579290
v -0.04339287 0.51006787 0.08079422
v -0.00883087 0.56733889 -0.02932957
v -0.02960179 -0.58757262 0.47245571
v -0.03599615 -0.49507021 0.50296594
v -0.04807778 -0.45154472 0.44787853
v -0.02674464 -0.31746750 0.08442262
v -0.03302539 -0.30648374 0.01278795
v -0.02303956 -0.29467612 -0.00572987
v -0.05173287 -0.23932508 0.23422815
v -0.03226015 -0.21617871 -0.10892155
v -0.02288738 -0.21133316 -0.11691622
v -0.06337954 -0.21389495 -0.14334662
v -0.02685711 -0.19938623 -0.34674059
v -0.04487949 -0.11625808 -0.48373045
v -0.03357814 -0.10434407 -0.48372138
v -0.03347886 -0.10107194 -0.48651296
v -0.03467678 -0.03008296 0.06900427
v -0.01811885 0.14192425 0.10411579
v -0.03241256 0.26482212 0.10684093
v -0.03674041 0.43874286 0.17829815
v -0.02002435 0.52022794 -0.41106084
v -0.04051657 0.45559137 0.13715900
v -0.01243556 0.57424955 -0.05927877
v -0.03415229 0.55878196 -0.31910259
v -0.01289994 -0.39491408 0.10661907
v -0.03128456 -0.10434698 -0.48235866
v -0.02953216 -0.10434698 -0.48164037
v -0.02953216 -0.10300346 -0.48235866
v -0.00520120 -0.05792115 -0.52233534
v -0.03218800 -0.07449370 -0.59710826
v -0.04411677 -0.04792712 -0.60013102
v -0.02266489 -0.03873688 0.04008996
v -0.04108784 0.34319288 0.08846865
v -0.01813839 0.41598803 0.19287041
v -0.03623766 0.42776614 0.08207624
v -0.04124349 -0.62137225 0.35957070
v -0.02913166 -0.16161198 0.56671594
v -0.02620391 -0.10040936 -0.48235866
v -0.02559454 -0.10040936 -0.48209018
v -0.02559454 -0.09998085 -0.48235866
v -0.02297089 -0.05675119 -0.03073366
v -0.01390871 0.15997149 -0.58313316
v -0.01385597 0.42178213 0.05441250
v -0.02541765 0.48557320 0.08524241
v -0.00718554 0.58986730 -0.08231907
v 0.00623046 -0.41849790 0.13851347
v -0.01413003 -0.39588009 0.45697988
v -0.01576391 -0.19684107 -0.28542692
v -0.03228479 -0.09418125 -0.52519311
v -0.02019030 -0.06629407 0.50348806
v -0.02640427 -0.05148939 0.46076370
v -0.00501187 0.23438687 -0.58277225
v -0.03905272 -0.61951826 0.41085886
v -0.03144746 -0.54479323 0.29982874
v -0.03629707 -0.49819390 0.24812463
v -0.00172077 -0.35471913 0.16820082
v -0.05361198 -0.27901827 0.52635403
v 0.00565240 -0.29000414 0.06634736
v -0.00584683 -0.24036681 -0.21856273
v -0.01820259 -0.10536075 -0.47577510
v -0.01688863 -0.05244176 -0.58256597
v -0.03032067 -0.07932897 -0.55677809
v -0.01014054 -0.02405929 0.09172685
v -0.02949521 0.07191771 0.07721067
v 0.00294721 0.37784616 -0.51922773
v -0.01736481 0.37219419 0.07880835
v -0.01562415 -0.50833083 0.42006167
v -0.01032657 -0.52444792 0.46952513
v -0.00623353 -0.21634619 -0.12527069
v -0.02665539 -0.21861180 -0.30133388
v -0.02135792 -0.18282097 -0.12434329
v -0.01533060 -0.17936495 -0.11886288
v -0.01656468 -0.13891887 -0.06332494
v -0.01461157 -0.09934000 -0.50735174
v -0.01418250 -0.08611843 -0.48923791
v -0.03457328 -0.07868980 -0.50751644
v -0.01738238 -0.03903156 -0.57967796
v -0.01397321 0.09717508 -0.59564895
v -0.02656894 0.27808083 -0.57493356
v -0.02580376 0.32998055 -0.53747168
v -0.00603844 -0.57121578 0.43267846
v -0.00984405 -0.43512709 0.17912652
v -0.01419021 -0.36970630 0.24783431
v 0.02686791 -0.31402096 0.02154857
v -0.00947177 -0.27057515 -0.15313663
v -0.01750012 -0.26531368 -0.14292490
v -0.00459726 -0.20803110 -0.20420847
v -0.01202825 -0.07474247 -0.53529831
v -0.02671733 -0.03362129 0.29908935
v -0.00961959 0.11267644 -0.58386654
v -0.01660842 0.28680338 0.11517469
v -0.01279354 0.44591359 0.19049263
v -0.01709744 0.47776651 0.13723267
v 0.02764883 0.58273408 -0.08892878
v -0.00864068 0.59533126 -0.20667696
v -0.00715327 -0.56128054 0.46487261
v -0.01861690 -0.48100499 0.23083406
v -0.00974408 -0.43510720 0.17916179
v -0.00590643 -0.43510720 0.18198967
v 0.01088488 -0.44087919 0.20537236
v -0.00590643 -0.43351284 0.17916179
v 0.01232845 -0.23160763 0.61981440
v -0.00156363 -0.19681068 -0.10734026
v 0.01421569 -0.16860234 -0.12896043
v -0.01621031 -0.19502832 -0.11319955
v 0.00428664 -0.13474549 -0.39024353
v -0.01336169 -0.12767368 -0.43780870
v 0.00075148 -0.13034152 -0.07521007
v -0.02554658 -0.00984274 0.12047260
v 0.02665237 0.15932899 -0.57614267
v -0.02923233 0.42077052 0.13296790
v -0.02796053 0.70756766 -0.24540292
v 0.02148395 -0.31822171 0.16737877
v 0.02478879 -0.22485781 -0.14543476
v -0.01330960 -0.25314533 -0.00788108
v 0.00352892 -0.21714317 -0.22081893
v -0.00033533 -0.19845573 -0.10597802
v -0.00149367 -0.19605801 -0.11222222
v 0.00276321 -0.15832778 -0.39113061
v -0.01482087 -0.11874182 -0.47115921
v -0.00366191 0.20846551 0.11211817
v -0.00261770 0.28013437 0.18280023
v -0.00243155 0.33828568 0.17127590
v -0.00781994 0.57806489 -0.27383051
v -0.01574740 0.72707930 -0.23128958
v -0.01444920 -0.54173699 0.36896712
v 0.00268598 -0.50701636 0.27409535
v -0.02701686 -0.30982280 -0.04694175
v 0.00149752 -0.27102124 0.16991478
v -0.00933026 -0.19224408 -0.19181363
v 0.03622500 -0.17371229 -0.15057018
v -0.00262571 -0.19037988 -0.10867508
v -0.02533984 -0.02255115 -0.54431707
v 0.01597366 0.01170972 -0.54308333
v -0.00944834 0.55882358 0.04477938
v -0.00059924 0.71157491 -0.27042950
v 0.00042354 0.73890615 -0.21215265
v 0.02714420 -0.29483375 0.06691978
v -0.00277897 -0.21925081 -0.11765562
v 0.03086706 -0.18878322 -0.27240484
v 0.01002627 -0.16596188 -0.10835327
v 0.01536436 -0.04832636 0.51283598
v 0.00785789 -0.00284903 0.37925011
v 0.04580287 0.03114687 0.14306291
v -0.01122903 0.25681751 -0.56379124
v 0.00326527 0.30241776 0.10378398
v 0.00065315 0.37950531 0.11701343
v 0.00920625 0.60020966 -0.34105995
v 0.01927487 0.58532598 -0.17558490
v 0.01311639 0.74278615 -0.13533957
v -0.02211658 -0.18434637 0.18395622
v -0.00188380 -0.04693636 -0.03273248
v 0.02968875 -0.03287793 -0.51028551
v -0.00515455 -0.03854485 -0.58410206
v 0.02411495 0.04052801 0.15163306
v -0.01932745 0.05631816 -0.57590879
v 0.00187754 0.31004570 -0.54409532
v 0.03703525 -0.45094848 0.26098168
v 0.00853458 -0.30078999 0.06440960
v -0.02541438 -0.35352167 0.01097620
v 0.01427368 -0.20486938 -0.12110746
v 0.01594019 -0.18791325 -0.23574095
v 0.00003921 -0.09174439 -0.50689143
v 0.03960964 -0.02662671 -0.54091275
v 0.03038164 -0.03832311 0.04518198
v 0.02961573 -0.02339586 0.06969450
v 0.04519106 0.00251513 -0.51532192
v -0.00177334 0.31562278 0.13453963
v 0.04350691 0.58543987 -0.00055805
v 0.01586669 0.58919657 -0.22244568
v 0.02686476 -0.44974623 0.44349983
v 0.01846721 -0.33684378 0.17716625
v 0.05368997 -0.19746636 -0.22436424
v 0.01134556 -0.18909943 -0.26107008
v 0.02676569 -0.09285976 -0.05908078
v 0.02314979 -0.08203008 -0.03941017
v 0.02751100 -0.01738960 0.48484411
v 0.01360136 0.25334322 0.14309286
v 0.00790907 0.32788115 0.19553959
v 0.05426598 0.57965405 -0.03153128
v -0.02725321 0.65161973 -0.34861634
v 0.03838125 -0.36555257 0.07596251
v 0.00694113 -0.21421673 -0.14100089
v -0.00055378 -0.16770256 -0.35706795
v 0.02537863 -0.07162321 -0.49346599
v 0.02813863 0.02540217 0.32421073
v 0.04248313 0.25029105 0.11351948
v 0.02232221 0.27834374 -0.56111821
v 0.02476635 0.38182800 0.17583430
v 0.02995552 0.36000904 0.12152325
v 0.01785557 0.52613767 0.05121880
v 0.00139877 0.60393094 -0.14503247
v 0.05874844 -0.49400648 0.31026067
v 0.02898661 -0.45552480 0.23452072
v -0.00031586 -0.39235205 0.24529552
v 0.02164941 -0.39477538 0.53282353
v 0.05431214 -0.29160985 0.11515384
v 0.08034832 -0.21778281 0.02229511
v 0.03804871 -0.15189857 -0.31391990
v 0.03091312 -0.13671289 -0.38807700
v 0.03684879 -0.05883247 -0.51494286
v 0.01421494 -0.04623158 -0.57185487
v 0.00049230 -0.04930670 0.23420103
v 0.04109566 0.01812652 0.37702146
v 0.00988028 0.04551955 -0.56494440
v 0.03536225 0.29443896 0.10848570
v 0.03455041 0.40093780 0.19461162
v 0.03655316 0.75653520 -0.11364965
v -0.00221528 -0.30770647 0.58797175
v 0.05710918 -0.27014232 -0.01583833
v 0.00863868 -0.18275976 -0.25794584
v 0.03048309 -0.10416887 0.16443949
v 0.02103948 -0.06079673 -0.48611585
v 0.01672325 -0.03342154 0.01534648
v 0.04340938 0.08440121 -0.56015362
v 0.02887212 0.11034576 -0.56912017
v 0.04611599 0.43124580 0.16340292
v 0.04345511 -0.29511500 0.13890194
v 0.02279918 -0.16267235 -0.11417068
v 0.03192254 -0.12291841 0.16334884
v -0.00871533 -0.14528184 -0.42101941
v 0.02671302 -0.10824261 0.11812442
v 0.03807423 -0.09374419 0.17670436
v 0.01827633 0.11883294 0.09471055
v 0.05078700 0.36843300 0.19672771
v 0.04143260 -0.44193492 0.19446821
v 0.02042794 -0.39274146 0.12630072
v 0.02797042 -0.23590892 -0.15107076
v 0.03215778 -0.20061871 -0.21948787
v 0.03491790 -0.17294852 -0.19417627
v 0.04774755 -0.16104078 -0.26806246
v 0.01799531 -0.14403306 -0.07307840
v 0.02555846 -0.09636346 -0.45902153
v 0.04918917 -0.04872285 -0.47902063
v 0.02376105 -0.06697404 0.10957480
v 0.04624115 -0.02121237 -0.52618233
v 0.07857774 -0.00433202 0.00697468
v 0.03196774 0.74109871 -0.18723334
v 0.04086127 -0.31313701 0.14924099
v 0.06737553 -0.23043723 -0.06860978
v 0.02147999 -0.17749302 -0.31890530
v 0.02047522 -0.12060035 -0.37167762
v 0.03607321 -0.05081432 -0.50738904
v 0.05344297 -0.04452773 0.02621998
v 0.03219719 0.03583662 -0.56588688
v 0.03196225 0.22679203 0.20199380
v 0.02728124 0.38767450 0.07944899
v 0.05407061 -0.48922862 0.39169756
v 0.05278514 -0.17076956 -0.23927167
v 0.06840958 -0.13258439 -0.34529966
v 0.05433432 -0.00326491 0.07071875
v 0.06141966 0.02187001 -0.53472116
v 0.03314368 0.30905200 0.19674754
v 0.03795097 0.52573306 0.07391182
v 0.06316618 -0.49692236 0.33711211
v 0.00638948 -0.21515347 -0.09815065
v 0.05220227 -0.18294944 -0.11676253
v 0.04813985 -0.02717801 0.05597405
v 0.05249302 -0.03534884 -0.52721954
v 0.07480509 0.12961490 -0.55865139
v 0.05727000 0.34221746 -0.52987442
v 0.02225468 0.46416534 -0.45595524
v 0.03038334 0.65956866 -0.14303724
v 0.05054040 0.68461125 -0.20892487
v 0.06236702 -0.42013662 0.18492001
v 0.07326164 -0.40382302 0.16028754
v 0.04359182 -0.17542774 -0.24334503
v 0.06783392 0.04545773 -0.52271519
v 0.08264805 0.11335969 -0.54011142
v 0.04343780 0.19733470 -0.55446695
v 0.05262083 0.32010943 0.20506657
v 0.04395880 0.36603878 -0.51411198
v 0.04180131 0.39432675 -0.49270250
v 0.04719480 -0.34001649 0.60970095
v 0.07178207 -0.09052434 0.60526803
v 0.06581025 -0.06413481 -0.04358149
v 0.04763674 -0.05372785 -0.01999154
v 0.03909465 -0.02113791 -0.02264112
v 0.05010867 0.01962130 0.11732490
v 0.06025112 0.39128320 -0.51049953
v 0.06112728 0.47488957 0.13662029
v 0.06835492 0.74761711 -0.01127163
v 0.05525536 -0.35940783 0.15419034
v 0.08917513 -0.26843115 0.65731705
v 0.06117590 0.06077619 -0.54846272
v 0.05473334 0.26494338 -0.54838545
v 0.06639199 0.28366927 0.20164523
v 0.06212851 0.29541000 -0.54416342
v 0.03959774 0.43784364 -0.48197976
v 0.04191822 0.65507319 -0.26180334
v 0.04363856 0.72621937 -0.05102426
v 0.05911372 0.73793769 -0.00591712
v 0.07085859 -0.17719157 0.65050680
v 0.08630484 -0.03551101 -0.48252418
v 0.08940445 0.10611619 0.15885686
v 0.07279264 0.54543353 0.02719859
v 0.04912762 0.58264917 -0.15278741
v 0.08502455 0.61543352 -0.02028231
v 0.06125472 -0.18827349 -0.05922664
v 0.04245953 -0.11568656 -0.40436950
v 0.07124256 -0.06142335 -0.46717669
v 0.07441505 -0.04550463 0.56637731
v 0.05228868 -0.05257429 -0.46333193
v 0.05194303 -0.00865213 0.51874177
v 0.07532179 0.04337136 0.10568033
v 0.04690982 0.09585150 0.15838336
v 0.04037172 0.22451594 -0.57025133
v 0.06963584 0.24188773 0.19721903
v 0.07029035 -0.15837727 -0.24647367
v 0.06439062 -0.13891633 0.13518668
v 0.06617307 -0.09206826 -0.04603394
v 0.07541662 0.23669577 -0.54385686
v 0.07202726 0.36239528 -0.50916022
v 0.07522644 0.68713011 -0.17017171
v 0.07357268 0.70337598 0.04593350
v 0.08768085 -0.20406772 -0.15288776
v 0.06670280 -0.20986959 -0.02542616
v 0.06490464 -0.15565437 -0.13484603
v 0.08132708 -0.11750772 -0.08660315
v 0.06420746 -0.03221337 -0.50109092
v 0.06287839 0.03640623 0.32805013
v 0.08837065 0.05259243 0.33169041
v 0.07796706 0.04768285 0.39767448
v 0.06278531 0.07489728 -0.53738272
v 0.05275851 0.16496406 -0.55233179
v 0.07938613 0.18686448 0.10109253
v 0.06845664 -0.15207814 -0.32117646
v 0.06026097 -0.15588022 -0.25341312
v 0.07777567 -0.10676850 -0.38095128
v 0.06723589 -0.08234141 0.16694262
v 0.07723378 0.00515290 -0.49791946
v 0.06644615 0.04977796 0.05921048
v 0.09454850 0.16058194 0.14681937
v 0.08029887 0.18013483 0.12959455
v 0.09058296 0.17568064 0.21045005
v 0.07929691 0.19791101 0.11628823
v 0.10419080 0.28951793 -0.53135489
v 0.08692803 0.57137522 -0.05766345
v 0.06425341 -0.45265846 0.50738028
v 0.09076724 -0.37138657 0.13339936
v 0.07044647 -0.28756462 0.09575344
v 0.08304292 -0.19769508 -0.14090655
v 0.09164155 -0.15613253 -0.13415173
v 0.07734410 -0.13392875 -0.28118033
v 0.08989140 -0.02182709 0.05039453
v 0.10137884 0.57474404 -0.00483505
v 0.08025105 0.71685654 0.07410009
v 0.08748136 -0.28889355 0.11306316
v 0.08896462 -0.23709255 -0.05238834
v 0.06873601 -0.08787831 -0.43063847
v 0.08634283 -0.03960346 0.11564474
v 0.09834548 0.09832317 -0.53823762
v 0.09216251 0.34039613 -0.52652917
v 0.08205395 0.49823826 -0.43807199
v 0.08780686 0.68297423 0.12355445
v 0.07171060 -0.42979609 0.18334095
v 0.09002471 -0.13978338 -0.13926857
v 0.10310781 -0.09320521 0.63395367
v 0.09640478 -0.05141534 -0.44720659
v 0.08521094 0.00144273 0.06039143
v 0.09566499 0.24203150 0.20659560
v 0.07570914 0.34900037 0.18834171
v 0.10347403 0.40678219 0.16861404
v 0.08298371 0.53762511 0.06653567
v 0.07371080 0.75084783 -0.06194217
v 0.09571440 -0.46876857 0.20649720
v 0.09290396 -0.47153224 0.19023100
v 0.09801384 -0.39372270 0.14241579
v 0.10721144 -0.29627539 0.02679024
v 0.07062973 -0.26302284 -0.03623047
v 0.14036455 -0.16314011 -0.03909582
v 0.06792536 0.19930509 -0.55760699
v 0.09234983 0.22348828 -0.54037914
v 0.11860535 0.56516391 -0.38356360
v 0.09411166 0.70121997 -0.08170320
v 0.12199621 -0.35692726 0.63420441
v 0.10496378 -0.26656831 0.00459920
v 0.15530042 -0.16631984 -0.04564626
v 0.11051850 -0.14685623 -0.14850878
v 0.11810138 -0.10377557 -0.25954383
v 0.05036144 0.01178220 0.27981789
v 0.10173550 0.07009114 0.08779380
v 0.09455345 0.32758230 0.19924333
v 0.11355891 0.60828432 -0.33635715
v 0.10748436 0.70142234 0.12657032
v 0.09222227 0.74169131 -0.00741977
v 0.10163929 -0.22385768 0.67398038
v 0.09723730 -0.06718904 -0.40542099
v 0.11582718 -0.05554602 -0.02818735
v 0.07138573 -0.01990774 -0.49289594
v 0.12544948 0.08512429 -0.51277524
v 0.05367498 0.18237870 0.18493609
v 0.09080739 0.15334951 -0.54543891
v 0.09623854 0.41953120 -0.48306000
v 0.06807684 0.43818090 -0.47298801
v 0.10763853 0.57414716 0.16754154
v 0.09813920 0.65324468 0.18003912
v 0.10869091 -0.52054745 0.23205551
v 0.10726516 -0.49767310 0.21298876
v 0.15999060 -0.50617649 0.49799575
v 0.10396158 -0.24652262 0.00883275
v 0.08648838 -0.17698982 -0.10075694
v 0.08799590 -0.15180195 -0.23760712
v 0.09111162 -0.13690588 -0.22181410
v 0.10171577 -0.12734923 -0.23952910
v 0.10565874 -0.05208494 -0.38644030
v 0.10185280 -0.02947403 -0.44212928
v 0.12869625 0.02063388 0.07616522
v 0.13103270 0.32742226 -0.50790311
v 0.10136227 0.55366065 0.00893115
v 0.11125511 -0.51391712 0.43377554
v 0.09266300 -0.42847623 0.56603707
v 0.05236286 -0.20275030 0.12607551
v 0.10117333 -0.13637567 -0.11367515
v 0.11096646 -0.10245452 -0.09608942
v 0.04222038 -0.09544725 0.07862107
v 0.11730728 -0.05819173 -0.37088669
v 0.11256615 -0.06803094 -0.38625460
v 0.10402569 -0.02844649 0.19197735
v 0.08753323 0.05357325 0.13264024
v 0.11601173 0.39103184 -0.48172712
v 0.14176208 -0.42519902 0.14003010
v 0.11228542 -0.34106985 0.10786108
v 0.11583066 -0.27471159 0.01948217
v 0.10969022 -0.29917760 0.10636470
v 0.11309018 -0.25269453 0.00954935
v 0.13083402 -0.12654147 -0.11910230
v 0.12964566 0.05507910 0.08765360
v 0.11999656 0.22165665 -0.52622894
v 0.08145741 0.45235110 0.15165470
v 0.08909163 0.46627895 0.12493767
v 0.10870670 0.57510392 0.09592480
v 0.12569547 -0.50880344 0.24582839
v 0.10966593 -0.45349419 0.16743714
v 0.12325381 -0.33039704 0.08750836
v 0.16195205 -0.24950458 0.07428617
v 0.15443341 -0.23022029 0.04295549
v 0.09340661 -0.16517327 0.65340095
v 0.11886988 -0.15902577 -0.16105402
v 0.12573801 -0.14028884 -0.10363892
v 0.12930507 -0.06037572 -0.07602993
v 0.12521760 -0.01778694 -0.45138757
v 0.11788383 0.00535409 -0.47786706
v 0.12935063 0.04479658 -0.49203111
v 0.10019808 0.04291304 0.44421726
v 0.12130611 0.20183131 -0.51520439
v 0.11643021 0.32399229 0.18482438
v 0.11098827 0.33795542 -0.50386608
v 0.11595202 0.53421272 0.05229373
v 0.11944959 0.53714863 0.05530622
v 0.10994983 0.72718015 0.05493576
v 0.12341183 -0.20357788 -0.04976198
v 0.16607371 -0.20844470 -0.01320715
v 0.12766894 -0.11749654 -0.20568009
v 0.11897297 0.13952450 0.15158771
v 0.13637976 0.46592038 0.11846955
v 0.11537066 -0.24883072 0.09734453
v 0.11599714 -0.17198641 -0.17311905
v 0.14327663 -0.13852130 -0.10496339
v 0.13053717 -0.11787630 -0.22391895
v 0.09538345 -0.04536379 0.05981347
v 0.12509684 0.47961087 0.20030199
v 0.11983366 0.48121216 0.26769043
v 0.12996453 0.49711688 0.09165523
v 0.13085912 0.68008004 0.14676679
v 0.13122359 -0.24249815 0.67257002
v 0.12458832 -0.07979238 -0.31363097
v 0.10493322 -0.00546792 0.01578705
v 0.13196581 0.01208613 0.07259849
v 0.11042995 0.02782077 0.49361258
v 0.11148989 0.21309463 0.19226606
v 0.15728931 0.36337209 -0.48403375
v 0.14174014 -0.50743334 0.23889346
v 0.13620897 -0.25004567 0.09300181
v 0.15779115 -0.17653187 -0.07475478
v 0.13259171 -0.17208795 -0.10913125
v 0.13050506 -0.15083767 -0.17675382
v 0.12921888 -0.13137068 -0.16596817
v 0.12518999 -0.11891441 -0.25015457
v 0.10741948 -0.09258359 -0.33182118
v 0.12667761 -0.04601210 -0.40114974
v 0.13703976 0.13644247 -0.51771601
v 0.14995259 0.21194406 -0.50129519
v 0.11475423 0.53009082 0.26417152
v 0.13186246 0.65908183 -0.00940969
v 0.13691577 -0.52981320 0.24396533
v 0.13465144 -0.51377133 0.23533141
v 0.14554146 -0.51927285 0.24322221
v 0.14260768 -0.14869450 0.67654892
v 0.13821188 -0.08503826 0.63519378
v 0.13425507 -0.09412085 -0.28005729
v 0.16250585 -0.03406815 -0.37269981
v 0.10543682 0.02226087 0.07723724
v 0.11880213 0.06237711 -0.49581690
v 0.13216556 0.10735647 -0.50548422
v 0.15083683 0.15914862 0.17655667
v 0.12497473 0.14741382 0.18766472
v 0.11589364 0.15413097 -0.51827140
v 0.15414901 0.18959573 0.16144964
v 0.12938660 0.22803545 0.18736280
v 0.12041439 0.26428104 -0.51103289
v 0.14109867 0.36160599 0.27377356
v 0.13160413 0.38672635 -0.48843817
v 0.14168957 0.41685049 0.15406268
v 0.11583032 0.59314854 0.24142178
v 0.14170689 -0.55978655 0.29925258
v 0.14676383 -0.46031703 0.16537367
v 0.14447357 -0.46707439 0.62998346
v 0.14648316 -0.12593292 -0.09867455
v 0.14404547 -0.10948747 -0.23021712
v 0.13007524 -0.10927474 -0.08020107
v 0.16112900 -0.06795302 -0.30914322
v 0.14960591 0.03361583 0.06654465
v 0.13862929 0.05253911 0.21355623
v 0.13810586 0.11058651 0.11087871
v 0.14964647 0.14404387 0.13566556
v 0.14266945 0.31675802 0.18780045
v 0.13393411 0.66539961 0.17943060
v 0.14896044 -0.56465620 0.29075082
v 0.17172117 -0.47987105 0.66173650
v 0.14109824 -0.18217764 0.67478642
v 0.21044145 -0.07075264 0.65904398
v 0.14450163 -0.06338125 -0.31921866
v 0.13063431 -0.02743347 -0.00917962
v 0.14618376 0.33293293 0.24073579
v 0.14554132 0.44730938 0.28897224
v 0.17227700 0.54606525 -0.39000565
v 0.15877378 0.56512086 0.16202360
v 0.18222736 -0.56549799 0.33681797
v 0.18465641 -0.40290829 0.62294362
v 0.13715543 -0.41454122 0.60021546
v 0.14864410 -0.39686797 0.11081293
v 0.15292177 -0.29913806 0.08337856
v 0.15603874 -0.12201478 -0.09534948
v 0.11114702 -0.14662285 -0.24630483
v 0.14002900 -0.02036807 -0.41686510
v 0.14760839 0.03127557 0.16750958
v 0.16792654 0.07868515 -0.47031216
v 0.16792800 0.27317663 -0.49267781
v 0.14998253 0.33732989 0.18283014
v 0.15996875 0.32433604 0.27923929
v 0.15345580 -0.53995458 0.35912233
v 0.15250760 -0.51353801 0.24638038
v 0.15214071 -0.52158573 0.22701337
v 0.14380620 -0.44683953 0.56969876
v 0.15200367 -0.43797029 0.12573689
v 0.14331333 -0.32621845 0.09057194
v 0.14034224 -0.27313102 0.02745432
v 0.16858421 -0.16285417 0.01640985
v 0.13745219 -0.06482813 -0.36718009
v 0.16061596 -0.04395845 -0.05305688
v 0.16621328 -0.03173138 -0.05000783
v 0.16828922 -0.02134336 0.07525502
v 0.16105199 0.07401946 0.43110773
v 0.15954447 0.07682781 0.10085121
v 0.14462427 0.08941954 0.20335937
v 0.16352427 0.25846758 0.18741277
v 0.15228107 0.42050730 -0.46088750
v 0.15443403 -0.49001285 0.20906551
v 0.16417318 -0.45526775 0.65499808
v 0.17275105 -0.25145698 0.06588601
v 0.12791671 -0.10729411 -0.31116394
v 0.16441314 -0.08057825 -0.21275868
v 0.17751768 -0.03178552 0.15519996
v 0.16855594 0.20125514 0.15499201
v 0.16359593 0.46309742 -0.43899152
v 0.15068334 0.57056624 0.24290193
v 0.15555258 -0.32754393 0.08158039
v 0.17353810 -0.28274332 0.06485684
v 0.11290886 -0.21955519 0.03605127
v 0.16718500 -0.17317724 -0.03450864
v 0.15772374 -0.20143635 0.08389722
v 0.16274356 -0.14717659 0.67052165
v 0.14799688 -0.14273318 -0.14786208
v 0.15306443 -0.11791269 -0.19293799
v 0.15768888 0.01812582 0.10386212
v 0.17357904 0.05648691 0.15773645
v 0.16375855 0.18425463 -0.49650684
v 0.15643254 0.51621191 0.26928124
v 0.14945280 0.62449537 0.05018010
v 0.16885459 -0.53224095 0.28913878
v 0.16279391 -0.48347979 0.17170651
v 0.16031229 -0.20416502 -0.00206577
v 0.15644770 -0.16535520 -0.11760966
v 0.14686756 -0.14095845 -0.19471623
v 0.15547962 -0.12541141 -0.14753752
v 0.16466446 -0.11335220 -0.09108913
v 0.17221627 -0.01329674 -0.37801122
v 0.17853995 0.01544310 -0.42320574
v 0.15472394 0.02155641 -0.43875157
v 0.17482124 -0.48896457 0.61877467
v 0.15868571 -0.28386004 0.03204526
v 0.17379930 -0.10175620 -0.10384070
v 0.17737487 -0.10171874 -0.08164045
v 0.18878600 -0.08905215 -0.15209992
v 0.13957863 -0.11560219 -0.15698017
v 0.17180316 0.00656102 -0.01314432
v 0.12920499 0.06610009 0.35228532
v 0.21226977 0.66469694 -0.18965217
v 0.16630798 -0.53959777 0.28454894
v 0.18687313 -0.20203446 0.02158423
v 0.15892966 0.03301231 0.22836976
v 0.18456851 0.03993171 0.03899764
v 0.17082191 0.15494613 0.11585352
v 0.17918138 0.43563799 0.21074418
v 0.17201818 0.54425815 0.13530844
v 0.16389820 0.58393848 0.09744568
v 0.20412727 -0.52258802 0.25561254
v 0.16967636 -0.40728512 0.11486760
v 0.18078220 -0.31171590 0.66788704
v 0.20239427 -0.21761494 0.06327999
v 0.17144232 -0.11445501 -0.09391971
v 0.16939918 -0.02542963 0.60929053
v 0.17888963 0.14170493 0.31685305
v 0.16992443 0.23523903 0.23807775
v 0.18533660 0.23784270 0.24687012
v 0.17422918 0.32506387 -0.47383484
v 0.19435924 -0.49585089 0.19955853
v 0.14800351 -0.46414659 0.15635086
v 0.19240018 -0.39188019 0.07537511
v 0.17402812 -0.33679935 0.07514441
v 0.18172614 0.00257770 0.14084072
v 0.16978784 0.00701300 -0.40377815
v 0.16465153 0.08198344 0.24651419
v 0.10724278 0.04897522 0.31111877
v 0.18605785 0.10063810 0.10137617
v 0.21393472 0.13697683 0.22425004
v 0.21503636 0.17420877 -0.46279830
v 0.17495851 0.19672671 0.19361235
v 0.17836272 0.35182596 0.27980916
v 0.21155677 -0.55757459 0.34056618
v 0.17540046 -0.42016496 0.10300124
v 0.17910131 -0.16903668 0.01394092
v 0.19415086 -0.14128738 -0.00143656
v 0.18158917 -0.06161593 -0.27142584
v 0.19555004 0.09796749 0.16289890
v 0.18199714 0.10600759 0.28411277
v 0.17870510 0.10049799 0.48169674
v 0.19963571 0.13051125 0.20566719
v 0.18751758 0.20676864 -0.47196038
v 0.21076883 0.29950150 -0.46127088
v 0.19174426 0.39402255 0.19902626
v 0.18198152 -0.53711801 0.29535688
v 0.19097208 -0.20566775 0.02210677
v 0.19097465 -0.20278752 0.01939731
v 0.19097465 -0.20278752 0.02706190
v 0.18989842 -0.20578732 0.03029892
v 0.17271870 -0.20964327 0.08129207
v 0.19099382 -0.19879774 0.02167634
v 0.18760230 -0.19958351 0.01499268
v 0.19866481 -0.12395637 0.00549673
v 0.20649093 -0.05507271 -0.14502973
v 0.17919393 -0.04611715 -0.28179270
v 0.18079812 0.00571331 -0.00674647
v 0.17894108 -0.00879015 -0.39110763
v 0.18783316 0.06546871 0.26232772
v 0.19531605 0.06039219 -0.43863482
v 0.18970456 0.10031448 0.18531911
v 0.19851099 -0.46560090 0.56227458
v 0.19581702 -0.20672515 0.02850804
v 0.19163475 -0.20190847 0.02423131
v 0.19491228 -0.20366699 0.02460449
v 0.19365786 -0.20278752 0.02953216
v 0.19491228 -0.20238727 0.03010854
v 0.19491228 -0.20483167 0.03346979
v 0.19703520 -0.19759615 0.02585839
v 0.19868842 -0.19630631 0.02009215
v 0.19518527 -0.10939026 -0.06628766
v 0.18632511 -0.10861045 -0.17839374
v 0.18550088 -0.09343279 -0.19084292
v 0.19568695 -0.06089942 -0.30856155
v 0.17105397 -0.04540999 -0.34411592
v 0.19190882 -0.02410758 0.00395251
v 0.18753695 0.14771258 0.24808083
v 0.19691717 0.12052226 0.16540754
v 0.16996055 0.14147487 0.50039732
v 0.17019189 0.16368053 0.28395260
v 0.20533609 0.18932147 0.32885558
v 0.18671319 0.25203342 -0.47779833
v 0.18001437 0.40409371 -0.44021056
v 0.18956137 0.49489368 -0.41182567
v 0.18360398 0.60434598 -0.33256235
v 0.17629951 0.64329143 -0.27613618
v 0.23466062 -0.45131154 0.13717408
v 0.19065161 -0.36064231 0.08507428
v 0.21910701 -0.24155663 0.06306273
v 0.20174102 -0.20343879 0.03216566
v 0.19888062 -0.20262600 0.03166784
v 0.19884990 -0.20278752 0.03415329
v 0.19969124 -0.20556768 0.03427656
v 0.19941879 -0.20085782 0.03061683
v 0.18300971 -0.16446270 -0.03475931
v 0.19931550 -0.10998890 -0.12451841
v 0.20187962 -0.03076956 -0.30856797
v 0.19008628 0.10987568 0.51466773
v 0.19504840 0.16773673 0.19922796
v 0.21841684 0.19602988 0.50001364
v 0.20104451 0.24821255 0.23943393
v 0.20928616 0.34799575 -0.45617908
v 0.20091175 -0.53730299 0.28297496
v 0.20793685 -0.49699721 0.18883538
v 0.19715319 -0.45253197 0.14363807
v 0.21018580 -0.28414783 0.05537863
v 0.17794548 -0.21922101 0.02561289
v 0.20269619 -0.20273190 0.03756771
v 0.20918506 -0.12791365 -0.10597635
v 0.18987786 -0.07252658 -0.04241398
v 0.20732148 -0.04597429 -0.18018911
v 0.19836379 0.05269295 0.09308646
v 0.11705555 0.68064947 -0.07412774
v 0.20263687 -0.57716608 0.34848401
v 0.18801391 -0.23011430 0.68649858
v 0.20672515 -0.20364226 0.03677305
v 0.20566453 -0.19114391 0.02095872
v 0.20196334 -0.19659526 0.02443306
v 0.20671270 -0.19031969 0.02602364
v 0.20618974 -0.18850043 0.02118533
v 0.23593013 -0.12107391 -0.04217876
v 0.20958734 -0.02929181 0.00247002
v 0.19504886 0.38360315 -0.45469657
v 0.18815143 0.47123632 0.17465013
v 0.21957820 0.51178633 -0.38853288
v 0.21093165 -0.57661963 0.36855325
v 0.18680163 -0.55668474 0.29754528
v 0.22492351 -0.55249298 0.37224837
v 0.22461191 -0.51936263 0.49432411
v 0.21281147 -0.19807261 0.04070980
v 0.19140533 -0.14940011 0.68439830
v 0.20798136 -0.19097465 0.02165692
v 0.21065708 -0.19120112 0.02519384
v 0.21062923 -0.19132110 0.02955830
v 0.21066277 -0.18892106 0.02165692
v 0.16829585 -0.16443184 -0.06794691
v 0.21572527 -0.09871972 -0.04201838
v 0.20181282 -0.10354725 -0.03707532
v 0.18041582 -0.08930350 -0.24743436
v 0.20537612 -0.06399765 -0.04987763
v 0.20828686 0.02742163 -0.38438104
v 0.20669116 0.01863763 0.06566407
v 0.21792493 0.09073817 0.31098878
v 0.20418990 0.12661356 0.43179259
v 0.21704141 0.11035942 -0.43449244
v 0.21471273 0.15252797 0.18057937
v 0.20726531 0.18031743 0.47123133
v 0.21650128 -0.20025512 0.03883878
v 0.21375116 -0.19973963 0.03756179
v 0.20659364 -0.20271734 0.03966401
v 0.21144938 -0.19097465 0.02559454
v 0.21460038 -0.19097465 0.02904296
v 0.21460038 -0.19466375 0.03775126
v 0.22142879 -0.17183467 0.06345357
v 0.21460038 -0.18855487 0.02559454
v 0.21455088 -0.18701595 0.02955262
v 0.22927990 -0.17369588 0.02510597
v 0.20539107 -0.17713027 0.01222625
v 0.16206771 -0.10238263 0.10046383
v 0.22160535 0.01784179 0.12457663
v 0.20877841 0.09192989 0.13918784
v 0.20870514 0.07215063 0.49352241
v 0.22268462 0.22103782 -0.45693673
v 0.21853802 -0.19620383 0.03740741
v 0.23538822 -0.18795543 0.05728119
v 0.21853802 -0.18703704 0.02759496
v 0.21334503 -0.18513960 0.02668367
v 0.23357141 -0.04493365 0.10555569
v 0.24978169 0.05397998 0.14808995
v 0.21043592 0.08661078 0.45853254
v 0.19555333 0.12639749 -0.45793781
v 0.20682918 0.17549438 0.43990543
v 0.21506508 0.28629361 0.19170104
v 0.23226295 -0.40698489 0.65271104
v 0.22403511 -0.31141637 0.05873336
v 0.21811205 -0.18875807 0.03271211
v 0.20814279 -0.16401554 0.06849404
v 0.21798899 -0.13900990 0.03650505
v 0.18540867 0.02633391 0.56155243
v 0.23778946 0.10508221 0.59007407
v 0.21465405 0.06223053 0.59859321
v 0.23677643 0.08408997 0.16728676
v 0.23245560 0.13535764 0.25824622
v 0.22681903 0.19691309 0.31398680
v 0.21722421 -0.57207058 0.31219924
v 0.21736988 -0.18916860 0.03206591
v 0.23288549 -0.13800033 0.07238483
v 0.22683043 -0.13836127 0.03266206
v 0.19412445 -0.09476497 -0.15487475
v 0.22261397 -0.00412706 0.02380986
v 0.21916660 0.00345474 0.10016859
v 0.20638985 0.01149770 -0.36046742
v 0.22648984 0.05006774 -0.39274729
v 0.22623798 0.05964670 0.09444103
v 0.26292685 0.18293340 0.51807424
v 0.23053360 0.17789257 0.28710982
v 0.22172479 0.41832228 -0.42119229
v 0.22523053 -0.46475315 0.69909079
v 0.23109090 -0.40148736 0.09608771
v 0.22330537 -0.17637519 0.02814639
v 0.24274359 -0.13171003 -0.04042699
v 0.22767999 -0.10251383 -0.03929553
v 0.21367493 -0.11228147 0.08493285
v 0.20349872 -0.02710855 -0.28606869
v 0.23016217 -0.02562691 -0.22047478
v 0.23015303 0.10384798 0.40142469
v 0.22455316 0.19872245 0.16188576
v 0.23051158 0.33687166 -0.43290320
v 0.24316703 0.58130737 0.06142364
v 0.22952581 -0.14124426 -0.02111704
v 0.22669958 -0.09468721 -0.13778249
v 0.23365286 -0.03269048 -0.26268339
v 0.23222125 -0.03818600 -0.21981305
v 0.23839853 -0.01432942 0.10492480
v 0.23551684 0.03826912 0.03779222
v 0.21670717 0.07995838 0.56921854
v 0.23540134 0.05818995 0.53908456
v 0.24768999 0.10021738 -0.40651609
v 0.22662508 0.25866778 -0.44490462
v 0.24962113 0.49902268 -0.36411182
v 0.22252354 -0.52572385 0.23467706
v 0.22569049 -0.33813864 0.04783225
v 0.23973135 -0.19349752 0.05278970
v 0.23972785 -0.15755797 0.02356601
v 0.24133625 -0.15287155 -0.00661922
v 0.23381057 -0.15832479 0.05721596
v 0.23365322 -0.11792169 -0.01836128
v 0.25808856 -0.05162273 -0.18781134
v 0.26166696 -0.05222895 -0.13313028
v 0.23622696 0.00421701 0.12835254
v 0.21429159 -0.00026980 -0.32780956
v 0.22728592 0.11822714 0.56307791
v 0.23679495 0.10522339 0.51734655
v 0.23903681 0.51230068 0.13203376
v 0.24616258 0.58263968 -0.32287858
v 0.24030814 -0.54467521 0.31540762
v 0.25927529 -0.41149545 0.10088084
v 0.24391268 -0.29234484 0.68271600
v 0.24798578 -0.13884716 0.03065369
v 0.24833680 0.03683375 0.57688964
v 0.20501867 -0.54582351 0.26911410
v 0.24624946 -0.01037883 -0.20242043
v 0.24399830 0.00415434 0.61463695
v 0.24841583 0.07553716 0.50511688
v 0.21128915 0.06200195 -0.40583735
v 0.26339197 0.11026247 0.35616410
v 0.23097543 0.10353938 0.62209701
v 0.22902838 0.14956652 0.38604301
v 0.25205769 0.14008349 0.51991006
v 0.24628164 0.18900745 0.40798879
v 0.25445830 0.22611820 -0.42242050
v 0.25585693 0.24988937 -0.43713778
v 0.25407369 0.41444909 -0.40700603
v 0.26178817 -0.54939434 0.41051898
v 0.27292736 -0.46213258 0.64277875
v 0.26144579 -0.48305722 0.54554776
v 0.23805152 -0.30412863 0.70864945
v 0.24165084 -0.18591208 0.72496823
v 0.26256441 -0.14246609 0.02594099
v 0.25144853 -0.11113575 0.00886100
v 0.24973151 -0.09923419 -0.03697742
v 0.23558053 -0.02376948 -0.23622002
v 0.23587672 -0.00194512 -0.28592268
v 0.22197612 0.05307877 0.66078134
v 0.24486422 0.12184773 -0.39937713
v 0.26464313 0.19113078 0.44144860
v 0.24963179 -0.53230040 0.27396647
v 0.23457868 -0.48561117 0.67032615
v 0.25857920 -0.38180614 0.07880345
v 0.25020592 -0.13924192 0.03721419
v 0.24118826 -0.09344392 -0.07206011
v 0.22040174 0.02105640 0.64657409
v 0.26173028 0.04597536 -0.32110814
v 0.24763165 0.05321762 -0.35212102
v 0.23049451 0.10656342 0.10762192
v 0.24870499 0.11793774 0.21110120
v 0.25953951 0.19109910 0.47752837
v 0.24743071 0.62166594 -0.27571198
v 0.26637211 -0.53466437 0.25868180
v 0.23386788 -0.47726100 0.15718722
v 0.29057429 -0.35587267 0.65629030
v 0.25114098 -0.34764496 0.06497594
v 0.25825883 -0.17218658 0.76715521
v 0.25373762 -0.12170136 0.03005635
v 0.25110105 -0.08493703 0.07556619
v 0.24488068 -0.07579318 0.72977201
v 0.26235331 0.15010293 0.26400137
v 0.23184919 0.14105359 0.27944199
v 0.25665441 0.30364735 -0.42445894
v 0.28695925 -0.21060934 0.76501155
v 0.23495151 -0.25032328 0.75569133
v 0.24494839 -0.25805542 0.05376259
v 0.27214662 -0.09991930 -0.04094248
v 0.27456208 -0.01307284 0.11390844
v 0.27469366 0.15025070 0.28124553
v 0.28792642 -0.55451258 0.33849578
v 0.29518524 -0.44330289 0.13447277
v 0.26475851 -0.14196427 0.05575903
v 0.25941713 -0.12343912 0.01635153
v 0.27812426 -0.09805358 0.68216861
v 0.26958506 -0.09320449 0.75016182
v 0.26430146 -0.03685362 -0.16724842
v 0.28536663 0.04235819 0.13542380
v 0.26195699 0.15964927 -0.40872393
v 0.26092587 0.39448854 -0.39205564
v 0.30530568 -0.55218191 0.30491322
v 0.25377875 -0.44796633 0.57702053
v 0.27658681 -0.42639644 0.71423626
v 0.25205932 -0.29579672 0.74458624
v 0.25416766 -0.09538479 0.72913242
v 0.28496098 -0.10915134 0.07861306
v 0.25822413 0.01029132 -0.24886898
v 0.26918045 -0.55805422 0.36860728
v 0.27626738 -0.53357466 0.47204359
v 0.25965618 -0.26662258 0.04362058
v 0.24606325 -0.17409653 0.05952111
v 0.25671632 -0.18860151 0.69831530
v 0.27337223 -0.07737928 -0.09012000
v 0.28164453 -0.00670101 0.66351622
v 0.24953734 0.00774744 0.66055992
v 0.26506720 0.07182836 -0.32187449
v 0.24255847 0.07656645 -0.37293436
v 0.26922027 0.15497392 0.35609082
v 0.35172893 0.16218078 0.34963321
v 0.25603524 0.64210163 -0.06500056
v 0.28839948 -0.37642371 0.09264569
v 0.28147003 -0.01233026 -0.19500690
v 0.26023483 -0.01097083 -0.14372098
v 0.28289748 0.06472685 0.68890097
v 0.26248578 0.12024252 0.62536000
v 0.27413754 0.11710017 -0.36548699
v 0.27166292 0.14825070 0.25260896
v 0.27832075 0.14767240 0.26511187
v 0.29641485 0.19118834 0.49888586
v 0.28947509 0.21787232 -0.38203730
v 0.27011237 0.64046556 -0.20100292
v 0.27951601 -0.19351651 0.05256172
v 0.30462975 -0.12370901 0.69505196
v 0.28153995 0.14725333 0.25397661
v 0.28153995 0.14766082 0.25154275
v 0.27817601 0.14766082 0.25791422
v 0.28153995 0.14697395 0.25791422
v 0.27907619 0.14766082 0.26972708
v 0.28129099 0.14766340 0.27382784
v 0.28076533 -0.57030543 0.34493928
v 0.27890444 -0.46738353 0.15816971
v 0.30452658 -0.44141953 0.66952146
v 0.28562638 -0.29098127 0.73429227
v 0.29397786 -0.03550411 0.65425131
v 0.28758660 0.01820782 -0.17589815
v 0.27375768 0.00128024 -0.19662679
v 0.21651980 -0.04022904 -0.08282776
v 0.31483301 0.06551710 -0.19012163
v 0.29757810 0.08009364 -0.28926308
v 0.28251836 0.14766082 0.25003898
v 0.28506641 0.14757253 0.27640798
v 0.26472753 0.19990592 0.45787571
v 0.29152351 0.49009656 -0.33870803
v 0.32095324 -0.55928098 0.35392828
v 0.20896550 -0.54304253 0.42927302
v 0.27653887 -0.14112709 0.74686342
v 0.31401159 -0.04139007 0.75172353
v 0.27407375 0.09082492 0.65716355
v 0.29988456 0.09780725 0.64695233
v 0.26942065 0.15257216 0.22833843
v 0.29270624 0.14736259 0.52233825
v 0.28786848 0.14619197 0.25002852
v 0.29355117 0.14770338 0.27799644
v 0.33256578 0.22146307 0.12481603
v 0.32044337 -0.51903990 0.25835808
v 0.27973485 -0.49907508 0.53395225
v 0.28611144 -0.36113367 0.07728067
v 0.27724812 -0.04063644 0.09640472
v 0.26708180 -0.03199317 0.74516574
v 0.28441163 0.27708755 -0.38885533
v 0.29496417 0.36793831 -0.37365997
v 0.29428873 0.51063529 -0.29942607
v 0.27638066 0.60599705 -0.25638721
v 0.30478103 -0.27586356 0.05569920
v 0.27264542 -0.11910694 0.00232905
v 0.28600683 0.00076321 -0.14453331
v 0.29740513 0.02085782 -0.12364018
v 0.30531883 0.11445489 0.19815443
v 0.29329158 0.12236192 0.60210096
v 0.29731931 0.14273847 0.25001962
v 0.29729044 0.14261970 0.25397661
v 0.29729044 0.14278024 0.25791422
v 0.29729044 0.14600709 0.27366471
v 0.29754611 0.14770006 0.27787354
v 0.28898168 0.18037041 -0.36422068
v 0.34776649 0.16813898 0.45534389
v 0.29052195 0.59897910 0.00725179
v 0.31788679 0.59045366 -0.01627087
v 0.29491797 0.63446441 -0.11116736
v 0.30508406 -0.22524049 0.76765272
v 0.30571414 0.02008714 -0.17604916
v 0.29610566 0.01187947 0.67303292
v 0.30378450 0.04883464 -0.12739274
v 0.30122808 0.14593090 0.27366471
v 0.29296527 -0.50507744 0.21345878
v 0.34210248 -0.46707282 0.57641479
v 0.31032036 -0.14251870 0.76389813
v 0.28518652 -0.00897514 0.69843472
v 0.28427471 0.01165320 -0.11420600
v 0.31416661 0.05887054 -0.17163687
v 0.31322117 0.10855365 -0.31732299
v 0.29131167 0.14695269 0.22831598
v 0.30465630 0.13978557 0.25003898
v 0.30516568 0.13957816 0.25003898
v 0.30117545 0.14160575 0.25790545
v 0.30516568 0.14149098 0.26185185
v 0.30524775 0.14281941 0.26580260
v 0.30520243 0.14430975 0.26982163
v 0.30924081 0.17570341 0.31904420
v 0.34758033 0.15027540 0.51748723
v 0.31393929 -0.53479216 0.27414237
v 0.29440975 -0.35426114 0.69043107
v 0.30777715 -0.17334648 0.06703384
v 0.31440769 -0.12527042 0.07022521
v 0.32103931 -0.05531008 0.09243147
v 0.30787395 -0.00972361 0.74125886
v 0.33447183 0.08977664 -0.20658607
v 0.30503024 0.13975776 0.25258281
v 0.30798277 0.13978557 0.25791422
v 0.30910331 0.13948876 0.25791422
v 0.30910331 0.13978557 0.25887182
v 0.31777405 0.16086223 0.28514015
v 0.32693736 0.15693693 0.30708282
v 0.33083193 0.48274476 -0.22072815
v 0.29579273 -0.55870906 0.40085290
v 0.28940910 -0.44505845 0.71009194
v 0.32386778 -0.33891278 0.07907029
v 0.30521062 -0.11519825 0.71716099
v 0.30780530 0.01843249 0.13304506
v 0.31089948 0.04706980 -0.07081956
v 0.31445816 0.13413743 0.23002555
v 0.31304094 0.13848957 0.25791422
v 0.31304094 0.13978557 0.26148066
v 0.31474598 0.46519237 -0.28781594
v 0.32935415 -0.51913714 0.24424869
v 0.31561166 -0.40062747 0.10993475
v 0.30568401 -0.20766596 0.06177108
v 0.32864206 0.04923254 -0.07994467
v 0.32786069 0.04757293 -0.15207955
v 0.31622861 0.11550942 -0.28425375
v 0.32870664 0.11628279 0.63190180
v 0.31819471 0.14904294 -0.32031907
v 0.31064122 0.18578822 0.48689782
v 0.35781717 0.18278331 0.43483556
v 0.29561244 0.42282144 -0.35212297
v 0.32859831 -0.54693576 0.42772490
v 0.32718159 -0.53372930 0.46022284
v 0.33961502 -0.48567504 0.20265497
v 0.34665653 -0.45961410 0.15858915
v 0.32180981 -0.39218024 0.66759290
v 0.34106196 -0.29109586 0.71982774
v 0.33231145 -0.16968146 0.76648884
v 0.31742761 0.14760956 0.24465304
v 0.31624752 0.15637341 -0.34348660
v 0.29966422 0.24442112 -0.36104628
v 0.31813906 0.53524543 0.07607172
v 0.30038609 -0.42413270 0.60598020
v 0.32937443 -0.30476185 0.07338061
v 0.32405947 -0.14450979 0.76486468
v 0.34292675 0.15869347 0.49689744
v 0.34201673 0.17941103 0.47801552
v 0.33198348 0.33154220 -0.32060021
v 0.34248281 0.42049691 0.14262039
v 0.35239310 -0.47686777 0.55199204
v 0.28829439 -0.41521826 0.11563755
v 0.32396786 0.02770340 -0.09193195
v 0.33873087 0.08342660 -0.14538441
v 0.33414454 -0.52046701 0.49646241
v 0.31328295 -0.30341535 0.73625062
v 0.34400947 0.05242180 -0.09506767
v 0.33268388 0.09317349 0.00035538
v 0.31512968 0.08719139 -0.25300917
v 0.30074662 0.15121123 0.56976023
v 0.32995502 -0.38448671 0.63776906
v 0.33724090 -0.23394259 0.74820156
v 0.32219561 -0.01132802 0.12097276
v 0.33248909 0.06276213 0.16141210
v 0.33271061 0.09556787 0.66865408
v 0.32092743 0.11699917 0.22363462
v 0.35799928 -0.42537783 0.14588575
v 0.34204169 0.11908437 -0.25633445
v 0.35132659 0.12155003 -0.18288938
v 0.35217048 0.47797505 0.10687060
v 0.34625965 0.50618985 0.07587824
v 0.37010446 -0.54235727 0.41352749
v 0.37043155 -0.50905734 0.51955223
v 0.33496392 -0.34232077 0.69996542
v 0.34196509 -0.21584466 0.05757926
v 0.34548190 -0.00059283 0.73379873
v 0.34024765 0.03397750 0.14081001
v 0.34607302 0.05070301 -0.06844084
v 0.36369338 0.37713200 -0.22410419
v 0.34206051 -0.12058027 0.07520784
v 0.32732612 -0.09828721 0.07806207
v 0.35205998 0.11346695 -0.08461818
v 0.31810514 0.08767017 0.17927035
v 0.35933754 0.18325162 -0.26925053
v 0.35113700 -0.54466190 0.35827319
v 0.35883860 -0.34184190 0.09184818
v 0.34987524 -0.25256873 0.07051785
v 0.34451652 0.03776188 0.70441490
v 0.35209704 0.10334416 -0.06225522
v 0.34810398 0.10273290 -0.14214877
v 0.36782338 0.08838610 0.62920982
v 0.36247726 0.11765774 0.58173003
v 0.34350979 0.14222673 -0.23300355
v 0.30631374 0.20011445 0.41327009
v 0.35046218 0.48288126 0.00670744
v 0.36245875 -0.53797826 0.33185732
v 0.37241533 -0.39798974 0.12030773
v 0.32167874 -0.38405797 0.09061440
v 0.37221187 0.02283334 0.15067137
v 0.34138625 0.04003518 0.67415658
v 0.34125826 -0.35527735 0.66394850
v 0.35887892 -0.31519887 0.07505865
v 0.32536395 -0.17932673 0.05703062
v 0.36779713 -0.08231385 0.08678984
v 0.33097768 0.18730817 0.37279643
v 0.34786735 0.23451734 -0.28843673
v 0.35019172 0.06998502 -0.16983290
v 0.38253204 0.14509994 0.32291140
v 0.35364238 0.44957852 -0.12347969
v 0.35658594 0.47392044 0.05057545
v 0.41361237 -0.41174020 0.15708772
v 0.36616781 -0.41788339 0.61658182
v 0.38598096 -0.36188175 0.11316211
v 0.36463517 -0.12157785 0.75819285
v 0.36648648 0.07584466 -0.05286193
v 0.35689354 0.11769985 -0.03415093
v 0.33455556 0.13669113 0.54448591
v 0.35214333 0.16387838 0.07326411
v 0.36346890 0.46014599 -0.00439014
v 0.38324828 -0.02548413 0.73036743
v 0.36174657 0.08310440 -0.13388351
v 0.38728431 0.11815307 -0.02889534
v 0.37126446 0.15619380 0.03494717
v 0.36802266 0.15135377 -0.09353087
v 0.37835734 0.17922638 -0.04803200
v 0.40518468 0.50724108 0.02141879
v 0.37892980 -0.45883750 0.18701133
v 0.36488692 -0.14066958 0.07853203
v 0.34499470 -0.09774035 0.72129687
v 0.36882805 0.04764560 0.67101703
v 0.39543440 0.10670962 -0.05281377
v 0.38029834 0.15750438 0.40842895
v 0.36662854 0.21199512 -0.26117299
v 0.39305808 0.29516413 0.11588998
v 0.34945077 -0.55139270 0.38632830
v 0.41278061 -0.48331749 0.23243738
v 0.39657663 -0.36373970 0.64429699
v 0.35164342 -0.10856223 0.75120937
v 0.37155581 0.11128768 0.21759482
v 0.36650247 0.12860499 -0.10490649
v 0.39446081 0.14246890 0.24317493
v 0.37513695 0.13686259 0.26143198
v 0.38993294 0.18935931 0.00485929
v 0.35079683 0.19356974 0.39227400
v 0.38143569 0.34273316 0.13030566
v 0.37380968 0.43003668 0.11696804
v 0.36329043 0.44644968 0.01723596
v 0.36933821 -0.52095134 0.47270743
v 0.45125559 -0.44458484 0.21983670
v 0.42154803 -0.35326356 0.65773127
v 0.37122256 -0.27136027 0.73341539
v 0.39994622 -0.16542387 0.73594298
v 0.35496251 -0.01750382 0.11278298
v 0.37939283 0.02546810 0.71004669
v 0.36431404 0.12993722 -0.03995400
v 0.35776507 0.14730207 0.28565465
v 0.38220956 0.14903373 -0.07089927
v 0.37505149 0.29827463 -0.23082735
v 0.37782171 0.35175963 -0.19444923
v 0.38785652 0.37152377 0.02756921
v 0.38651374 0.37516645 0.06162657
v 0.37954917 0.40249766 -0.05202144
v 0.38134678 0.40036969 0.05081579
v 0.37396639 0.41036047 -0.05200694
v 0.39960347 0.46892194 0.01700072
v 0.41523271 0.48810594 0.03858643
v 0.41718972 -0.52433511 0.33642833
v 0.38309669 -0.51541977 0.27775964
v 0.38792284 -0.20304890 0.72932392
v 0.38453261 0.20356188 -0.11253432
v 0.37293004 0.24987177 -0.25891407
v 0.39814390 0.31599044 -0.09036159
v 0.37604430 0.40584717 -0.07375194
v 0.36451820 -0.50025917 0.24285032
v 0.41037104 -0.07270945 0.70500027
v 0.39783507 -0.08279442 0.09982869
v 0.36764030 -0.05218785 0.11147876
v 0.38946414 -0.00999683 0.13112165
v 0.40513106 0.13501942 0.48086983
v 0.39125737 0.15727731 -0.08663790
v 0.39613825 0.36510571 -0.01649670
v 0.38516618 0.38821014 -0.04281315
v 0.39299361 -0.28163500 0.70534480
v 0.39755201 -0.08782799 0.71109147
v 0.38850492 0.12253900 -0.00522101
v 0.38914892 0.12806388 -0.09405664
v 0.39059895 0.13398051 -0.03284374
v 0.41518227 0.14599238 0.43699870
v 0.41545341 0.19522687 -0.02558255
v 0.40076925 0.24944909 -0.03966037
v 0.39470321 0.25364515 -0.10972290
v 0.38785848 0.36433459 -0.09712790
v 0.39372810 0.36178999 0.10481304
v 0.40949051 -0.47667285 0.54630896
v 0.35626884 -0.37309080 0.66092831
v 0.40252548 -0.31480559 0.67739971
v 0.40125226 -0.27759029 0.09184811
v 0.38437396 0.07700474 0.65396702
v 0.39010105 0.06398080 0.18421968
v 0.42000711 0.07781011 0.58949372
v 0.39884413 0.11257158 -0.01990698
v 0.39791417 0.17916179 -0.00984405
v 0.39966860 0.17916179 -0.01132709
v 0.39796105 0.17916179 -0.00590643
v 0.39966860 0.17916179 -0.00441727
v 0.39282744 0.19530765 -0.00932590
v 0.39289617 0.22003171 -0.03878526
v 0.40078865 0.35508873 -0.05967838
v 0.40790603 0.36666987 0.03213489
v 0.42665443 0.41830604 -0.04299644
v 0.40510810 0.42638658 -0.05026807
v 0.40705696 -0.13957944 0.08761685
v 0.34585935 -0.05312772 0.74581362
v 0.41542166 0.04201624 0.16386065
v 0.40784213 0.10508938 0.55961973
v 0.38839658 0.11530712 0.54011427
v 0.41050582 0.12564101 -0.05940689
v 0.42041140 0.13778747 0.00474608
v 0.41765454 0.12023052 0.50119314
v 0.39980769 0.15396204 -0.03821945
v 0.40360624 0.17916179 -0.01226403
v 0.40360624 0.17916179 -0.00313863
v 0.39811390 0.20259129 -0.00843869
v 0.40114082 0.29915551 -0.08162627
v 0.39946555 0.34452685 -0.05401604
v 0.40523747 0.31411161 0.00282774
v 0.40343575 0.33351139 0.06838166
v 0.39741319 0.35218963 -0.02208429
v 0.39065561 0.38409831 -0.02578396
v 0.39485718 -0.53005306 0.40638500
v 0.43868576 -0.48821641 0.28853725
v 0.38705312 -0.24623621 0.07784066
v 0.38852090 0.13813259 0.29647841
v 0.39990391 0.15780084 -0.04321458
v 0.40791159 0.17914976 -0.01038799
v 0.40754387 0.17896076 -0.00590643
v 0.40980445 0.24963139 0.03773163
v 0.40870951 0.30481983 0.03179296
v 0.40652578 0.31173489 -0.04161001
v 0.39688528 0.35574386 0.06077941
v 0.41830082 0.31818079 -0.06193069
v 0.39991400 0.34972713 0.01827687
v 0.41280638 0.36924633 0.05979600
v 0.36982104 -0.47686339 0.19602942
v 0.43030293 -0.35590075 0.12412231
v 0.42513624 -0.31905624 0.11289373
v 0.40059866 0.13038287 -0.05046138
v 0.40584891 0.17874896 -0.04793050
v 0.40618082 0.18835359 -0.00029817
v 0.41339593 0.21843207 -0.03043267
v 0.40468050 0.24179413 0.07773778
v 0.40331460 0.27117730 -0.05506284
v 0.40837552 0.30838190 -0.06355177
v 0.41045333 0.39117109 -0.05035003
v 0.44148206 -0.51295003 0.36407134
v 0.40013797 -0.52800263 0.43957080
v 0.41645305 -0.48526993 0.51549832
v 0.40690391 -0.40528730 0.62590616
v 0.41533282 -0.30149011 0.70110977
v 0.39983867 -0.18922003 0.08900075
v 0.43540590 -0.09815355 0.71779690
v 0.42789208 0.06285349 0.62051988
v 0.39602546 0.09755791 0.20523627
v 0.42879655 0.14340262 -0.06056141
v 0.40476239 0.34049474 -0.08131894
v 0.41761591 0.38651496 0.05867955
v 0.41635745 0.39790404 -0.07556474
v 0.39021061 0.38810375 0.03309074
v 0.45318338 -0.48372241 0.27538189
v 0.42610575 -0.42373417 0.18752241
v 0.44963385 0.09604804 0.21654698
v 0.40448638 0.12768714 -0.09508546
v 0.41287099 0.20846602 -0.00730990
v 0.40808674 0.28410103 -0.02320599
v 0.38530928 -0.53050009 0.45684728
v 0.45163424 -0.49493297 0.32718323
v 0.42804437 -0.20170088 0.72521359
v 0.41088383 0.00246470 0.68605123
v 0.43778461 0.03014595 0.64575597
v 0.38508591 0.09596950 -0.10394152
v 0.42294977 0.13183457 -0.03774948
v 0.43525217 0.13157725 0.39130244
v 0.43998665 0.21085162 0.04541882
v 0.42326905 0.30704114 -0.02534346
v 0.43007022 0.34731244 -0.04688751
v 0.43282517 0.39394899 -0.02065077
v 0.40707709 -0.38572223 0.13832479
v 0.44486854 -0.22470123 0.69817794
v 0.44368686 -0.15112024 0.70851558
v 0.43573293 0.23226497 0.00455843
v 0.41035844 0.21901775 0.00791574
v 0.46879361 -0.24389587 0.68218828
v 0.43066796 -0.09795785 0.11936447
v 0.43340019 -0.02265659 0.14292798
v 0.42952358 0.12706658 0.00504534
v 0.45560922 0.12998862 0.30926313
v 0.40947472 0.13718132 -0.01146745
v 0.45696641 0.12674336 0.41390985
v 0.43570998 0.35030044 0.04941270
v 0.43050687 0.37842103 0.03877290
v 0.43304389 0.46514568 0.02383256
v 0.42842843 -0.52765715 0.37647049
v 0.41888176 -0.43577014 0.58778913
v 0.44608636 -0.25077358 0.10406333
v 0.44096368 0.10723951 0.24438013
v 0.41871895 0.12903303 0.27356241
v 0.45018624 0.10293343 0.46382473
v 0.43364824 0.14002034 -0.04763639
v 0.43225835 0.13567584 -0.00669669
v 0.43287128 0.16952778 -0.06793736
v 0.42848508 0.22754280 -0.01158310
v 0.42540143 0.46476234 -0.00702829
v 0.42046132 0.49596232 -0.00315399
v 0.43293334 0.15193562 -0.04150146
v 0.43619515 0.17638134 -0.01750875
v 0.44829299 0.31387772 -0.04352327
v 0.42294046 0.31281678 -0.05707492
v 0.43366713 0.38872025 -0.07364995
v 0.48637363 -0.47645477 0.43792263
v 0.44347348 -0.21196678 0.10725275
v 0.47300182 0.03096642 0.56451496
v 0.42687948 0.14121538 0.28387437
v 0.45513990 0.18417184 -0.04321489
v 0.44191809 0.18608426 -0.03354814
v 0.44714198 0.22743486 0.04155709
v 0.41688474 0.33166421 0.03117062
v 0.45594383 0.39130313 -0.01304179
v 0.44033644 0.49697790 0.00618467
v 0.44378376 -0.45848408 0.54878652
v 0.42947442 -0.20001384 0.08967574
v 0.44824073 -0.00144987 0.64424646
v 0.43454119 0.12870484 -0.06723955
v 0.43499591 0.14149779 -0.05461992
v 0.44463230 0.13990713 -0.03953962
v 0.44865130 0.21066973 -0.02566926
v 0.44320447 0.28806177 0.00845881
v 0.45511393 0.33791903 -0.05421033
v 0.43856167 0.32065398 -0.07928446
v 0.43705778 0.16003498 -0.00772542
v 0.44694467 0.20632528 -0.03488874
v 0.46507372 -0.35047368 0.14606728
v 0.46966840 0.03667902 0.58284402
v 0.45582715 0.03583034 0.61328166
v 0.42774085 0.14825766 0.37535953
v 0.45547056 0.15101026 -0.03117723
v 0.45881597 0.15870171 0.02712635
v 0.45492684 0.17907103 -0.02568677
v 0.45864793 0.18693842 0.00743590
v 0.44927016 0.17909590 0.00906949
v 0.42927991 0.18232975 0.01537657
v 0.46655628 0.19270772 0.03091912
v 0.46624079 0.22932916 -0.00318780
v 0.45260730 0.27697884 0.06050475
v 0.45922284 -0.28844525 0.11990111
v 0.44626652 -0.28308945 0.67427114
v 0.46809194 -0.16176450 0.70450207
v 0.44519116 0.01157922 0.17277702
v 0.46065352 0.18075715 -0.01792658
v 0.45630211 0.17916179 0.01771930
v 0.45873293 0.17916179 0.01552914
v 0.46410895 0.20089121 -0.03700440
v 0.49718749 -0.43520660 0.23801017
v 0.47460469 -0.34116925 0.63217355
v 0.46220852 -0.31010544 0.64085183
v 0.48412193 -0.25023483 0.66412448
v 0.46817138 -0.18021594 0.12212937
v 0.48288047 0.04607000 0.54312866
v 0.45519887 0.11700036 -0.03167267
v 0.46833737 0.14066838 -0.03374922
v 0.45704233 0.17766996 -0.03302502
v 0.46267056 0.17916179 0.01468894
v 0.46267056 0.17866310 0.01771930
v 0.46267056 0.17830151 0.02165692
v 0.46018915 0.17915085 0.02563207
v 0.46267056 0.17871334 0.02953216
v 0.45814591 0.26220290 0.02698061
v 0.45541611 0.29896219 -0.00011440
v 0.45874648 0.31185123 0.03085470
v 0.48022675 -0.50083653 0.40123601
v 0.46184404 -0.49466122 0.30729748
v 0.47203711 -0.44237994 0.54135484
v 0.47512018 -0.39695382 0.57213618
v 0.46957251 -0.08814821 0.13684337
v 0.44179049 -0.03543317 0.69904038
v 0.46660820 0.17817883 0.02165692
v 0.46785540 0.25036908 0.05750782
v 0.47674723 0.25145809 0.00585239
v 0.46954535 0.26857343 0.01811140
v 0.46503579 0.27004217 0.02246594
v 0.46118194 0.43999643 -0.03889129
v 0.46443439 0.45643739 0.00024228
v 0.45274747 -0.32676452 0.66318429
v 0.49571984 -0.27283619 0.14486437
v 0.47318770 -0.21061105 0.67537740
v 0.46901939 0.06709803 0.49480929
v 0.49135771 0.07124424 0.25669265
v 0.47014075 0.17920621 0.00958471
v 0.47054580 0.17815167 0.02559454
v 0.46920314 0.17776097 0.02953019
v 0.48480868 0.19737151 0.00695125
v 0.46516134 0.21261789 0.04549273
v 0.47356724 -0.37952207 0.61096648
v 0.47054051 0.10749956 0.29115306
v 0.44306739 0.12992356 0.35340615
v 0.51619197 -0.40665629 0.53956856
v 0.47728533 -0.02025602 0.64970548
v 0.46839927 0.02984551 0.20289702
v 0.44664846 0.06969883 0.20041033
v 0.50706621 0.07754984 0.28837433
v 0.47464622 0.17783263 -0.01160226
v 0.47842106 0.17845534 0.00590643
v 0.47842106 0.17874265 0.00984405
v 0.46984839 0.25464409 0.03777351
v 0.48294451 0.27686821 0.06702201
v 0.45346247 -0.49557999 0.47686808
v 0.45427556 -0.49122693 0.46168439
v 0.47766851 -0.18900388 0.69226567
v 0.50511664 -0.14126368 0.14981861
v 0.47841429 0.00738203 0.61659154
v 0.48291170 0.04525401 0.51767564
v 0.46551413 0.09940820 0.33805072
v 0.48640132 0.17792510 0.00590327
v 0.48235866 0.17875491 0.01378168
v 0.47529477 0.20061625 0.03040433
v 0.48166966 0.19354825 0.03808252
v 0.48122010 0.22402822 -0.02041344
v 0.46276491 -0.50003583 0.37496247
v 0.45105772 -0.13086631 0.11232499
v 0.50627606 -0.11117664 0.67518292
v 0.48615820 0.17883121 -0.00196547
v 0.48629630 0.17818747 0.00196881
v 0.48629630 0.17829059 0.01378168
v 0.48629630 0.17878903 0.01771930
v 0.48102027 0.18086481 -0.03942137
v 0.47001529 -0.46218154 0.26554845
v 0.49829824 -0.27213370 0.64477502
v 0.42727792 -0.12749666 0.73091141
v 0.50896998 -0.01407655 0.57123952
v 0.47284408 0.09284127 0.26632888
v 0.49023393 0.17909233 0.02165692
v 0.48369938 0.18386220 0.02821487
v 0.47867481 0.18698859 -0.02162673
v 0.50500885 0.24061776 0.04808822
v 0.48926728 0.26045602 0.08904698
v 0.49622345 0.28365629 0.01614297
v 0.52131481 -0.46300337 0.35473571
v 0.49271428 -0.44443618 0.51403259
v 0.52068240 0.03981889 0.44135808
v 0.49417119 0.17916168 -0.00030751
v 0.49233949 0.17916179 0.02165692
v 0.49417153 0.17916179 0.02138318
v 0.49416631 0.18351005 0.00188837
v 0.49417153 0.18703704 0.00438320
v 0.50293978 0.21126583 0.05971840
v 0.50322653 0.21625983 -0.01182777
v 0.50057402 0.21033226 0.00535087
v 0.49589231 0.22039312 0.03192712
v 0.48349537 0.26269465 0.03323065
v 0.49192594 0.27521693 0.05546320
v 0.50002076 0.27988684 0.06076788
v 0.49324886 0.28477398 0.09489497
v 0.48290605 -0.41721408 0.55607459
v 0.50641270 -0.20604376 0.15580254
v 0.49167003 -0.21490528 0.13459193
v 0.50729384 -0.21903911 0.66533520
v 0.51411877 -0.07356071 0.17561064
v 0.49810916 0.18703704 0.00566394
v 0.49540718 0.22153723 0.08354976
v 0.48548534 0.25235541 0.02344183
v 0.50235457 -0.31619789 0.16223311
v 0.47440383 -0.08758708 0.66851611
v 0.50980671 0.04204981 0.23245579
v 0.46719584 0.07197175 0.50724070
v 0.50194695 0.17916028 0.00590571
v 0.50130403 0.17916179 0.01378168
v 0.49817782 0.17916051 0.01832016
v 0.50214973 0.18329492 0.00590623
v 0.49928760 0.18930160 0.02128987
v 0.50688191 0.27581218 0.04436248
v 0.49468197 0.28376303 0.07664704
v 0.51018900 -0.32402462 0.60426409
v 0.50408017 -0.29976991 0.62807314
v 0.50186779 -0.08974322 0.16530571
v 0.50253238 0.17915965 0.00994412
v 0.50000621 0.26895008 0.06908739
v 0.51183283 0.29355653 0.04458123
v 0.51561441 -0.45294242 0.33828964
v 0.51132180 -0.45181105 0.29397497
v 0.52872907 -0.35447166 0.54818303
v 0.47538490 -0.38902386 0.18543113
v 0.51788677 -0.25510612 0.15907639
v 0.51999111 -0.17011817 0.66463791
v 0.51799625 -0.14508520 0.65797910
v 0.51708680 0.27524034 0.08486023
v 0.53118708 -0.25577226 0.62660334
v 0.52825322 -0.21424825 0.63140878
v 0.48973268 -0.00099236 0.18568197
v 0.51221763 0.23722218 0.07181280
v 0.50597294 0.27349983 0.05893016
v 0.51689556 0.27593145 0.10235102
v 0.53528486 -0.19142297 0.16997956
v 0.52377995 -0.13097957 0.17757474
v 0.50810809 -0.05965558 0.64735128
v 0.55161741 -0.02165573 0.47900119
v 0.49920605 0.08472535 0.35108786
v 0.51826888 0.21073384 0.01196830
v 0.51507735 0.23778140 -0.01077108
v 0.52843682 0.26461021 0.05759914
v 0.51246227 0.29230006 0.09364505
v 0.50912519 0.31245606 0.07300621
v 0.52889733 0.32746913 0.07692826
v 0.52844565 -0.38544515 0.23411843
v 0.53518133 -0.36199908 0.21838315
v 0.49437334 -0.39452328 0.19755180
v 0.49928354 -0.03056398 0.61061081
v 0.53138567 0.24011154 0.05991481
v 0.51515620 0.23143645 0.01770155
v 0.53349267 -0.18729354 0.62558165
v 0.52355528 0.19158034 0.02322735
v 0.53800688 0.26677832 0.10595221
v 0.53855510 -0.42608645 0.34851879
v 0.52336555 -0.43937320 0.49578262
v 0.54294845 -0.08911427 0.60333164
v 0.53204862 -0.05761681 0.20657770
v 0.51552127 0.22498767 0.05021526
v 0.52287975 0.22419465 0.08304829
v 0.50764564 0.24505012 0.10905353
v 0.52763286 0.29262079 0.02501391
v 0.52246405 0.32022124 0.09096735
v 0.55529459 -0.35352262 0.50210250
v 0.54293972 -0.32030083 0.21637439
v 0.55941911 -0.12671509 0.20308491
v 0.52504062 0.03090963 0.46442453
v 0.54615897 -0.44217284 0.41933336
v 0.52688208 -0.41765989 0.47452048
v 0.53987249 -0.32359122 0.19708240
v 0.51598742 0.03912726 0.28110464
v 0.49152418 0.09615659 0.37927696
v 0.53746311 0.24967764 0.00791430
v 0.52643169 0.25697708 0.04826155
v 0.54203247 0.26330962 0.12532510
v 0.53649297 0.30463071 0.09459005
v 0.52655912 -0.32793058 0.56829434
v 0.53047309 -0.01649530 0.54264901
v 0.52503336 0.04767844 0.33778323
v 0.53620721 0.25949728 0.08316630
v 0.54107728 0.29491800 0.06164311
v 0.54089952 0.31495755 0.08085343
v 0.53697488 -0.43516202 0.39665086
v 0.52096865 -0.44434610 0.31781365
v 0.54337136 -0.24846821 0.59734678
v 0.55893197 -0.14414162 0.60623667
v 0.54193267 -0.02636186 0.22074855
v 0.55683700 0.28273427 0.09420279
v 0.54625043 -0.40524771 0.28554737
v 0.57808774 -0.31815072 0.25083385
v 0.54545318 -0.27601206 0.58599570
v 0.52739517 -0.04245605 0.58605020
v 0.54098761 0.03526021 0.31139908
v 0.53059980 0.04427746 0.37426001
v 0.55181074 0.01745705 0.41210445
v 0.54497588 0.24828137 0.03436363
v 0.55258331 0.29004404 0.01763828
v 0.53289253 0.32396347 0.07024976
v 0.53629094 -0.43783041 0.44058330
v 0.55029307 -0.26719007 0.56879205
v 0.55412253 -0.24298067 0.19581950
v 0.54650089 0.23146158 0.04935914
v 0.54336492 0.25523903 0.04980013
v 0.53828924 0.28566252 0.12746306
v 0.56016670 -0.29188188 0.22913958
v 0.55232475 0.23820152 0.02900851
v 0.55241985 0.27112503 0.02099358
v 0.55411619 0.34377745 0.08288501
v 0.55751858 0.35198538 0.05934276
v 0.56169396 -0.37020337 0.27925488
v 0.55659472 -0.29593147 0.52938600
v 0.56588154 -0.04438689 0.25764709
v 0.54922170 0.01267681 0.26886367
v 0.55523191 0.00876285 0.38239805
v 0.58135747 -0.02601142 0.40473890
v 0.57035001 0.26133562 0.05654696
v 0.55179328 0.32197099 0.05003335
v 0.59078575 -0.28114961 0.49446952
v 0.57317324 -0.26541215 0.55141667
v 0.56910881 -0.18304360 0.59539618
v 0.55675518 -0.05273440 0.51914089
v 0.58553412 -0.05447917 0.43237856
v 0.56059525 0.28571374 0.03819617
v 0.55438267 0.27303385 0.12546705
v 0.56748779 0.29585417 0.02876875
v 0.55451089 0.30682084 0.13698675
v 0.55531137 0.37699711 -0.01842561
v 0.56080746 0.38201248 0.02607993
v 0.56815804 -0.40048300 0.37967170
v 0.57111445 -0.08960384 0.55160124
v 0.56640490 -0.11240728 0.22967296
v 0.54986109 -0.02002787 0.49765943
v 0.56722534 0.32021481 0.02525611
v 0.57093422 -0.37536702 0.30099578
v 0.55617163 -0.41205669 0.32527314
v 0.57321918 -0.31809862 0.51399469
v 0.57430152 -0.22446966 0.56122738
v 0.55629696 0.27906978 0.07711336
v 0.57729495 -0.37364679 0.43045868
v 0.58192403 -0.21414359 0.24487509
v 0.58191731 -0.18271181 0.55676637
v 0.58368382 0.30513842 0.05381113
v 0.58430119 0.36390119 0.07948522
v 0.60022088 0.44788225 -0.08948423
v 0.58710272 -0.10667082 0.25717781
v 0.57798656 -0.04133897 0.27816738
v 0.56499736 0.00146874 0.36338799
v 0.56137762 0.26133278 0.08095614
v 0.57393630 -0.37470828 0.47099798
v 0.57970531 -0.19396531 0.22459172
v 0.57651510 0.40151021 -0.06757956
v 0.58154020 -0.34078920 0.27476208
v 0.59050253 -0.33524459 0.33681976
v 0.59790021 -0.29964155 0.32363646
v 0.57752951 0.28858607 0.05320532
v 0.58576827 0.28850729 0.06291176
v 0.60163608 0.29218415 0.09223196
v 0.58782234 0.37823098 0.03533266
v 0.58443199 -0.37108940 0.35807629
v 0.58415653 -0.26810838 0.25396550
v 0.59291934 -0.11040331 0.28545505
v 0.58891199 0.36010295 -0.04715140
v 0.59776596 -0.21065856 0.52383866
v 0.59289140 -0.07525759 0.31712647
v 0.59871049 -0.12976898 0.50883189
v 0.57598077 -0.03624390 0.45086087
v 0.60741391 0.33931073 0.10665507
v 0.62803491 0.40495234 -0.10389222
v 0.56947024 0.42909023 -0.03749871
v 0.61108344 -0.33108637 0.39057183
v 0.60257787 -0.23066512 0.48623765
v 0.60266727 0.31566083 0.16768867
v 0.58815559 0.32771363 0.00115829
v 0.60513706 0.42928473 -0.03344056
v 0.58141680 -0.33986713 0.45661027
v 0.60338099 -0.28946179 0.30801504
v 0.58875352 -0.28476048 0.27569980
v 0.60507739 -0.20717346 0.27294380
v 0.60078568 -0.07852980 0.39051998
v 0.61648720 0.34143100 0.14758409
v 0.61305683 0.31227699 0.11698666
v 0.60887949 0.38169107 -0.03403191
v 0.61521739 -0.23265893 0.34227229
v 0.61131186 -0.15332202 0.31791474
v 0.59769090 -0.15272787 0.53187239
v 0.59809063 0.35724358 0.03333882
v 0.61568251 -0.28771605 0.36459054
v 0.60742110 0.34468540 0.03399206
v 0.61079942 -0.30595308 0.38276638
v 0.60778120 -0.24914946 0.30117235
v 0.60857936 -0.21805278 0.30841408
v 0.62780414 0.28026631 0.10452152
v 0.62241654 0.37342168 0.09504233
v 0.61662265 -0.29062006 0.42314604
v 0.62116968 -0.24103435 0.37017834
v 0.61903154 -0.15468334 0.38058076
v 0.62308374 -0.18147716 0.46970845
v 0.61711057 -0.17484424 0.45552561
v 0.59721328 0.27745842 0.07370496
v 0.67365680 0.36991540 -0.00264278
v 0.61893911 0.29036938 0.12350328
v 0.61990477 -0.23092116 0.43534864
v 0.61876878 -0.26560552 0.41297502
v 0.61218427 -0.18743621 0.49180966
v 0.62714996 0.31902288 0.16185134
v 0.64702686 0.32778074 0.05439547
v 0.67318718 -0.29297189 0.43233379
v 0.65702585 -0.18670103 0.49912861
v 0.64481287 0.33260231 0.16144200
v 0.63188055 0.40764394 -0.06651574
v 0.66080853 0.35740731 0.12925209
v 0.67133888 0.28776170 0.12975319
v 0.66361936 0.46677551 -0.06961144
v 0.60498097 -0.27025273 0.45515850
v 0.62696518 0.29129419 0.05985256
v 0.66646931 0.29995532 0.21516952
v 0.68923207 0.31870227 0.21151601
v 0.67937722 -0.25558237 0.41694307
v 0.66381861 0.32568410 0.15526984
v 0.69447650 0.44601649 -0.12351424
v 0.67069022 -0.22826450 0.49491089
v 0.70351577 0.38701475 0.02396397
v 0.68895981 0.26307256 0.19578999
v 0.68581440 0.49832846 -0.11371732
v 0.67329180 -0.20080405 0.46655458
v 0.69042455 -0.21688712 0.48107941
v 0.63852356 0.48004907 -0.08113520
v 0.67913995 0.34379478 0.08182270
v 0.67596400 0.43795334 -0.08530799
v 0.69747258 -0.25752713 0.44000355
v 0.67118328 0.47012879 -0.12583325
v 0.73580734 0.45688669 -0.11605177
v 0.67630405 0.30368196 0.14907147
v 0.76027534 0.32777088 0.13696433
v 0.70678693 0.31494845 0.20465265
v 0.73540798 0.46056439 -0.08374695
v 0.70115994 0.50395441 -0.08324262
v 0.72710783 0.28486481 0.25842505
v 0.72842803 0.28611456 0.18120504
v 0.69810205 0.26427303 0.17906615
v 0.79511727 0.26142829 0.24440259
v 0.72354424 0.31293373 0.25078751
v 0.76112958 0.49522235 -0.11406841
v 0.73906850 0.29364547 0.20997819
v 0.75883932 0.52598597 -0.08758284
v 0.75765435 0.32027081 0.24468948
v 0.73923238 0.48795419 -0.06959955
v 0.77429143 0.38070020 0.05494541
v 0.81558939 0.48950639 -0.04269322
v 0.79663978 0.30467509 0.29385746
v 0.76814158 0.25878123 0.25462086
v 0.80436095 0.28913312 0.22728697
v 0.89944500 0.43727393 0.04321039
v 0.82308970 0.27928936 0.28476285
v 0.85492712 0.47317268 -0.02406101
v 0.80961652 0.50925301 -0.03606338
v 0.79541117 0.29639398 0.24095485
v 0.78016222 0.32352567 0.27848407
v 0.82564010 0.39550538 0.09820097
v 0.80510122 0.32737154 0.25946123
v 0.82264774 0.52336981 -0.07345825
v 0.87047055 0.28470453 0.25444991
v 0.83971101 0.34423588 0.28880923
v 0.83745994 0.49597729 -0.08080163
v 0.89839534 0.37780799 0.14963256
v 0.88222442 0.47230939 -0.04146152
v 0.87880354 0.49243970 0.03276861
v 0.86030331 0.52675941 -0.01317270
v 0.87100261 0.31096898 0.28894609
v 0.92295987 0.33040345 0.22380226
v 0.87220496 0.32833318 0.23748716
v 0.91055283 0.48189232 -0.01716581
v 0.85880490 0.35549636 0.25455168
v 0.90124576 0.51593134 -0.00291271
v 0.90377910 0.45667932 0.04541416
v 0.89846977 0.50454030 0.05336883
v 0.90305540 0.35548447 0.27698863
v 0.89589380 0.38177339 0.25618085
v 0.89852067 0.38926198 0.21665099
v 0.91103646 0.51106268 0.05197516
v 0.91140479 0.45651691 0.11270350
v 0.91448653 0.38240808 0.18179834
v 0.92184872 0.42540327 0.11475728
v 0.91081046 0.41958089 0.17835069
v 0.92023491 0.42506800 0.19907393
v 0.91564585 0.46995563 0.11902308
v 0.93535630 0.50021843 0.04811568
v 0.93584195 0.44008651 0.18434455
v 0.92438696 0.34123387 0.25020356
v 0.94601993 0.43770694 0.07069154
v 0.94272611 0.48741358 0.09540326
v 0.93654974 0.39479798 0.23782418
v 0.95563865 0.43384936 0.18011951
v 0.95729726 0.38649815 0.18793539
v 0.96220795 0.45066374 0.10633831
f 1 4 3
f 1 3 5
f 1 5 4
f 7 30 6
f 17 8 2
f 16 13 12
f 41 4 5
f 9 17 2
f 18 15 10
f 15 7 6
f 2 8 16
f 4 24 3
f 12 13 41
f 14 9 2
f 6 10 15
f 3 24 23
f 3 12 5
f 16 25 13
f 12 41 5
f 6 30 28
f 3 23 11
f 16 12 40
f 8 25 16
f 2 21 14
f 11 12 3
f 53 9 14
f 18 26 29
f 2 16 21
f 7 48 30
f 18 57 15
f 53 14 20
f 46 14 21
f 10 26 18
f 17 52 8
f 20 38 19
f 46 20 14
f 33 27 22
f 19 38 37
f 20 51 38
f 10 6 28
f 48 28 30
f 8 52 25
f 12 11 36
f 15 57 7
f 19 53 20
f 46 51 20
f 32 23 35
f 9 53 60
f 47 11 23
f 22 44 33
f 61 23 24
f 21 16 40
f 40 12 36
f 42 34 31
f 37 38 35
f 38 32 35
f 47 23 32
f 79 35 23
f 49 18 29
f 57 18 49
f 13 25 41
f 44 22 54
f 29 26 39
f 61 24 62
f 17 55 52
f 34 67 31
f 32 38 51
f 9 80 17
f 22 45 54
f 23 61 79
f 56 48 7
f 57 56 7
f 42 50 34
f 10 88 26
f 10 28 88
f 11 47 36
f 80 55 17
f 27 45 22
f 32 51 47
f 21 40 36
f 31 67 74
f 35 43 37
f 19 63 53
f 42 31 74
f 65 44 59
f 54 59 44
f 54 70 59
f 46 21 51
f 27 33 76
f 51 36 47
f 60 80 9
f 51 21 36
f 48 89 28
f 58 42 74
f 58 50 42
f 50 64 78
f 33 44 65
f 4 62 24
f 77 56 57
f 37 68 19
f 37 43 68
f 50 78 34
f 4 41 62
f 52 71 25
f 25 71 41
f 50 58 64
f 35 79 43
f 49 95 57
f 19 68 63
f 67 34 75
f 73 53 63
f 53 73 60
f 70 69 59
f 54 91 70
f 71 52 55
f 48 56 82
f 67 75 74
f 34 78 75
f 26 88 39
f 45 216 54
f 66 72 83
f 74 75 78
f 58 111 64
f 76 33 64
f 85 79 61
f 28 89 88
f 130 45 27
f 86 29 39
f 71 62 41
f 111 58 74
f 48 82 94
f 131 71 55
f 96 57 95
f 96 77 57
f 84 83 72
f 74 78 111
f 64 33 78
f 99 130 27
f 89 48 94
f 71 147 62
f 131 147 71
f 72 97 84
f 59 69 112
f 60 102 80
f 55 80 81
f 101 66 83
f 73 63 68
f 65 112 33
f 43 79 85
f 61 62 85
f 29 86 49
f 55 81 131
f 78 118 111
f 64 111 315
f 65 59 112
f 64 315 76
f 76 315 99
f 39 88 93
f 76 99 27
f 66 90 72
f 87 72 90
f 118 78 33
f 86 39 93
f 84 97 108
f 72 87 98
f 80 235 81
f 89 94 103
f 49 106 95
f 90 66 101
f 84 108 122
f 72 98 97
f 73 116 60
f 60 116 102
f 88 89 113
f 45 130 216
f 103 94 100
f 73 68 110
f 111 118 123
f 70 134 69
f 102 235 80
f 113 89 103
f 104 100 94
f 105 81 235
f 104 94 82
f 49 140 106
f 138 92 133
f 84 122 114
f 83 84 114
f 116 73 110
f 43 110 68
f 112 118 33
f 93 88 113
f 85 62 181
f 56 77 82
f 121 133 92
f 115 139 109
f 123 315 111
f 70 91 134
f 100 104 103
f 142 107 125
f 90 101 138
f 92 138 190
f 97 150 108
f 98 122 97
f 98 87 127
f 115 109 127
f 134 112 69
f 85 181 43
f 103 145 113
f 103 104 145
f 81 105 131
f 77 217 82
f 96 119 77
f 117 96 95
f 122 108 202
f 98 114 122
f 43 129 110
f 128 118 112
f 181 62 137
f 216 91 54
f 162 86 93
f 101 190 138
f 83 114 101
f 166 97 122
f 151 123 128
f 118 128 123
f 43 181 129
f 145 124 113
f 49 86 140
f 121 92 155
f 150 97 166
f 87 90 223
f 108 150 149
f 87 243 127
f 128 112 134
f 264 102 116
f 216 135 91
f 130 435 216
f 62 147 137
f 126 120 148
f 203 115 127
f 113 171 93
f 196 145 104
f 163 131 105
f 95 106 117
f 126 251 120
f 132 148 120
f 138 133 161
f 202 166 122
f 144 175 136
f 109 139 167
f 167 139 115
f 102 264 235
f 99 180 130
f 124 145 179
f 170 124 179
f 130 180 435
f 113 124 152
f 113 152 171
f 227 104 82
f 140 228 106
f 77 119 217
f 148 251 126
f 92 190 155
f 161 133 121
f 127 109 256
f 203 167 115
f 145 157 179
f 120 239 132
f 149 175 144
f 98 127 256
f 127 243 203
f 116 110 195
f 170 157 145
f 104 227 206
f 142 125 143
f 138 156 90
f 202 108 149
f 110 168 195
f 123 151 245
f 315 180 99
f 170 145 196
f 158 184 146
f 546 137 147
f 196 104 206
f 82 217 227
f 106 228 218
f 117 106 218
f 121 155 161
f 161 156 138
f 179 157 169
f 152 178 215
f 152 153 178
f 196 124 170
f 152 124 196
f 158 146 154
f 140 86 420
f 117 301 96
f 120 251 239
f 132 251 148
f 107 142 141
f 125 107 143
f 223 243 87
f 332 176 214
f 225 128 134
f 315 123 245
f 177 169 157
f 135 134 91
f 178 153 182
f 152 196 153
f 146 184 154
f 131 163 236
f 165 160 297
f 165 212 160
f 98 222 114
f 90 156 223
f 110 129 257
f 288 264 116
f 176 215 178
f 135 225 134
f 179 204 170
f 154 172 158
f 183 154 184
f 119 96 159
f 132 208 251
f 164 186 209
f 221 107 141
f 326 190 101
f 305 144 136
f 149 173 202
f 150 166 193
f 150 255 149
f 174 136 175
f 149 194 175
f 98 256 243
f 257 168 110
f 308 169 177
f 157 170 204
f 196 206 184
f 147 131 236
f 420 86 162
f 301 159 96
f 164 198 143
f 142 143 141
f 143 186 164
f 210 187 199
f 221 143 107
f 210 189 188
f 210 188 187
f 189 210 164
f 161 155 254
f 224 168 185
f 101 114 326
f 192 202 173
f 144 305 149
f 173 191 192
f 193 192 191
f 192 193 149
f 166 149 193
f 149 166 173
f 191 173 166
f 166 202 191
f 234 116 195
f 341 128 225
f 332 215 176
f 316 181 137
f 178 182 205
f 215 205 152
f 152 182 171
f 158 172 267
f 158 267 184
f 184 206 183
f 183 292 154
f 239 208 132
f 198 164 210
f 220 200 185
f 224 185 200
f 187 188 201
f 189 201 209
f 199 209 201
f 209 199 164
f 187 164 199
f 164 187 189
f 201 189 187
f 189 304 188
f 209 304 189
f 114 222 326
f 193 191 213
f 222 98 223
f 255 150 193
f 98 243 223
f 175 194 174
f 224 195 168
f 256 109 167
f 256 167 203
f 224 234 195
f 341 151 128
f 176 178 226
f 169 308 179
f 225 135 310
f 152 205 182
f 266 196 184
f 280 293 237
f 197 280 237
f 197 300 280
f 198 210 209
f 211 242 165
f 304 201 188
f 304 199 201
f 185 168 240
f 242 212 165
f 212 242 375
f 202 192 213
f 213 191 202
f 234 224 200
f 192 149 305
f 151 362 245
f 157 258 177
f 157 204 258
f 153 196 266
f 184 267 247
f 292 172 154
f 206 227 259
f 159 238 119
f 476 248 207
f 302 220 185
f 143 198 260
f 260 198 186
f 210 199 400
f 209 210 400
f 198 209 186
f 143 221 186
f 234 200 233
f 192 324 213
f 174 305 136
f 156 339 223
f 194 149 255
f 214 176 340
f 176 226 340
f 179 275 290
f 290 204 179
f 266 277 153
f 171 182 266
f 206 259 183
f 117 218 301
f 248 476 270
f 219 207 271
f 248 271 207
f 302 356 220
f 185 240 322
f 229 242 230
f 186 221 260
f 231 221 141
f 190 254 155
f 190 326 254
f 297 160 286
f 212 286 160
f 193 213 255
f 257 240 168
f 214 244 299
f 116 234 288
f 332 333 215
f 246 182 153
f 266 182 246
f 302 185 322
f 251 337 239
f 241 141 260
f 241 285 141
f 285 231 141
f 141 143 260
f 253 296 261
f 304 400 199
f 324 192 305
f 324 255 213
f 222 223 306
f 223 339 306
f 299 332 214
f 308 177 334
f 264 471 235
f 215 265 205
f 246 153 277
f 317 266 246
f 147 236 546
f 184 247 266
f 183 268 292
f 320 197 237
f 197 320 300
f 281 439 219
f 207 249 476
f 239 346 208
f 260 285 250
f 250 285 241
f 241 273 250
f 311 250 273
f 250 311 260
f 231 260 311
f 260 231 241
f 273 241 231
f 231 285 273
f 242 211 230
f 231 272 221
f 400 304 252
f 296 347 261
f 254 298 161
f 430 156 161
f 305 174 194
f 314 262 232
f 243 256 203
f 233 391 234
f 362 151 341
f 129 181 450
f 275 179 308
f 315 378 180
f 317 277 266
f 354 93 171
f 247 353 266
f 162 93 354
f 259 268 183
f 278 172 292
f 237 293 279
f 282 248 270
f 303 220 356
f 248 283 424
f 248 424 271
f 220 303 200
f 366 229 230
f 251 208 346
f 272 260 221
f 252 296 253
f 304 296 252
f 212 375 286
f 325 255 324
f 263 194 255
f 257 129 450
f 276 226 178
f 178 205 276
f 277 205 246
f 565 236 163
f 292 279 278
f 227 217 319
f 319 217 321
f 237 279 320
f 439 281 269
f 295 475 281
f 219 295 281
f 282 283 248
f 219 271 295
f 219 465 207
f 207 465 249
f 233 200 303
f 346 239 284
f 272 285 260
f 231 311 272
f 388 254 326
f 263 274 194
f 262 314 313
f 234 391 288
f 275 308 289
f 177 258 334
f 258 204 327
f 327 204 291
f 204 290 291
f 246 205 317
f 171 266 328
f 266 318 259
f 293 278 279
f 329 356 302
f 335 282 357
f 284 239 337
f 400 338 209
f 297 211 165
f 304 209 338
f 298 254 388
f 222 415 326
f 161 298 430
f 262 313 232
f 287 289 360
f 226 276 290
f 276 291 290
f 205 277 276
f 276 352 291
f 277 352 276
f 352 277 318
f 277 317 318
f 318 266 353
f 259 227 319
f 269 281 294
f 270 357 282
f 286 312 297
f 286 323 312
f 286 375 323
f 331 244 214
f 287 309 289
f 308 307 289
f 309 287 340
f 309 275 289
f 340 226 309
f 290 275 309
f 351 291 352
f 318 317 328
f 328 354 171
f 279 474 320
f 218 395 301
f 159 301 452
f 282 335 283
f 322 386 302
f 285 272 311
f 311 372 285
f 346 337 251
f 374 375 242
f 156 326 339
f 305 194 274
f 307 360 289
f 226 290 309
f 333 265 215
f 265 317 205
f 318 353 352
f 105 394 163
f 259 318 343
f 278 267 172
f 259 319 266
f 474 292 268
f 424 295 271
f 252 253 466
f 252 466 413
f 347 387 253
f 253 261 347
f 388 323 298
f 513 323 375
f 324 305 376
f 326 415 339
f 340 331 214
f 663 225 310
f 181 316 450
f 292 474 279
f 217 119 321
f 281 381 294
f 302 386 329
f 356 382 303
f 464 270 476
f 219 439 465
f 229 374 242
f 311 338 400
f 412 240 257
f 324 376 325
f 323 388 312
f 306 348 222
f 156 430 326
f 263 255 447
f 314 349 313
f 274 263 330
f 350 332 299
f 287 360 340
f 410 265 408
f 265 410 317
f 236 790 546
f 328 343 318
f 328 266 344
f 278 293 460
f 460 293 280
f 460 280 345
f 300 345 280
f 300 320 345
f 159 452 238
f 381 281 453
f 270 398 357
f 366 230 457
f 240 412 322
f 297 467 211
f 323 430 298
f 313 349 402
f 244 331 299
f 307 308 342
f 342 308 334
f 471 264 288
f 291 351 327
f 235 471 105
f 352 353 363
f 328 317 354
f 247 355 353
f 259 343 268
f 548 140 420
f 329 461 356
f 335 357 385
f 283 335 423
f 322 365 386
f 233 303 358
f 233 358 391
f 477 346 284
f 229 366 374
f 211 467 230
f 297 312 442
f 232 313 359
f 274 367 305
f 255 325 447
f 306 339 348
f 377 330 263
f 331 350 299
f 340 360 331
f 350 333 332
f 315 245 528
f 258 407 334
f 363 351 352
f 564 216 435
f 410 354 317
f 354 420 162
f 420 354 436
f 344 266 319
f 475 453 281
f 303 382 364
f 475 295 369
f 454 369 295
f 424 454 295
f 364 358 303
f 441 273 285
f 373 337 346
f 297 442 467
f 388 427 312
f 470 388 326
f 430 323 368
f 359 389 232
f 430 470 326
f 341 225 663
f 315 528 378
f 265 333 408
f 180 517 435
f 548 228 140
f 119 238 321
f 356 461 382
f 270 464 398
f 373 284 337
f 284 373 500
f 253 387 466
f 426 304 338
f 359 387 347
f 376 401 325
f 305 367 376
f 222 348 415
f 389 314 232
f 446 314 389
f 258 327 407
f 351 363 379
f 363 380 379
f 355 363 353
f 436 354 410
f 344 343 328
f 520 268 343
f 267 278 459
f 345 320 547
f 228 395 218
f 381 453 396
f 371 399 336
f 285 372 441
f 493 391 358
f 273 441 373
f 311 400 372
f 273 373 311
f 252 413 400
f 296 304 426
f 323 428 368
f 347 389 359
f 367 274 377
f 313 402 359
f 339 360 393
f 415 360 339
f 415 527 360
f 307 393 360
f 360 527 331
f 331 403 350
f 458 406 330
f 378 517 180
f 216 564 135
f 236 565 720
f 247 267 459
f 395 504 301
f 411 294 381
f 397 385 384
f 385 357 384
f 422 364 382
f 294 411 269
f 424 283 370
f 371 336 531
f 365 322 412
f 457 374 366
f 230 467 512
f 296 426 347
f 414 376 367
f 447 377 263
f 368 417 392
f 392 350 403
f 502 288 391
f 342 431 418
f 408 409 410
f 548 420 654
f 228 602 395
f 504 452 301
f 422 382 383
f 384 422 383
f 398 568 357
f 357 568 384
f 335 385 423
f 283 423 370
f 425 336 399
f 457 230 512
f 493 502 391
f 513 375 374
f 401 376 414
f 445 412 257
f 390 417 368
f 348 339 393
f 330 377 600
f 342 418 393
f 393 307 342
f 446 349 314
f 446 406 349
f 361 449 405
f 445 257 450
f 342 334 404
f 350 451 333
f 433 334 407
f 537 355 247
f 602 228 548
f 383 382 462
f 383 397 384
f 373 501 311
f 387 359 444
f 312 427 442
f 323 513 428
f 403 331 527
f 417 350 392
f 330 406 446
f 431 342 404
f 350 405 451
f 379 434 351
f 327 351 434
f 380 472 379
f 394 565 163
f 537 247 459
f 547 496 345
f 452 592 238
f 382 461 462
f 383 462 397
f 370 454 424
f 358 510 493
f 311 501 338
f 515 387 444
f 414 429 401
f 428 390 368
f 325 377 416
f 414 416 377
f 416 414 367
f 377 325 367
f 416 367 401
f 401 367 325
f 392 430 368
f 392 390 430
f 416 447 325
f 359 402 444
f 348 393 418
f 330 446 274
f 417 448 350
f 405 448 361
f 448 449 361
f 245 362 528
f 350 448 405
f 516 451 405
f 404 334 433
f 408 333 451
f 408 451 561
f 409 408 561
f 135 674 310
f 410 409 485
f 343 344 419
f 268 520 474
f 474 547 320
f 438 437 421
f 397 423 385
f 370 423 506
f 386 365 554
f 425 399 440
f 336 425 492
f 373 441 500
f 388 470 427
f 426 389 347
f 390 428 430
f 414 377 447
f 414 447 429
f 447 416 429
f 401 429 416
f 348 514 468
f 349 406 402
f 431 404 432
f 516 405 449
f 460 345 496
f 461 622 462
f 397 462 463
f 568 422 384
f 464 455 398
f 440 491 425
f 284 509 477
f 346 477 373
f 533 374 457
f 415 468 443
f 348 468 415
f 469 415 443
f 480 430 428
f 392 480 390
f 417 390 480
f 415 495 527
f 448 417 480
f 446 600 274
f 406 458 680
f 449 503 516
f 663 310 652
f 517 519 435
f 562 363 355
f 355 537 562
f 473 278 460
f 321 497 319
f 381 396 411
f 397 463 423
f 488 370 506
f 454 370 488
f 439 269 570
f 336 492 531
f 532 457 456
f 466 387 836
f 415 469 495
f 430 480 470
f 480 392 403
f 348 418 514
f 402 635 444
f 377 274 600
f 431 559 418
f 535 432 404
f 433 407 483
f 407 327 483
f 327 434 483
f 674 135 564
f 363 472 380
f 520 343 419
f 344 319 419
f 522 321 238
f 438 421 523
f 549 396 453
f 461 329 594
f 369 530 475
f 369 454 530
f 440 579 491
f 570 715 439
f 715 465 439
f 441 372 689
f 374 478 513
f 495 469 468
f 469 443 572
f 470 480 403
f 403 527 572
f 402 406 635
f 432 535 482
f 379 472 434
f 546 536 137
f 363 575 472
f 436 410 485
f 473 459 278
f 395 620 504
f 452 504 486
f 452 486 592
f 437 523 421
f 396 549 487
f 453 475 530
f 530 454 488
f 249 632 476
f 372 400 511
f 400 413 511
f 572 481 469
f 468 514 479
f 572 527 481
f 446 389 600
f 432 589 431
f 559 431 589
f 635 406 680
f 341 601 362
f 458 330 560
f 451 516 561
f 316 137 536
f 471 738 105
f 394 105 738
f 238 592 522
f 438 523 505
f 549 453 530
f 594 622 461
f 538 329 386
f 423 463 506
f 489 507 498
f 568 364 422
f 540 364 568
f 498 490 489
f 358 364 510
f 365 412 598
f 509 284 500
f 532 533 457
f 457 512 456
f 494 338 501
f 716 389 426
f 479 534 495
f 479 495 468
f 534 468 469
f 469 481 534
f 559 514 418
f 719 378 528
f 521 473 460
f 521 460 496
f 538 594 329
f 386 554 605
f 579 490 491
f 399 569 440
f 532 456 633
f 501 747 494
f 836 387 515
f 534 481 495
f 544 470 403
f 444 635 515
f 448 651 449
f 449 651 503
f 528 362 636
f 517 378 719
f 288 529 471
f 574 484 483
f 409 561 590
f 564 435 563
f 654 420 436
f 520 639 474
f 521 496 547
f 395 602 620
f 438 505 437
f 626 507 489
f 579 489 490
f 399 556 569
f 525 399 371
f 532 633 629
f 511 689 372
f 588 467 442
f 443 468 534
f 443 534 572
f 470 544 427
f 526 448 480
f 458 560 680
f 503 788 516
f 502 529 288
f 516 788 717
f 717 561 516
f 363 562 575
f 419 319 617
f 505 576 437
f 848 411 396
f 605 538 386
f 577 506 463
f 658 626 489
f 507 539 498
f 539 684 498
f 685 579 440
f 598 554 365
f 532 629 499
f 441 689 500
f 557 373 477
f 338 494 669
f 338 669 426
f 428 513 526
f 428 526 480
f 651 448 526
f 483 484 518
f 519 563 435
f 524 624 625
f 506 577 488
f 489 676 658
f 498 684 490
f 684 491 490
f 525 556 399
f 491 556 425
f 541 492 425
f 531 492 612
f 476 632 464
f 986 632 249
f 532 499 533
f 373 557 501
f 481 527 495
f 650 515 635
f 482 589 432
f 788 503 763
f 535 404 433
f 433 483 638
f 483 518 638
f 546 829 536
f 617 520 419
f 459 473 537
f 530 488 549
f 510 364 540
f 525 542 569
f 556 525 425
f 425 525 627
f 569 627 525
f 425 627 542
f 541 425 542
f 525 541 542
f 543 371 531
f 525 492 543
f 541 543 492
f 543 541 371
f 612 371 541
f 371 612 525
f 492 525 612
f 477 509 597
f 715 986 465
f 510 599 493
f 647 509 500
f 499 587 533
f 501 557 678
f 412 445 634
f 572 534 479
f 573 427 544
f 651 526 558
f 330 600 560
f 518 484 574
f 236 720 790
f 474 639 547
f 487 549 642
f 707 396 487
f 524 603 624
f 707 848 396
f 683 594 538
f 729 567 566
f 507 626 550
f 552 551 567
f 552 507 551
f 507 550 551
f 552 539 507
f 676 489 579
f 269 411 659
f 553 606 580
f 606 553 666
f 569 685 440
f 491 627 556
f 555 569 542
f 556 627 569
f 555 627 541
f 542 627 555
f 465 986 249
f 633 456 512
f 689 511 648
f 533 615 374
f 413 466 836
f 403 649 544
f 716 600 389
f 528 636 719
f 652 310 674
f 574 483 434
f 450 316 545
f 520 617 653
f 520 653 639
f 617 319 497
f 618 473 521
f 487 642 707
f 603 437 576
f 624 603 576
f 675 463 462
f 675 577 463
f 578 551 550
f 551 578 566
f 567 551 566
f 552 626 539
f 578 539 626
f 539 578 567
f 550 567 578
f 567 550 552
f 626 552 550
f 729 539 567
f 555 541 525
f 525 543 555
f 508 610 686
f 686 760 508
f 531 612 543
f 510 586 599
f 629 571 499
f 412 634 598
f 500 689 647
f 615 533 587
f 501 678 747
f 478 374 615
f 403 572 649
f 601 636 362
f 433 733 535
f 445 450 616
f 433 638 733
f 574 638 518
f 471 861 738
f 673 434 472
f 738 565 394
f 537 473 754
f 521 547 618
f 641 497 321
f 437 603 523
f 623 488 577
f 848 659 411
f 398 540 568
f 608 553 580
f 581 585 582
f 583 582 585
f 631 585 584
f 581 584 585
f 541 613 612
f 585 571 583
f 585 631 571
f 630 610 508
f 571 631 499
f 509 647 597
f 1138 986 715
f 631 587 499
f 512 467 897
f 669 716 426
f 526 513 558
f 559 660 514
f 450 545 616
f 561 717 735
f 561 735 590
f 591 618 547
f 641 321 522
f 523 603 644
f 523 644 505
f 549 488 642
f 603 524 604
f 625 604 524
f 595 604 625
f 566 578 729
f 626 729 578
f 554 711 605
f 398 455 540
f 491 684 607
f 607 627 491
f 553 608 666
f 596 581 582
f 554 598 832
f 541 627 613
f 631 583 581
f 584 581 583
f 584 582 631
f 583 631 582
f 583 571 584
f 629 584 571
f 557 477 597
f 897 467 588
f 588 442 427
f 513 478 558
f 479 514 660
f 600 700 560
f 601 341 663
f 733 671 535
f 529 861 471
f 434 673 574
f 736 472 575
f 562 737 575
f 562 537 690
f 436 485 654
f 488 623 642
f 625 624 727
f 622 675 462
f 683 538 605
f 580 712 608
f 695 821 596
f 821 581 596
f 832 711 554
f 686 608 760
f 543 611 609
f 543 609 555
f 614 543 612
f 611 543 614
f 609 611 612
f 613 609 612
f 630 508 760
f 688 629 633
f 494 782 669
f 573 544 732
f 427 573 1034
f 515 650 836
f 558 748 651
f 679 502 493
f 482 535 671
f 672 637 662
f 674 564 768
f 618 640 473
f 548 654 602
f 522 592 656
f 593 643 621
f 594 847 622
f 727 595 625
f 609 645 555
f 628 611 645
f 628 645 609
f 628 609 613
f 628 613 614
f 628 614 612
f 628 612 611
f 512 897 633
f 511 413 825
f 649 732 544
f 600 875 700
f 503 651 763
f 660 559 589
f 316 536 545
f 564 994 768
f 409 753 485
f 790 829 546
f 690 706 562
f 754 690 537
f 617 497 814
f 654 655 602
f 618 591 640
f 722 504 620
f 603 726 644
f 726 603 604
f 695 596 830
f 510 714 586
f 540 714 510
f 696 581 821
f 555 820 569
f 686 666 608
f 627 797 613
f 696 582 584
f 646 555 645
f 645 611 687
f 614 687 646
f 645 613 646
f 613 645 614
f 687 614 645
f 611 667 687
f 614 667 611
f 646 667 614
f 581 696 631
f 629 688 584
f 572 479 649
f 573 732 1034
f 750 660 589
f 445 616 901
f 680 749 635
f 735 717 765
f 638 574 703
f 673 751 574
f 754 473 640
f 639 591 547
f 602 619 620
f 504 722 486
f 643 691 621
f 621 657 593
f 644 665 505
f 665 576 505
f 604 692 726
f 692 604 693
f 727 624 576
f 683 847 594
f 577 675 757
f 729 626 758
f 658 676 818
f 744 830 596
f 744 596 582
f 570 949 715
f 555 646 687
f 797 646 613
f 1105 455 464
f 631 677 778
f 478 873 558
f 635 939 650
f 482 671 589
f 637 661 702
f 662 637 787
f 637 702 787
f 575 737 736
f 409 863 753
f 655 619 602
f 592 486 656
f 723 642 657
f 621 691 657
f 623 657 642
f 643 593 657
f 576 709 727
f 758 626 658
f 579 685 676
f 684 676 607
f 580 606 712
f 569 774 685
f 821 695 713
f 569 820 774
f 555 687 820
f 667 646 797
f 730 687 667
f 647 834 597
f 597 896 557
f 697 896 597
f 631 778 587
f 688 633 897
f 494 747 782
f 825 413 836
f 588 427 1034
f 671 661 670
f 952 601 663
f 733 638 701
f 701 638 704
f 638 703 704
f 751 718 703
f 703 574 751
f 736 673 472
f 707 642 664
f 644 681 665
f 623 577 741
f 675 622 724
f 724 708 675
f 595 727 604
f 729 684 539
f 798 686 610
f 697 597 745
f 584 677 696
f 696 677 631
f 610 630 798
f 634 445 901
f 951 651 748
f 763 651 951
f 679 529 502
f 661 637 670
f 662 787 789
f 703 718 734
f 751 673 705
f 814 497 641
f 619 722 620
f 664 642 723
f 691 643 682
f 643 657 682
f 623 741 682
f 682 657 623
f 644 726 947
f 676 684 818
f 597 834 745
f 698 677 668
f 599 679 493
f 810 637 672
f 811 704 703
f 719 860 517
f 883 545 536
f 768 652 674
f 860 519 517
f 564 563 994
f 769 562 706
f 681 755 665
f 726 692 742
f 675 708 757
f 683 756 847
f 685 819 676
f 608 712 760
f 831 586 714
f 744 582 696
f 698 778 677
f 732 783 784
f 732 784 1034
f 873 478 615
f 637 810 670
f 733 661 671
f 672 838 810
f 672 662 838
f 661 733 702
f 705 828 751
f 616 545 883
f 565 738 995
f 562 769 737
f 791 639 653
f 485 813 654
f 655 721 619
f 657 691 723
f 682 741 888
f 725 724 740
f 725 708 724
f 576 665 709
f 770 577 757
f 692 693 727
f 913 710 694
f 729 758 710
f 710 913 729
f 819 607 676
f 711 606 796
f 711 712 606
f 686 775 666
f 1105 1029 455
f 696 821 744
f 687 746 820
f 1155 668 677
f 871 599 586
f 511 824 648
f 669 782 937
f 588 898 897
f 732 649 835
f 716 875 600
f 750 589 671
f 826 680 560
f 601 952 877
f 763 978 788
f 652 767 663
f 703 734 809
f 703 809 811
f 751 704 811
f 751 828 704
f 737 752 736
f 690 1023 706
f 522 656 815
f 846 486 722
f 723 691 888
f 682 888 691
f 739 794 740
f 681 644 816
f 644 947 816
f 757 708 725
f 742 692 709
f 709 692 727
f 912 694 728
f 605 711 773
f 695 830 743
f 540 455 714
f 743 713 695
f 666 775 606
f 687 730 746
f 747 678 762
f 937 782 747
f 511 825 824
f 783 853 784
f 783 732 835
f 669 937 917
f 669 917 716
f 873 808 558
f 874 479 660
f 636 601 877
f 671 670 750
f 901 616 883
f 717 788 765
f 704 828 701
f 812 563 519
f 565 995 720
f 843 1023 690
f 864 653 617
f 655 654 813
f 887 591 639
f 640 591 844
f 641 522 815
f 846 656 486
f 740 794 725
f 693 604 890
f 728 604 727
f 912 728 727
f 709 683 795
f 756 683 709
f 684 772 818
f 819 685 774
f 711 796 773
f 798 775 686
f 697 745 761
f 667 797 776
f 776 730 667
f 798 630 777
f 688 677 584
f 557 896 678
f 716 917 875
f 810 837 670
f 733 701 857
f 952 663 767
f 736 705 673
f 485 753 813
f 754 843 690
f 653 864 791
f 723 945 664
f 1098 755 681
f 888 741 793
f 816 665 755
f 931 740 724
f 770 757 725
f 728 890 604
f 709 795 742
f 694 710 728
f 913 684 729
f 658 759 771
f 759 658 818
f 607 797 627
f 731 806 804
f 804 806 807
f 853 783 807
f 748 558 808
f 660 785 874
f 939 1004 650
f 785 660 750
f 670 1036 750
f 826 560 700
f 680 826 749
f 811 809 701
f 734 841 809
f 809 766 718
f 734 718 766
f 735 765 1188
f 735 907 590
f 519 860 812
f 769 706 958
f 706 1023 958
f 814 864 617
f 721 655 1025
f 888 909 723
f 1098 681 816
f 739 740 889
f 889 740 931
f 817 665 816
f 817 709 665
f 709 817 756
f 1013 726 742
f 847 756 817
f 795 693 742
f 771 758 658
f 819 759 818
f 455 891 714
f 934 775 798
f 761 896 697
f 746 730 801
f 806 781 780
f 780 805 806
f 937 747 762
f 940 763 951
f 733 857 786
f 978 763 940
f 679 764 529
f 839 859 827
f 838 662 858
f 858 662 789
f 787 882 789
f 766 841 734
f 861 529 764
f 652 768 767
f 590 863 409
f 720 842 790
f 1025 655 813
f 846 722 845
f 741 794 793
f 794 741 577
f 816 947 817
f 725 794 770
f 770 794 577
f 1013 947 726
f 742 693 890
f 795 727 693
f 777 630 760
f 831 714 779
f 698 668 851
f 776 801 730
f 801 799 746
f 801 800 799
f 802 803 731
f 803 806 731
f 803 781 806
f 780 804 805
f 802 805 804
f 805 802 781
f 731 781 802
f 781 731 780
f 804 780 731
f 781 803 805
f 779 823 831
f 689 648 852
f 835 807 783
f 599 871 856
f 479 874 699
f 1036 785 750
f 702 733 786
f 839 827 876
f 702 810 787
f 837 810 702
f 978 765 788
f 809 718 1006
f 905 841 766
f 718 905 1006
f 590 907 863
f 736 752 942
f 752 737 769
f 812 994 563
f 814 641 944
f 944 641 815
f 844 591 887
f 619 845 722
f 815 656 960
f 739 792 794
f 622 847 931
f 724 622 931
f 795 912 727
f 605 773 1043
f 606 775 796
f 819 1102 607
f 800 820 746
f 586 831 871
f 822 799 800
f 803 802 870
f 870 802 804
f 803 870 805
f 634 1154 598
f 807 872 804
f 807 806 987
f 823 779 916
f 479 699 649
f 898 588 1034
f 836 650 1071
f 599 856 679
f 875 918 700
f 749 939 635
f 1036 670 837
f 701 809 857
f 827 859 840
f 809 956 766
f 811 701 828
f 766 956 905
f 841 906 884
f 767 768 993
f 705 736 942
f 829 842 862
f 842 829 790
f 640 844 754
f 721 845 619
f 656 846 960
f 739 889 792
f 981 889 931
f 890 1013 742
f 1027 795 683
f 684 913 772
f 819 774 759
f 772 819 818
f 997 796 775
f 821 713 866
f 711 832 1056
f 668 1155 892
f 851 668 892
f 798 777 851
f 949 1138 715
f 746 799 833
f 822 833 801
f 800 801 833
f 800 746 822
f 833 822 746
f 689 852 936
f 689 936 647
f 831 823 871
f 871 823 856
f 632 986 1118
f 699 1200 649
f 808 899 748
f 785 900 874
f 679 950 764
f 827 840 920
f 878 810 838
f 879 838 858
f 789 881 858
f 1006 905 956
f 859 839 928
f 751 811 957
f 705 957 828
f 861 886 738
f 738 886 995
f 961 846 845
f 795 1028 912
f 772 1102 819
f 743 830 849
f 866 744 850
f 849 850 744
f 850 849 713
f 830 713 849
f 713 830 866
f 744 866 830
f 713 743 850
f 821 866 849
f 821 849 744
f 797 607 1102
f 779 714 891
f 983 779 891
f 851 892 798
f 892 867 798
f 851 893 698
f 822 869 799
f 678 1086 762
f 965 688 897
f 916 938 823
f 634 901 1154
f 938 1046 823
f 808 873 855
f 856 950 679
f 837 702 786
f 787 810 878
f 809 1006 857
f 718 751 957
f 718 957 905
f 927 705 942
f 769 929 752
f 843 754 908
f 959 814 944
f 961 845 721
f 723 909 945
f 910 888 793
f 793 794 792
f 1027 683 948
f 605 1043 683
f 865 773 796
f 1055 759 774
f 1056 773 865
f 849 866 743
f 743 866 850
f 867 868 851
f 868 867 892
f 867 851 777
f 868 893 851
f 799 894 833
f 776 822 801
f 805 870 935
f 805 987 806
f 852 648 824
f 807 987 853
f 937 854 917
f 823 1046 856
f 1071 825 836
f 837 921 1036
f 838 922 878
f 882 879 880
f 922 880 879
f 880 922 787
f 838 787 922
f 787 838 882
f 879 882 838
f 787 878 880
f 879 858 924
f 636 1048 719
f 881 789 882
f 809 841 1007
f 859 904 840
f 906 841 1021
f 859 928 1127
f 957 705 927
f 860 885 812
f 764 886 861
f 959 864 814
f 844 908 754
f 887 639 791
f 721 1025 961
f 815 960 944
f 792 889 1232
f 755 963 816
f 1099 981 931
f 817 947 911
f 710 758 771
f 759 1055 771
f 800 1057 820
f 868 914 777
f 914 867 777
f 998 800 833
f 934 893 868
f 777 934 868
f 833 894 998
f 799 869 894
f 895 869 822
f 778 698 893
f 1106 647 936
f 872 835 1001
f 762 835 649
f 1200 762 649
f 967 917 1059
f 875 917 967
f 1036 900 785
f 786 857 837
f 876 941 839
f 880 878 902
f 882 880 902
f 882 902 903
f 928 839 941
f 841 884 1007
f 860 719 1048
f 860 1048 885
f 1127 1094 859
f 1091 536 829
f 1091 829 862
f 769 958 929
f 791 864 1041
f 813 753 1024
f 908 844 887
f 961 1025 979
f 930 664 945
f 909 888 946
f 707 932 848
f 817 911 847
f 694 912 913
f 1043 948 683
f 1029 891 455
f 1057 774 820
f 712 964 760
f 776 797 1137
f 934 798 867
f 868 892 914
f 867 914 934
f 1155 893 914
f 914 893 934
f 894 869 915
f 895 915 776
f 998 776 915
f 776 998 822
f 894 822 998
f 822 894 895
f 915 895 894
f 598 1154 832
f 935 984 805
f 587 778 1312
f 807 835 872
f 855 873 615
f 1089 1034 784
f 1059 699 874
f 951 748 899
f 749 826 919
f 837 969 921
f 969 857 1006
f 924 903 922
f 902 924 923
f 924 902 879
f 878 879 902
f 923 879 878
f 924 954 903
f 903 954 926
f 922 926 954
f 926 922 902
f 903 902 922
f 902 923 926
f 955 925 926
f 924 926 925
f 926 924 882
f 858 882 924
f 882 858 955
f 925 955 858
f 903 926 882
f 767 993 952
f 882 955 881
f 809 1007 956
f 811 828 957
f 1091 883 536
f 993 768 994
f 885 994 812
f 752 1040 942
f 929 1040 752
f 887 791 908
f 944 1191 959
f 963 1098 816
f 793 1065 910
f 980 963 755
f 1079 931 847
f 1013 890 1066
f 1066 890 728
f 771 1134 710
f 1351 659 848
f 796 996 865
f 865 996 982
f 1056 865 982
f 1043 773 1056
f 1136 1102 772
f 269 659 570
f 761 745 1031
f 1081 777 760
f 914 892 1155
f 983 916 779
f 869 895 935
f 869 935 915
f 647 1106 834
f 1001 835 762
f 1046 950 856
f 900 967 874
f 857 969 837
f 879 923 922
f 922 923 924
f 923 955 926
f 925 858 881
f 925 881 954
f 924 925 954
f 881 955 954
f 846 961 960
f 909 1010 945
f 888 910 946
f 911 1079 847
f 795 1027 1028
f 1134 728 710
f 982 997 1056
f 996 1056 997
f 1056 996 933
f 796 933 996
f 933 796 982
f 997 982 796
f 659 1278 570
f 934 1030 775
f 760 964 1081
f 1102 1137 797
f 934 777 1068
f 678 1085 1086
f 987 1119 853
f 587 855 615
f 853 966 784
f 1154 901 1002
f 874 967 1059
f 827 968 876
f 1002 901 883
f 921 989 1036
f 700 1005 826
f 922 953 975
f 878 922 975
f 953 922 954
f 923 953 955
f 993 974 952
f 1007 884 1008
f 905 957 841
f 1021 992 906
f 886 764 1073
f 791 1041 908
f 1098 1097 1011
f 1098 963 1097
f 793 792 1065
f 1066 728 1054
f 834 1031 745
f 1017 984 935
f 678 896 1085
f 1019 805 984
f 1115 688 965
f 824 825 1071
f 940 951 1035
f 826 1005 919
f 952 974 877
f 878 973 970
f 970 971 878
f 970 972 971
f 921 972 970
f 973 878 975
f 954 976 953
f 953 923 975
f 977 975 923
f 975 977 976
f 953 976 977
f 878 977 923
f 955 976 954
f 977 955 953
f 765 978 1111
f 1002 883 1091
f 1008 884 906
f 1021 841 957
f 1094 904 859
f 1188 907 735
f 863 943 753
f 995 842 720
f 958 1009 929
f 943 1024 753
f 1191 944 960
f 1191 960 979
f 961 979 960
f 962 1077 1012
f 1026 792 1232
f 755 1098 980
f 1065 792 1026
f 848 932 1153
f 996 948 982
f 1043 982 948
f 982 1043 933
f 1057 1055 774
f 570 1278 949
f 777 1081 1068
f 1218 1031 834
f 915 1104 998
f 1176 895 776
f 915 935 1104
f 1014 935 870
f 677 688 1115
f 984 985 1019
f 936 852 1223
f 632 1118 464
f 1222 855 587
f 854 1090 917
f 966 1089 784
f 988 899 808
f 1004 1071 650
f 920 968 827
f 1110 950 1003
f 764 950 1110
f 939 749 919
f 1038 970 973
f 921 970 1038
f 971 1124 1020
f 1038 1020 1124
f 1020 1038 972
f 973 972 1038
f 972 973 971
f 1124 971 973
f 921 1020 972
f 971 1020 878
f 975 990 973
f 878 991 977
f 1020 991 878
f 1048 636 877
f 975 976 990
f 955 1039 976
f 1039 955 977
f 928 941 1383
f 1022 993 994
f 885 1022 994
f 942 1040 1126
f 995 1186 842
f 813 1130 1025
f 946 1010 909
f 1066 1064 1013
f 1054 728 1134
f 772 913 1276
f 711 1056 712
f 891 1029 983
f 934 1068 1030
f 761 1070 896
f 895 1176 1058
f 1058 935 895
f 1017 1014 1015
f 985 870 1000
f 1015 1000 870
f 1000 1015 984
f 1014 984 1015
f 984 1014 985
f 870 985 1014
f 1017 1000 984
f 1085 896 1070
f 464 1118 1105
f 1179 805 1019
f 965 897 898
f 1117 1140 872
f 987 805 1119
f 937 762 854
f 917 1090 1059
f 1157 1003 950
f 1157 950 1046
f 875 967 918
f 1121 967 900
f 1037 1036 989
f 876 1442 941
f 1038 989 921
f 840 1227 920
f 977 990 1039
f 1124 1039 990
f 1039 1124 991
f 973 991 1124
f 991 973 977
f 990 977 973
f 1020 1039 991
f 974 1048 877
f 928 1383 1163
f 765 1111 1188
f 1022 974 993
f 1073 1049 886
f 1167 1009 958
f 943 1074 1024
f 1023 843 1061
f 1061 843 1041
f 1041 843 908
f 1130 979 1025
f 1042 1077 962
f 1042 1010 1077
f 707 664 930
f 707 930 1150
f 1233 889 981
f 1233 1232 889
f 996 997 1174
f 800 998 1057
f 1014 1083 935
f 1017 935 1032
f 1016 870 999
f 1015 870 1044
f 1044 870 1016
f 1015 1044 1017
f 999 870 1018
f 985 1018 1019
f 1016 1019 1018
f 1019 1016 1000
f 999 1000 1016
f 1000 999 985
f 1018 985 999
f 1019 1000 1044
f 1044 1000 1017
f 870 804 1018
f 872 1140 804
f 1140 1116 804
f 805 1179 1119
f 1312 1222 587
f 898 1034 1119
f 899 1035 951
f 967 1121 918
f 900 1036 1122
f 918 1800 700
f 1257 1005 700
f 921 969 1006
f 1006 1020 921
f 990 976 1124
f 1229 840 904
f 956 1112 1006
f 957 1007 1021
f 1110 1073 764
f 942 1126 927
f 907 1210 863
f 1210 943 863
f 1095 1009 1167
f 1023 1167 958
f 864 1061 1041
f 1012 1077 1051
f 963 980 1304
f 1170 911 947
f 1027 948 1080
f 996 1174 948
f 1216 933 1043
f 983 1029 1103
f 1137 1176 776
f 893 1155 1219
f 935 1083 1104
f 893 1219 778
f 677 1115 1155
f 1083 1014 1033
f 1017 1033 1058
f 1032 1058 1033
f 1032 1083 1017
f 1033 1017 1083
f 1058 1032 935
f 1058 1014 1017
f 1018 1116 1044
f 1016 1018 1044
f 1116 1018 804
f 898 1119 1107
f 899 988 1035
f 699 1059 1200
f 1005 1072 919
f 1022 1048 974
f 1006 1112 1047
f 956 1007 957
f 956 957 1112
f 992 1021 1092
f 957 927 1112
f 886 1049 995
f 1093 1062 1050
f 1023 1061 1167
f 1010 1042 1063
f 1010 1076 1077
f 946 1076 1010
f 1013 1170 947
f 911 1131 1052
f 1052 1053 1027
f 848 1153 1351
f 659 1351 1411
f 1056 933 964
f 1277 997 775
f 832 1217 1056
f 1104 1057 998
f 1068 1069 1082
f 1031 1070 761
f 1033 1014 1084
f 1033 1084 1032
f 1032 1084 1083
f 1014 1058 1084
f 1044 1116 1019
f 1106 936 1045
f 1179 1019 1116
f 1141 938 916
f 808 1120 988
f 808 855 1120
f 1036 1037 1122
f 1108 1122 1037
f 700 1800 1257
f 939 919 1123
f 1162 976 1039
f 978 1479 1111
f 1092 1021 1007
f 1022 885 1048
f 906 992 1008
f 862 842 1186
f 929 1149 1040
f 1096 1062 1093
f 1075 864 959
f 1191 1075 959
f 1051 1169 1012
f 1169 962 1012
f 1097 963 1304
f 981 1099 1078
f 1131 911 1170
f 931 1079 1099
f 1171 910 1065
f 1170 1013 1064
f 1101 1276 913
f 1056 1217 1043
f 1056 964 712
f 1102 1311 1137
f 1030 1068 1082
f 778 1219 1312
f 1139 936 1223
f 762 1086 1001
f 1142 872 1001
f 1154 1002 1088
f 876 968 1226
f 1368 968 920
f 876 1226 1404
f 1123 919 1072
f 976 1162 1124
f 904 1094 1247
f 1210 907 1189
f 1049 1186 995
f 1096 1168 1062
f 1388 1191 979
f 1130 1211 979
f 1042 962 1169
f 1063 945 1010
f 1026 1232 1065
f 707 1150 932
f 1052 1131 1053
f 1064 1066 1067
f 1273 911 1052
f 1273 1052 1027
f 1027 1053 1028
f 1134 1133 1054
f 912 1028 913
f 1101 913 1100
f 1055 1057 1240
f 1057 1104 1240
f 983 1175 916
f 834 1106 1218
f 1058 1176 1084
f 1118 1178 1105
f 852 824 1223
f 1119 966 853
f 1034 1089 1119
f 1039 1020 1162
f 1113 1114 1073
f 1249 1094 1127
f 1148 1126 1040
f 1149 929 1009
f 1166 1009 1095
f 1062 1129 1050
f 1130 813 1024
f 945 1302 930
f 1099 1262 1078
f 1232 1171 1065
f 1080 1133 1028
f 1134 913 1028
f 948 1174 1135
f 1216 1043 1217
f 1031 1218 1070
f 1175 983 1103
f 898 1107 965
f 872 1142 1117
f 762 1200 854
f 900 1243 1060
f 900 1060 1121
f 1157 1182 1003
f 1160 1088 1002
f 1003 1182 1110
f 1404 1442 876
f 1109 989 1038
f 1037 989 1109
f 1479 978 940
f 941 1442 1383
f 1020 1006 1047
f 1073 1110 1161
f 1125 1073 1161
f 1125 1113 1073
f 1184 1091 862
f 1114 1049 1073
f 1093 1050 1165
f 1148 1040 1149
f 1061 864 1075
f 1096 1128 1168
f 1062 1168 1231
f 1042 1169 1193
f 1077 1076 1194
f 946 910 1076
f 1011 1214 1098
f 1170 1327 1131
f 1079 911 1273
f 1066 1054 1067
f 1028 1132 1080
f 1028 1100 1134
f 1100 1028 1152
f 1133 1152 1028
f 913 1239 1100
f 1133 1100 1239
f 1100 1133 1134
f 1239 913 1134
f 1196 1134 771
f 1264 1135 1174
f 1136 1311 1102
f 1081 964 1197
f 1103 1029 1105
f 1218 1104 1070
f 1104 1083 1084
f 1463 1218 1106
f 1401 824 1071
f 1060 1059 1090
f 938 1157 1046
f 1160 1002 1091
f 1038 1205 1109
f 1205 1038 1124
f 1229 1227 840
f 1162 1020 1047
f 1092 1047 1112
f 1047 1092 1008
f 1008 1092 1007
f 1246 904 1247
f 907 1188 1189
f 862 1186 1184
f 1114 1298 1049
f 1094 1249 1247
f 1093 1190 1096
f 1009 1166 1149
f 1129 1062 1231
f 1063 1042 1251
f 981 1078 1233
f 1054 1132 1067
f 1132 1028 1053
f 1027 1080 1306
f 1239 1152 1133
f 1152 1101 1100
f 948 1135 1080
f 1173 771 1055
f 1277 1174 997
f 1217 832 1154
f 1218 1240 1104
f 1085 1221 1086
f 1312 1494 1222
f 986 1241 1118
f 1118 1241 1224
f 1119 1234 1107
f 1119 1089 966
f 1380 1071 1004
f 1243 900 1122
f 1180 940 1035
f 1109 1183 1037
f 1108 1037 1183
f 1092 1112 1207
f 904 1271 1229
f 1092 1235 992
f 1091 1184 1160
f 1113 1165 1114
f 1230 1093 1165
f 1190 1093 1230
f 1127 928 1245
f 1164 1126 1148
f 1424 1075 1191
f 1011 1213 1214
f 1099 1079 1262
f 1132 1054 1172
f 1080 1132 1195
f 1080 1195 1306
f 1173 1263 771
f 775 1030 1277
f 1309 1055 1240
f 1198 1176 1137
f 1104 1084 1176
f 1139 1045 936
f 1086 1139 1156
f 1087 1156 1139
f 1087 1045 1086
f 1139 1086 1045
f 1156 1001 1086
f 1086 1117 1087
f 1086 1221 1117
f 1118 1224 1178
f 1087 1117 1156
f 1117 1142 1156
f 938 1141 1242
f 1200 1059 1060
f 1060 1243 1201
f 1122 1147 1144
f 1122 1144 1143
f 1147 1122 1145
f 1108 1158 1122
f 1122 1158 1145
f 1183 1144 1147
f 1144 1183 1203
f 1479 940 1297
f 940 1451 1297
f 1111 1455 1188
f 992 1185 1008
f 992 1235 1185
f 1187 1186 1049
f 1113 1230 1165
f 1298 1187 1049
f 1299 1298 1114
f 927 1126 1164
f 1050 1129 1209
f 943 1210 1074
f 1193 1251 1042
f 1169 1051 1192
f 1063 1251 1345
f 1097 1213 1011
f 1194 1051 1077
f 1067 1132 1053
f 1132 1274 1195
f 1172 1134 1151
f 1080 1054 1133
f 1054 1080 1152
f 1293 1351 1153
f 1080 1135 1152
f 1135 1101 1152
f 1135 1264 1101
f 1309 1215 1055
f 1177 1085 1070
f 1140 1179 1116
f 855 1280 1120
f 1090 854 1267
f 1340 1090 1267
f 1200 1060 1340
f 1060 1090 1121
f 1160 1181 1088
f 1255 1122 1143
f 1159 1144 1146
f 1143 1144 1244
f 1244 1144 1159
f 1147 1244 1158
f 1255 1158 1244
f 1158 1255 1145
f 1143 1145 1255
f 1145 1143 1147
f 1244 1147 1143
f 1183 1244 1159
f 1146 1147 1159
f 1147 1146 1183
f 1244 1183 1146
f 1146 1144 1203
f 1244 1146 1203
f 1182 1204 1110
f 1205 1124 1047
f 1229 1258 1227
f 1124 1162 1047
f 1207 1112 927
f 1125 1229 1113
f 1246 1271 904
f 928 1163 1245
f 1114 1165 1299
f 1149 1164 1148
f 1247 1096 1190
f 1050 1209 1165
f 1167 1208 1095
f 1061 1075 1290
f 1024 1344 1130
f 1193 1169 1194
f 1194 1212 1051
f 1051 1303 1192
f 1098 1214 980
f 980 1170 1304
f 1327 1170 980
f 1237 1171 1232
f 1064 1067 1170
f 1053 1131 1327
f 1053 1274 1067
f 1273 1027 1306
f 1172 1054 1152
f 1196 1151 1134
f 1173 1055 1215
f 933 1216 1364
f 1217 1154 1199
f 916 1175 1141
f 1177 1104 1176
f 1154 1088 1199
f 1103 1105 1178
f 1115 965 1313
f 1107 1337 965
f 855 1222 1280
f 1119 1140 1234
f 1157 938 1357
f 1243 1122 1255
f 1004 939 1123
f 1125 1161 1228
f 1008 1185 1047
f 1165 1209 1299
f 1250 1127 1245
f 1166 1208 1149
f 1095 1208 1166
f 1302 945 1063
f 1076 1261 1194
f 1079 1273 1262
f 1067 1274 1410
f 772 1265 1136
f 1069 1294 1082
f 1088 1181 1199
f 1119 1179 1140
f 1401 1223 824
f 1180 1035 988
f 1296 1180 988
f 1121 1090 1254
f 1340 1060 1201
f 1204 1181 1160
f 1202 1181 1204
f 1182 1202 1204
f 1159 1147 1158
f 1183 1159 1158
f 1203 1183 1205
f 1183 1109 1205
f 1005 1288 1072
f 1160 1184 1204
f 1206 1110 1204
f 1161 1110 1206
f 1258 1229 1125
f 1229 1271 1113
f 1186 1204 1184
f 1187 1204 1186
f 927 1164 1270
f 1248 1096 1247
f 1249 1127 1250
f 1167 1061 1290
f 1212 1194 1169
f 910 1261 1076
f 910 1171 1261
f 1238 1232 1233
f 1410 1170 1067
f 1274 1132 1172
f 1239 1308 1152
f 1307 1276 1101
f 1307 1101 1352
f 1101 1264 1352
f 1276 1265 772
f 964 933 1364
f 1329 1030 1082
f 1294 1396 1082
f 1311 1198 1137
f 1104 1177 1070
f 1106 1045 1220
f 1087 1220 1045
f 965 1337 1295
f 1138 1241 986
f 1140 1117 1234
f 1242 1141 1336
f 1222 1367 1280
f 1001 1281 1142
f 854 1200 1283
f 1441 1380 1004
f 1225 1181 1202
f 1180 1451 940
f 1158 1108 1183
f 1228 1161 1286
f 1187 1206 1204
f 1163 1236 1245
f 1187 1298 1289
f 1208 1164 1149
f 1129 1231 1387
f 1063 1345 1302
f 1213 1097 1417
f 1213 1260 1214
f 1051 1212 1303
f 1097 1304 1417
f 1274 1053 1195
f 1172 1239 1134
f 1311 1136 1371
f 1030 1329 1277
f 1331 1068 1081
f 1336 1141 1420
f 1219 1155 1252
f 1155 1115 1252
f 1181 1253 1199
f 1253 1181 1225
f 1120 1296 988
f 1200 1340 1317
f 938 1242 1357
f 1319 1182 1157
f 1244 1203 1256
f 1286 1161 1268
f 1161 1206 1268
f 1125 1228 1258
f 1185 1323 1047
f 1230 1113 1271
f 1271 1190 1230
f 1189 1385 1210
f 1247 1190 1246
f 1208 1167 1290
f 1424 1369 1075
f 1074 1259 1024
f 1130 1344 1521
f 1192 1212 1169
f 1261 1193 1194
f 1348 1327 980
f 1232 1238 1237
f 1327 1195 1053
f 1291 1151 1275
f 932 1293 1153
f 1275 1151 1196
f 1352 1308 1307
f 1353 1264 1174
f 1174 1277 1353
f 1411 1278 659
f 1240 1218 1279
f 1279 1218 1463
f 1176 1426 1177
f 1120 1280 1282
f 854 1283 1267
f 1284 1120 1282
f 1284 1285 1120
f 1090 1340 1254
f 1201 1379 1340
f 1357 1319 1157
f 1286 1202 1182
f 1182 1319 1286
f 1256 1255 1244
f 1256 1203 1205
f 1257 1288 1005
f 1205 1047 1287
f 1269 1235 1092
f 927 1270 1207
f 1248 1128 1096
f 1212 1192 1361
f 1347 1251 1193
f 1214 1260 1303
f 1303 1260 1192
f 1151 1291 1172
f 1308 1172 1152
f 1196 771 1263
f 1197 964 1364
f 1197 1395 1081
f 1331 1069 1068
f 1176 1198 1426
f 949 1333 1138
f 1178 1354 1103
f 1219 1252 1312
f 1266 1156 1142
f 1281 1266 1142
f 1317 1340 1267
f 1201 1243 1255
f 1490 1800 918
f 1072 1405 1123
f 1288 1405 1072
f 1205 1287 1321
f 1206 1187 1322
f 1322 1187 1289
f 1384 1185 1235
f 1270 1164 1343
f 1247 1249 1248
f 1075 1369 1290
f 979 1211 1388
f 1150 930 1302
f 1193 1261 1347
f 980 1214 1348
f 1171 1237 1261
f 1362 1237 1238
f 1173 1215 1328
f 1329 1082 1396
f 965 1295 1313
f 1266 1001 1156
f 1234 1117 1335
f 1241 1315 1224
f 1280 1316 1282
f 1107 1234 1422
f 1253 1225 1358
f 1296 1120 1285
f 1071 1380 1401
f 1449 968 1368
f 1228 1286 1319
f 1227 1320 920
f 1163 1383 1443
f 1271 1246 1190
f 1343 1164 1208
f 1416 1299 1209
f 1074 1210 1301
f 1387 1370 1129
f 1361 1192 1260
f 1260 1213 1346
f 1233 1272 1238
f 1078 1262 1233
f 1291 1274 1172
f 1239 1196 1308
f 1216 1217 1364
f 1328 1215 1309
f 1175 1103 1334
f 1138 1333 1505
f 1253 1375 1199
f 1138 1505 1241
f 1226 968 1449
f 1202 1268 1225
f 1356 1490 918
f 1356 918 1121
f 1286 1268 1202
f 1268 1206 1322
f 1256 1205 1548
f 1297 1549 1479
f 1287 1047 1323
f 1207 1269 1092
f 1207 1270 1341
f 1360 1270 1343
f 1499 1248 1249
f 1499 1249 1250
f 1210 1385 1324
f 1210 1324 1301
f 1209 1129 1370
f 1260 1346 1326
f 1303 1212 1325
f 1408 1195 1327
f 1196 1239 1172
f 1172 1308 1292
f 1352 1264 1353
f 1278 1333 949
f 1175 1420 1141
f 1516 1426 1198
f 1175 1334 1420
f 1376 1087 1139
f 1224 1412 1178
f 1139 1223 1314
f 1222 1494 1367
f 1001 1266 1465
f 1315 1412 1224
f 1001 1465 1281
f 1318 1242 1336
f 1337 1107 1422
f 1402 1282 1316
f 1200 1317 1283
f 1285 1438 1296
f 1320 1227 1258
f 1341 1269 1207
f 1269 1342 1235
f 1342 1384 1235
f 1208 1290 1343
f 1074 1301 1259
f 1168 1492 1231
f 1191 1388 1424
f 1130 1521 1211
f 1237 1349 1261
f 1418 1272 1233
f 1262 1407 1305
f 1233 1262 1305
f 1273 1306 1408
f 1306 1195 1408
f 1172 1390 1196
f 1291 1196 1390
f 1196 1291 1292
f 1275 1292 1291
f 1292 1275 1172
f 1390 1172 1275
f 1350 1196 1292
f 1263 1308 1196
f 1394 1308 1352
f 1277 1460 1353
f 1265 1371 1136
f 1277 1329 1395
f 1397 1332 1310
f 1332 1330 1310
f 1069 1374 1294
f 1178 1412 1354
f 1314 1223 1401
f 1117 1221 1335
f 1280 1355 1316
f 1367 1355 1280
f 1337 1422 1399
f 1284 1338 1413
f 1284 1282 1338
f 1267 1283 1317
f 1284 1339 1285
f 1284 1413 1339
f 1318 1357 1242
f 1225 1268 1358
f 1254 1356 1121
f 1423 1201 1255
f 1356 1255 1256
f 1453 1359 1428
f 1342 1269 1415
f 1289 1298 1572
f 1245 1236 1300
f 1300 1250 1245
f 1168 1128 1500
f 1168 1500 1492
f 1024 1259 1344
f 1251 1347 1345
f 1346 1213 1417
f 1325 1326 1303
f 1326 1346 1303
f 1346 1305 1303
f 1362 1349 1237
f 1262 1273 1409
f 1262 1409 1407
f 1273 1408 1409
f 1410 1274 1419
f 1363 1531 1291
f 1363 1291 1390
f 1350 1275 1196
f 1307 1308 1263
f 1364 1217 1365
f 1081 1395 1372
f 1330 1461 1310
f 1331 1081 1372
f 1365 1217 1199
f 1103 1354 1334
f 1085 1177 1474
f 1115 1377 1252
f 1252 1494 1312
f 1313 1377 1115
f 1241 1505 1315
f 1476 1422 1234
f 1413 1338 1355
f 1285 1355 1438
f 1338 1438 1355
f 1438 1338 1339
f 1282 1339 1338
f 1339 1282 1285
f 1355 1285 1282
f 1528 1401 1380
f 1340 1379 1254
f 1255 1356 1254
f 1228 1319 1320
f 1228 1320 1258
f 1385 1189 1599
f 1299 1589 1298
f 1325 1212 1361
f 1361 1260 1326
f 1349 1347 1261
f 1407 1214 1303
f 1272 1349 1238
f 1430 1304 1170
f 1430 1170 1410
f 1293 932 1150
f 1292 1363 1390
f 1350 1390 1275
f 1292 1308 1392
f 1310 1461 1397
f 1366 1330 1332
f 1332 1434 1366
f 1314 1376 1139
f 1335 1476 1234
f 1318 1336 1368
f 1318 1403 1357
f 1180 1296 1381
f 1423 1255 1254
f 1357 1403 1319
f 1320 1382 920
f 1358 1268 1322
f 1205 1321 1548
f 1123 1405 1466
f 1406 1287 1323
f 1467 1359 1453
f 1407 1303 1305
f 1238 1349 1362
f 1348 1408 1327
f 1233 1305 1418
f 1431 1292 1390
f 1391 1292 1431
f 1390 1350 1391
f 1391 1350 1292
f 1411 1351 1293
f 1276 1307 1263
f 1263 1394 1276
f 1394 1457 1276
f 1457 1265 1276
f 1352 1353 1457
f 1309 1459 1328
f 1447 1069 1331
f 1220 1463 1106
f 1087 1376 1220
f 1316 1400 1402
f 1402 1355 1282
f 1438 1339 1413
f 1368 920 1382
f 1452 1428 1359
f 1323 1269 1406
f 1520 1269 1323
f 1589 1572 1298
f 1299 1416 1589
f 1626 1499 1250
f 1386 1416 1209
f 1498 1128 1248
f 1209 1370 1386
f 1231 1492 1387
f 1521 1389 1211
f 1325 1361 1326
f 1346 1417 1554
f 1419 1274 1557
f 1292 1392 1363
f 1363 1392 1391
f 1394 1352 1457
f 1460 1277 1395
f 1364 1365 1504
f 1364 1504 1197
f 1311 1371 1198
f 1309 1240 1373
f 1331 1329 1396
f 1329 1331 1372
f 1069 1447 1398
f 1434 1462 1366
f 1375 1365 1199
f 1069 1398 1374
f 1474 1221 1085
f 1266 1281 1378
f 1402 1435 1355
f 1296 1438 1527
f 1368 1382 1318
f 1477 1254 1379
f 1429 1287 1406
f 1406 1269 1341
f 1270 1360 1341
f 1359 1519 1443
f 1509 1415 1269
f 1519 1359 1467
f 1323 1185 1384
f 1290 1369 1469
f 1482 1388 1211
f 1482 1211 1389
f 1348 1214 1445
f 1391 1393 1390
f 1394 1392 1308
f 1309 1432 1459
f 1197 1461 1395
f 1396 1447 1331
f 1474 1177 1426
f 1542 1354 1412
f 1420 1449 1336
f 1375 1253 1586
f 1253 1358 1586
f 1400 1316 1399
f 1336 1449 1368
f 1414 1508 1448
f 1201 1423 1379
f 1451 1568 1297
f 1452 1359 1383
f 1287 1429 1321
f 1572 1440 1289
f 1520 1509 1269
f 1500 1128 1498
f 1493 1345 1347
f 1445 1214 1407
f 1305 1425 1418
f 1349 1272 1418
f 1348 1409 1408
f 1274 1291 1531
f 1390 1393 1431
f 1391 1431 1363
f 1502 1394 1263
f 1578 1457 1353
f 1504 1461 1197
f 1395 1329 1372
f 1397 1433 1332
f 1294 1374 1398
f 1252 1464 1494
f 1413 1355 1367
f 1399 1437 1400
f 1527 1402 1400
f 1477 1488 1254
f 1254 1488 1423
f 1256 1548 1569
f 1529 1405 1288
f 1383 1359 1443
f 1384 1520 1323
f 1415 1444 1342
f 1150 1302 1470
f 1304 1430 1417
f 1425 1305 1346
f 1470 1293 1150
f 1274 1531 1557
f 1512 1265 1457
f 1612 1173 1328
f 1459 1432 1472
f 1371 1265 1473
f 1294 1398 1396
f 1332 1433 1434
f 1474 1660 1221
f 1412 1315 1421
f 1313 1295 1377
f 1316 1427 1399
f 1437 1527 1400
f 1437 1296 1527
f 1381 1527 1438
f 1358 1322 1440
f 1256 1517 1356
f 1319 1478 1320
f 1568 1549 1297
f 1452 1383 1442
f 1548 1321 1454
f 1405 1529 1466
f 1289 1440 1322
f 1481 1429 1406
f 1384 1342 1520
f 1551 1343 1290
f 1626 1250 1300
f 1499 1498 1248
f 1259 1301 1324
f 1346 1445 1425
f 1445 1407 1425
f 1348 1445 1409
f 1393 1391 1533
f 1578 1353 1460
f 1461 1330 1603
f 1446 1447 1396
f 1462 1434 1464
f 1295 1337 1427
f 1337 1399 1427
f 1355 1435 1316
f 1316 1435 1427
f 1525 1413 1367
f 1507 1414 1448
f 1414 1507 1487
f 1296 1437 1381
f 1567 1379 1423
f 1381 1451 1180
f 1496 1380 1441
f 1428 1452 1439
f 1123 1466 1004
f 1111 1570 1455
f 1468 1341 1360
f 1665 1188 1455
f 1385 1573 1324
f 1387 1492 1491
f 1347 1349 1493
f 1407 1409 1425
f 1430 1410 1456
f 1431 1393 1484
f 1393 1533 1484
f 1411 1293 1470
f 1534 1612 1328
f 1458 1278 1411
f 1503 1371 1473
f 1198 1371 1503
f 1396 1560 1446
f 1330 1366 1604
f 1375 1504 1365
f 1334 1354 1542
f 1463 1220 1524
f 1295 1427 1435
f 1545 1378 1281
f 1314 1401 1436
f 1546 1281 1465
f 1413 1607 1438
f 1399 1422 1495
f 1399 1495 1437
f 1382 1403 1318
f 1450 1439 1452
f 1403 1478 1319
f 1321 1429 1454
f 1236 1163 1530
f 1491 1370 1387
f 1302 1501 1470
f 1554 1522 1346
f 1484 1532 1431
f 1484 1502 1263
f 1173 1670 1263
f 1333 1278 1458
f 1395 1461 1603
f 1373 1432 1309
f 1461 1433 1397
f 1560 1396 1398
f 1463 1633 1279
f 1506 1421 1315
f 1660 1474 1772
f 1221 1585 1335
f 1545 1281 1546
f 1494 1525 1367
f 1495 1422 1476
f 1413 1525 1607
f 1404 1226 1646
f 1438 1607 1381
f 1381 1607 1451
f 1382 1478 1403
f 1450 1508 1414
f 1414 1439 1450
f 1496 1441 1489
f 1356 1517 1490
f 1452 1442 1450
f 1404 1497 1442
f 1256 1569 1517
f 1529 1518 1466
f 1480 1454 1429
f 1468 1406 1341
f 1415 1509 1444
f 1342 1510 1520
f 1552 1424 1388
f 1554 1417 1430
f 1425 1409 1602
f 1531 1363 1431
f 1392 1533 1391
f 1484 1263 1670
f 1612 1670 1173
f 1534 1328 1459
f 1446 1485 1541
f 1541 1447 1446
f 1240 1279 1685
f 1426 1582 1474
f 1412 1421 1543
f 1505 1506 1315
f 1524 1220 1376
f 1435 1377 1295
f 1421 1448 1508
f 1449 1544 1226
f 1437 1495 1526
f 1526 1381 1437
f 1526 1527 1381
f 1620 1453 1428
f 1479 1570 1111
f 1163 1443 1530
f 1598 1519 1467
f 1416 1386 1590
f 1324 1576 1259
f 1344 1259 1576
f 1388 1482 1552
f 1345 1501 1302
f 1553 1346 1522
f 1349 1418 1483
f 1410 1419 1456
f 1532 1531 1431
f 1534 1459 1471
f 1512 1473 1265
f 1560 1485 1446
f 1564 1582 1426
f 1377 1464 1252
f 1507 1421 1506
f 1448 1421 1507
f 1402 1527 1647
f 1450 1442 1497
f 1439 1620 1428
f 1608 1440 1572
f 1343 1468 1360
f 1188 1599 1189
f 1386 1370 1611
f 1424 1651 1369
f 1344 1668 1521
f 1346 1553 1445
f 1345 1493 1501
f 1418 1425 1483
f 1555 1349 1483
f 1349 1555 1493
f 1456 1419 1556
f 1484 1670 1532
f 1516 1198 1503
f 1366 1462 1604
f 1564 1426 1565
f 1464 1595 1462
f 1421 1508 1543
f 1660 1585 1221
f 1378 1545 1266
f 1380 1496 1528
f 1423 1488 1567
f 1478 1382 1320
f 1549 1570 1479
f 1453 1597 1467
f 1480 1429 1481
f 1651 1424 1552
f 1628 1411 1470
f 1457 1578 1577
f 1503 1473 1472
f 1541 1485 1540
f 1642 1398 1447
f 1373 1240 1685
f 1474 1582 1486
f 1435 1773 1377
f 1637 1543 1508
f 1476 1606 1495
f 1465 1475 1546
f 1488 1477 1496
f 1450 1497 1508
f 1586 1358 1440
f 1568 1451 1547
f 1288 1550 1529
f 1519 1530 1443
f 1624 1667 1343
f 1343 1551 1624
f 1499 1591 1498
f 1370 1491 1611
f 1576 1668 1344
f 1445 1602 1409
f 1484 1533 1502
f 1459 1513 1471
f 1459 1473 1513
f 1473 1459 1472
f 1513 1472 1432
f 1540 1594 1541
f 1504 1769 1461
f 1604 1603 1330
f 1560 1398 1580
f 1542 1412 1514
f 1333 1515 1505
f 1633 1685 1279
f 1412 1543 1514
f 1516 1581 1426
f 1426 1581 1565
f 1688 1463 1524
f 1595 1464 1377
f 1494 1464 1636
f 1375 1586 1615
f 1584 1524 1376
f 1420 1544 1449
f 1525 1494 1566
f 1335 1585 1476
f 1507 1714 1487
f 1527 1526 1619
f 1487 1439 1414
f 1477 1567 1496
f 1497 1404 1596
f 1441 1004 1466
f 1597 1453 1620
f 1622 1288 1257
f 1454 1480 1588
f 1520 1510 1600
f 1469 1551 1290
f 1369 1651 1469
f 1492 1500 1491
f 1681 1430 1456
f 1557 1556 1419
f 1533 1392 1394
f 1473 1512 1511
f 1535 1471 1513
f 1473 1535 1534
f 1535 1473 1471
f 1511 1471 1473
f 1471 1511 1534
f 1472 1513 1534
f 1534 1513 1473
f 1594 1764 1541
f 1560 1580 1683
f 1334 1635 1420
f 1376 1314 1523
f 1606 1476 1585
f 1647 1435 1402
f 1606 1526 1495
f 1638 1488 1496
f 1466 1518 1679
f 1877 1548 1454
f 1288 1622 1550
f 1571 1509 1520
f 1468 1343 1667
f 1444 1510 1342
f 1498 1591 1500
f 1324 1575 1576
f 1611 1491 1574
f 1627 1425 1602
f 1554 1430 1681
f 1456 1556 1681
f 1502 1533 1394
f 1577 1512 1457
f 1458 1411 1628
f 1535 1612 1534
f 1541 1642 1447
f 1615 1504 1375
f 1515 1506 1505
f 1486 1582 1561
f 1464 1434 1636
f 1377 1773 1595
f 1584 1376 1523
f 1636 1566 1494
f 1266 1545 1465
f 1401 1528 1436
f 1404 1646 1596
f 1379 1567 1477
f 1496 1567 1528
f 1508 1497 1587
f 1489 1638 1496
f 1488 1638 1567
f 1607 1547 1451
f 1406 1571 1481
f 1571 1406 1468
f 1519 1598 1609
f 1188 1665 1599
f 1551 1722 1624
f 1324 1573 1575
f 1500 1574 1491
f 1553 1522 1601
f 1501 1493 1704
f 1425 1627 1483
f 1536 1559 1537
f 1538 1537 1539
f 1538 1540 1537
f 1540 1536 1537
f 1535 1513 1432
f 1538 1594 1540
f 1395 1603 1460
f 1630 1764 1594
f 1333 1458 1515
f 1633 1463 1688
f 1544 1420 1635
f 1526 1617 1619
f 1647 1527 1619
f 1587 1637 1508
f 1567 1489 1528
f 1800 1490 1517
f 1548 1664 1569
f 1529 1550 1518
f 1509 1571 1444
f 1600 1571 1520
f 1589 1639 1572
f 1236 1905 1300
f 1416 1590 1589
f 1469 1723 1551
f 1499 1650 1591
f 1626 1650 1499
f 1591 1574 1500
f 1389 1592 1482
f 1445 1553 1602
f 1536 1540 1558
f 1538 1558 1559
f 1536 1539 1559
f 1539 1536 1538
f 1558 1538 1536
f 1539 1594 1559
f 1539 1537 1594
f 1538 1559 1594
f 1580 1579 1683
f 1514 1634 1542
f 1642 1580 1398
f 1486 1561 1614
f 1516 1561 1581
f 1635 1334 1542
f 1770 1462 1595
f 1434 1433 1636
f 1506 1910 1507
f 1564 1563 1582
f 1563 1562 1582
f 1616 1465 1545
f 1617 1526 1606
f 1761 1489 1441
f 1441 1663 1761
f 1610 1589 1590
f 1611 1590 1386
f 1592 1805 1482
f 1389 1521 1640
f 1669 1557 1531
f 1629 1458 1628
f 1559 1630 1537
f 1630 1594 1537
f 1485 1558 1540
f 1535 1432 1373
f 1764 1642 1541
f 1474 1486 1614
f 1637 1634 1543
f 1562 1563 1687
f 1564 1687 1583
f 1582 1583 1687
f 1583 1582 1565
f 1562 1565 1582
f 1565 1562 1564
f 1687 1564 1562
f 1583 1563 1564
f 1583 1711 1563
f 1565 1711 1583
f 1635 1713 1544
f 1507 1910 1714
f 1546 1616 1545
f 1546 1742 1616
f 1773 1435 1875
f 1226 1544 1646
f 1497 1596 1587
f 1441 1466 1663
f 1800 1622 1257
f 1568 1621 1549
f 1664 1548 1877
f 1877 1454 1588
f 1570 1665 1455
f 1519 1609 1530
f 1571 1666 1444
f 1721 1385 1599
f 1906 1551 1723
f 1482 1805 1552
f 1681 1593 1554
f 1704 1470 1501
f 1558 1630 1559
f 1515 1458 1629
f 1682 1485 1560
f 1506 1515 1653
f 1504 1615 1769
f 1653 1910 1506
f 1516 1614 1561
f 1582 1687 1712
f 1687 1563 1711
f 1688 1524 1584
f 1742 1822 1616
f 1465 1616 1475
f 1647 1875 1435
f 1606 1585 1605
f 1546 1475 1742
f 1314 1436 1618
f 1647 1619 1607
f 1567 1661 1489
f 1933 1517 1676
f 1623 1481 1571
f 1610 1639 1589
f 1611 1625 1590
f 1804 1574 1591
f 1651 1552 1805
f 1601 1702 1553
f 1807 1522 1554
f 1553 1627 1602
f 1532 1669 1531
f 1461 1769 1433
f 1581 1561 1645
f 1605 1585 1660
f 1648 1615 1586
f 1517 1569 1677
f 1676 1517 1677
f 1664 1649 1569
f 1466 1679 1663
f 1570 1695 1665
f 1625 1610 1590
f 1385 1697 1573
f 1521 1668 1640
f 1778 1680 1652
f 1871 1555 1483
f 1470 1704 1703
f 1470 1703 1628
f 1514 1543 1634
f 1632 1580 1642
f 1613 1579 1580
f 1604 1462 1770
f 1738 1474 1614
f 1635 1542 1710
f 1561 1582 1712
f 1634 1637 1710
f 1713 1646 1544
f 1528 1489 1843
f 1586 1440 1662
f 1489 1761 1843
f 1676 1638 1489
f 1517 1933 1800
f 1598 1467 1597
f 1551 1906 1722
f 1626 1834 1650
f 1389 1640 1592
f 1601 1522 1641
f 1553 1702 1725
f 1493 1555 1896
f 1511 1472 1534
f 1614 1516 1503
f 1603 1604 1855
f 1909 1910 1653
f 1632 1684 1631
f 1631 1579 1655
f 1613 1655 1632
f 1631 1580 1632
f 1580 1631 1613
f 1655 1613 1631
f 1542 1634 1710
f 1637 1587 1710
f 1710 1587 1689
f 1675 1607 1525
f 1439 1487 1774
f 1586 1662 1648
f 1567 1638 1661
f 1547 1621 1568
f 1440 1608 1662
f 1480 1481 1623
f 1468 1666 1571
f 1385 1721 1697
f 1611 1574 1625
f 1804 1625 1574
f 1591 1650 1804
f 1652 1700 1778
f 1705 1704 1493
f 1703 1629 1628
f 1748 1558 1485
f 1629 1653 1515
f 1579 1654 1655
f 1684 1632 1655
f 1613 1644 1643
f 1613 1643 1654
f 1613 1654 1579
f 1644 1613 1632
f 1581 1645 1565
f 1636 1433 1741
f 1660 1772 1821
f 1660 1821 1605
f 1587 1596 1689
f 1714 1716 1487
f 1607 1675 1647
f 1436 1528 1843
f 1439 1774 1620
f 1676 1661 1638
f 1549 1621 1570
f 1588 1480 1903
f 1608 1572 1719
f 1666 1744 1444
f 1510 1444 1744
f 1625 1696 1610
f 1697 1698 1573
f 1698 1575 1573
f 1699 1680 1778
f 1940 1652 1680
f 1601 1641 1702
f 1627 1553 1725
f 1483 1627 1871
f 1556 1726 1681
f 1556 1557 1669
f 1512 1577 1779
f 1603 1840 1460
f 1630 1748 1764
f 1765 1560 1683
f 1683 1631 1684
f 1671 1655 1654
f 1654 1643 1656
f 1644 1656 1657
f 1671 1657 1656
f 1657 1671 1632
f 1654 1632 1671
f 1632 1654 1644
f 1656 1644 1654
f 1658 1657 1632
f 1658 1632 1659
f 1657 1658 1644
f 1617 1606 1825
f 1901 1597 1620
f 1569 1717 1677
f 1623 1861 1480
f 1571 1600 1744
f 1665 1745 1599
f 1639 1610 1720
f 1803 1624 1722
f 1626 1300 1905
f 1469 1651 1723
f 1652 1940 1700
f 1522 1807 1641
f 1807 1554 1593
f 1705 1493 1896
f 1779 1577 1578
f 1748 1630 1558
f 1485 1682 1748
f 1642 1764 1729
f 1579 1631 1683
f 1684 1655 1671
f 1658 1656 1672
f 1684 1672 1656
f 1672 1684 1659
f 1671 1659 1684
f 1659 1671 1658
f 1656 1658 1671
f 1632 1672 1659
f 1855 1604 1770
f 1633 2015 1685
f 1658 1673 1644
f 1644 1673 1643
f 1672 1673 1658
f 1688 2015 1633
f 1474 1738 1772
f 1674 1711 1565
f 1525 1566 1675
f 1617 1690 1619
f 1607 1691 1547
f 1620 1774 1901
f 1661 1676 1785
f 1569 1649 1717
f 1621 1695 1570
f 1649 1678 1717
f 1694 1678 1649
f 1903 1480 1861
f 1719 1572 1639
f 1571 1744 1623
f 1510 1744 1600
f 1814 1575 1698
f 1668 1576 1724
f 1532 1670 1926
f 1792 1511 1512
f 1512 1779 1792
f 1765 1682 1560
f 1684 1736 1683
f 1673 1656 1643
f 1656 1673 1707
f 1686 1673 1672
f 1736 1672 1632
f 1756 1707 1673
f 1645 1561 1739
f 1711 1561 1712
f 1739 1561 1711
f 1595 1773 2072
f 1616 1842 1475
f 1606 1605 1825
f 1690 1607 1619
f 1607 1690 1691
f 1661 1785 1489
f 1678 1692 1718
f 1678 1718 1717
f 1832 1649 1664
f 1692 1776 1693
f 1692 1678 1776
f 1678 1694 1776
f 1694 1693 1832
f 1718 1832 1693
f 1832 1718 1649
f 1692 1649 1718
f 1649 1692 1694
f 1693 1694 1692
f 1694 1832 1776
f 1530 1609 1860
f 1745 1721 1599
f 1721 1777 1697
f 1575 1724 1576
f 1871 1627 1837
f 1629 1747 1653
f 1872 1612 1535
f 1747 1830 1653
f 1839 1578 1460
f 1855 1840 1603
f 1706 1683 1736
f 1642 1750 1632
f 1753 1656 1686
f 1684 1656 1754
f 1754 1656 1753
f 1656 1707 1708
f 1656 1708 1686
f 1673 1708 1709
f 1753 1709 1708
f 1709 1753 1686
f 1708 1673 1686
f 1709 1686 1672
f 1709 1756 1673
f 1645 1740 1565
f 1780 1771 1674
f 1797 1713 1635
f 1687 1711 1758
f 1688 1584 1857
f 1689 1596 1646
f 1782 1314 1783
f 1617 1759 1690
f 1875 1647 1675
f 1487 1716 1774
f 1547 1760 1621
f 1677 1992 1676
f 1717 1718 1776
f 1664 1877 1831
f 1693 1776 1718
f 1608 1719 1844
f 1639 1720 1719
f 1698 1787 1814
f 1923 1818 1790
f 1701 1778 1700
f 1791 1702 1641
f 1726 1556 1669
f 1747 1703 1704
f 1703 1747 1629
f 1705 1896 1829
f 1747 1704 1705
f 1765 1683 1728
f 1793 1769 1841
f 1642 1731 1730
f 1751 1753 1732
f 1753 1708 1733
f 1753 1733 1732
f 1709 1733 1734
f 1751 1734 1733
f 1734 1751 1672
f 1732 1672 1751
f 1672 1732 1709
f 1733 1709 1732
f 1735 1734 1672
f 1735 1672 1736
f 1707 1756 1708
f 1734 1756 1709
f 1734 1757 1756
f 1735 1757 1734
f 1737 1645 1739
f 1737 1740 1645
f 1737 1780 1674
f 1780 1737 1565
f 1739 1565 1737
f 1565 1739 1674
f 1565 1740 1780
f 1771 1711 1674
f 1799 1687 1758
f 1714 1819 1716
f 1772 1972 1821
f 1314 1782 1523
f 1783 1314 1618
f 1992 1785 1676
f 1845 1677 1717
f 1776 1845 1717
f 1832 1833 1776
f 1550 1622 1918
f 1695 1847 1665
f 1665 1847 1745
f 1468 1904 1666
f 1667 1904 1468
f 1803 1667 1624
f 1994 1905 1236
f 1625 1762 1696
f 1786 1834 1626
f 1697 1826 1698
f 1651 1805 1788
f 1699 1940 1680
f 2010 1725 1702
f 1593 1882 1807
f 1838 1926 1670
f 1747 1705 1727
f 1747 1727 1830
f 1838 1612 1872
f 1779 1578 1839
f 1928 1472 1511
f 1928 1503 1472
f 1729 1764 1765
f 1729 1765 1728
f 1731 1706 1749
f 1728 1749 1706
f 1749 1728 1642
f 1683 1642 1728
f 1642 1683 1731
f 1706 1731 1683
f 1749 1642 1729
f 1642 1736 1750
f 1766 1750 1736
f 1750 1766 1730
f 1706 1730 1766
f 1730 1706 1642
f 1736 1642 1706
f 1750 1730 1767
f 1767 1730 1731
f 1749 1767 1731
f 1767 1632 1750
f 1752 1753 1751
f 1736 1684 1754
f 1736 1754 1755
f 1768 1755 1754
f 1755 1768 1632
f 1736 1632 1768
f 1708 1756 1733
f 1733 1752 1736
f 1751 1736 1752
f 1736 1751 1735
f 1733 1735 1751
f 1757 1733 1736
f 1755 1757 1736
f 1855 1770 1912
f 1769 1741 1433
f 1733 1757 1735
f 1740 1737 1674
f 1740 1674 1739
f 1910 1819 1714
f 1711 1795 1739
f 1711 1771 1795
f 1797 1635 1710
f 1813 1772 1738
f 1799 1712 1687
f 1758 1711 1712
f 1475 1842 1742
f 1691 1875 1675
f 1690 1913 1691
f 1547 1691 1760
f 1588 1903 1877
f 1904 1862 1666
f 1744 1666 1862
f 1696 1720 1610
f 1804 1762 1625
f 1697 1777 1826
f 1723 1763 1906
f 1763 1723 1651
f 1818 1850 1790
f 1940 1701 1700
f 1791 2010 1702
f 1705 1829 1727
f 1748 1682 1764
f 1682 1765 1764
f 1503 1982 1614
f 1766 1767 1706
f 1706 1767 1728
f 1767 1729 1728
f 1766 1736 1767
f 1729 1767 1749
f 1754 1753 1752
f 1632 1767 1755
f 1752 1733 1756
f 1756 1757 1752
f 1752 1757 1754
f 1755 1767 1757
f 1739 1795 1812
f 1712 1799 1796
f 1715 1824 1743
f 1691 1913 1875
f 1691 1784 1760
f 1775 1489 1785
f 1597 1878 1598
f 1744 1862 1623
f 1651 1788 1763
f 1818 1923 1924
f 1726 1593 1681
f 1941 1726 1669
f 1532 1926 1669
f 1670 1612 1838
f 1373 1872 1535
f 1685 1983 1373
f 1736 1768 1767
f 1754 1767 1768
f 1757 1767 1754
f 1771 1780 1781
f 1796 1758 1712
f 1798 1799 1758
f 1825 1605 1823
f 1825 1759 1617
f 1715 1743 1876
f 1675 1784 1691
f 1489 1775 1676
f 1833 1801 1776
f 1518 1550 1679
f 1719 1720 1859
f 1609 1598 1878
f 1994 1236 1530
f 1626 1905 1786
f 1826 1787 1698
f 1814 1787 1849
f 1724 1575 1814
f 1640 1668 1724
f 1789 1806 1815
f 1835 1806 1746
f 1818 1895 1850
f 1791 1699 1778
f 1627 1725 1837
f 1726 1882 1593
f 1871 1896 1555
f 1792 1779 1852
f 1830 1909 1653
f 1928 1511 1792
f 1460 1840 1853
f 1808 1840 1841
f 1841 1840 1793
f 1769 1615 1809
f 1811 1740 1739
f 1740 1811 1780
f 1771 1812 1794
f 1811 1794 1812
f 1794 1811 1781
f 1739 1781 1811
f 1781 1739 1771
f 1812 1771 1739
f 1780 1794 1781
f 1794 1795 1771
f 2072 1770 1595
f 1984 1770 2072
f 1710 1689 1797
f 1886 1842 1616
f 1774 1716 2021
f 1775 1933 1676
f 2147 1663 1679
f 1844 1719 1859
f 1530 1860 1994
f 1787 1826 1890
f 1806 1789 1817
f 1892 1817 1789
f 1817 1892 1790
f 1806 1867 1746
f 1727 1955 1830
f 1727 1829 1955
f 1852 1779 1839
f 1872 1373 1983
f 1841 1769 1809
f 1983 1685 2015
f 1912 1770 1984
f 1809 1615 1648
f 1811 1812 1820
f 1812 1795 1820
f 1566 1636 2035
f 2035 1636 2000
f 1798 1758 1874
f 1646 1713 1900
f 1646 1900 1689
f 1821 1823 1605
f 1930 1822 1742
f 1823 2047 1825
f 1842 1930 1742
f 1761 1914 1843
f 1933 2004 1800
f 1990 1695 1621
f 1622 1800 2004
f 1667 1803 1904
f 1802 1863 1889
f 1814 1849 1936
f 1806 1816 1827
f 1827 1815 1806
f 1816 1806 1835
f 1923 1790 1892
f 1817 1790 1850
f 1746 1938 1835
f 2010 1791 1778
f 1830 1955 1909
f 1460 1853 1839
f 1793 1810 1769
f 1811 1820 1780
f 1820 1795 1794
f 1820 1794 1780
f 1972 1772 1813
f 1944 1773 1875
f 1743 1824 1876
f 1990 1621 1760
f 1677 1845 1948
f 1597 1934 1878
f 1918 1679 1550
f 1814 1936 1724
f 1816 1835 1828
f 1806 1817 1867
f 1867 1938 1746
f 1866 1836 1851
f 1699 1791 2009
f 1940 2008 1701
f 2009 1791 1641
f 1926 2071 1669
f 1982 1503 1928
f 1841 2013 1808
f 1840 1855 1793
f 1810 1741 1769
f 1809 1648 1856
f 1797 1689 1858
f 1796 1874 1758
f 1584 1523 1973
f 1886 1616 1822
f 1759 1825 2061
f 1784 1675 1913
f 1618 1436 1988
f 1436 1843 1988
f 1901 1934 1597
f 1992 1677 1948
f 1846 1833 1832
f 1720 1696 1916
f 1763 1920 1906
f 1880 1849 1787
f 1892 1789 1815
f 1938 1894 1835
f 1817 1868 1867
f 1817 1850 1868
f 1865 1866 1851
f 1818 1924 1979
f 1836 1869 1851
f 1701 2058 1778
f 1701 2008 2058
f 2071 1941 1669
f 1852 1838 1792
f 1793 1855 1854
f 1809 1810 1793
f 1636 1741 2000
f 1799 1798 1885
f 2021 1716 1819
f 1782 1976 1523
f 1913 1675 1931
f 1947 1913 1690
f 1913 1947 1784
f 1760 1784 2023
f 1760 2023 1990
f 1608 1844 1662
f 1914 1761 2176
f 1801 1845 1776
f 1622 1917 1918
f 1859 1720 1916
f 1833 1902 1801
f 1861 1623 1862
f 1904 1803 2040
f 1721 1745 1777
f 1803 1722 1919
f 1864 1827 1848
f 1815 1827 1864
f 1891 1879 1827
f 1891 1827 1816
f 1891 1816 1828
f 1907 1640 1724
f 1979 1895 1818
f 1866 1939 1836
f 1778 2058 2010
f 1807 1881 1641
f 1807 1882 1881
f 2059 1726 1941
f 1955 1829 2070
f 1838 1852 1883
f 1884 1852 1839
f 2114 1808 2013
f 1808 2114 1840
f 1854 1898 1793
f 2013 1841 1809
f 1809 1856 1810
f 1982 1957 1614
f 1957 1738 1614
f 1713 1797 1900
f 2072 1773 1944
f 1663 2176 1761
f 2147 2176 1663
f 1664 1831 1977
f 1664 1977 1832
f 1846 1902 1833
f 1860 1609 1878
f 1802 2005 1863
f 1802 1889 2005
f 1650 2041 1804
f 1834 2041 1650
f 1827 1879 1848
f 1640 1907 1592
f 1893 1866 1865
f 1894 1937 1835
f 1868 1850 2069
f 2069 1850 1895
f 1837 2011 1870
f 1725 2011 1837
f 1871 1837 2029
f 1896 1871 1980
f 1884 1839 1897
f 1853 1897 1839
f 1809 1793 1898
f 1911 2013 1809
f 1688 1857 2015
f 1984 2072 2034
f 1873 2021 1819
f 1972 1823 1821
f 1798 1874 1885
f 1857 1584 1973
f 1822 1929 1886
f 1689 1900 1858
f 1690 1943 1946
f 1988 1843 1914
f 1933 1775 1948
f 1877 1978 1831
f 1832 1977 1846
f 1863 1965 1889
f 1919 1722 1906
f 1788 1920 1763
f 1890 1880 1787
f 1815 2006 1892
f 1788 1805 1935
f 1851 1925 1865
f 1867 1995 1938
f 1851 1908 1925
f 1908 1851 1869
f 1954 1836 1939
f 1726 2059 1882
f 1838 1883 1926
f 1968 1792 1838
f 1853 1840 2114
f 1809 1898 1911
f 1855 1912 1854
f 1856 1648 2045
f 2035 1675 1566
f 1876 1783 1888
f 1887 1888 1783
f 1888 1887 1824
f 1782 1824 1887
f 1824 1782 1876
f 1783 1876 1782
f 1783 1618 1961
f 1888 1961 1876
f 1986 1931 1675
f 1618 1988 2048
f 1946 1947 1690
f 1948 2004 1933
f 1990 2109 1695
f 1916 1915 1859
f 1877 1903 1978
f 1903 1861 1862
f 1904 1903 1862
f 1803 1919 2040
f 1935 1805 1592
f 1893 1865 1922
f 1995 1867 1868
f 1836 1954 1869
f 1837 1870 2029
f 1881 1882 2059
f 1955 2070 2152
f 1852 1927 1883
f 1858 2089 1797
f 1885 1874 1899
f 1887 1976 1782
f 1930 1929 1822
f 1783 1961 1887
f 1887 1961 1976
f 1825 2047 2061
f 1715 1876 1962
f 1947 2092 1784
f 1775 1963 1948
f 1915 2064 1859
f 2148 1695 2109
f 1860 2133 1994
f 1918 2080 1679
f 1994 2024 1905
f 1951 1880 1890
f 1880 1951 1921
f 1921 1967 1880
f 1907 1724 1936
f 1892 2006 1923
f 1835 1937 1828
f 1952 1866 1893
f 1865 1925 1953
f 2086 1866 1952
f 1938 2085 1894
f 2056 1868 2069
f 1869 2095 1908
f 2010 2011 1725
f 1942 1838 1872
f 1942 1968 1838
f 1968 1928 1792
f 1927 1852 1884
f 1796 1799 1958
f 2035 1986 1675
f 1888 1976 1961
f 1976 1888 1824
f 1886 2022 1842
f 2122 1901 1774
f 1964 1860 1878
f 1801 2050 1845
f 1801 1902 2050
f 1904 2040 1903
f 1965 1863 2005
f 1762 2205 1696
f 2024 1786 1905
f 1880 1967 1849
f 1849 1967 2084
f 1907 1935 1592
f 2085 1937 1894
f 2086 1939 1866
f 1868 2056 1995
f 2070 1829 1896
f 1926 1968 1942
f 1897 1956 1884
f 1796 1958 1959
f 1900 1797 2089
f 1799 1885 1958
f 1959 1874 1796
f 2073 1823 1972
f 2022 1886 2159
f 1929 2159 1886
f 1943 1690 1759
f 1875 1913 1944
f 1913 1943 1944
f 1962 1824 1715
f 1842 2022 2037
f 1930 1842 2037
f 1913 1945 1943
f 1931 1945 1913
f 1946 1943 1945
f 1876 1961 2062
f 1961 1618 2048
f 1961 2048 1987
f 1963 1988 1914
f 1932 1785 1992
f 1963 1992 1948
f 1949 1964 1934
f 2004 1917 1622
f 1934 1964 1878
f 2080 2147 1679
f 1777 1966 1826
f 1890 1826 1966
f 1906 1920 1919
f 1804 2041 1762
f 1849 2084 1936
f 1921 1865 1967
f 1967 1865 1953
f 2181 1895 1996
f 1979 1996 1895
f 2096 1869 1954
f 1699 2009 1940
f 2029 1870 2011
f 1969 1942 1872
f 2227 1928 1968
f 1897 1853 1970
f 1872 1983 2140
f 1957 1813 1738
f 1899 1874 1960
f 1823 1929 1974
f 2061 2036 1759
f 1759 2036 1975
f 1975 1943 1759
f 1931 1943 1975
f 1824 1962 1976
f 1975 1945 1931
f 1931 1944 1943
f 1876 2002 1962
f 2045 1648 1662
f 1963 1775 1932
f 1785 1932 1775
f 1991 1859 2064
f 1978 2039 1831
f 2148 1847 1695
f 2205 1916 1696
f 1864 1848 1950
f 1788 2042 1920
f 1907 1936 1935
f 1922 1865 1921
f 1953 1925 2195
f 1925 1908 2028
f 2197 1895 2181
f 1869 2125 2095
f 2087 1641 1881
f 1871 2029 1980
f 1910 1909 2012
f 1897 1970 1956
f 2030 1912 1984
f 2015 1857 1971
f 1960 1874 1959
f 2034 2072 2117
f 1929 1930 1974
f 1986 1944 1931
f 1876 2062 2002
f 1946 1945 2001
f 2077 1988 1963
f 1963 1932 2077
f 1844 1859 1991
f 2004 1948 1993
f 1948 1845 1993
f 1949 2133 1964
f 1964 2133 1860
f 1917 2080 1918
f 1745 1847 2083
f 1951 1890 1966
f 2007 1935 1936
f 1891 1828 2239
f 1924 2054 2165
f 2097 2008 1940
f 2009 1641 2087
f 1955 2099 1909
f 1883 1927 1981
f 2012 1819 1910
f 1970 1853 2113
f 2140 1969 1872
f 1898 1854 2170
f 1885 1899 1960
f 2073 1929 1823
f 1974 2047 1823
f 1976 1973 1523
f 2062 1961 1987
f 1962 2002 2037
f 1947 1946 2092
f 1963 1914 2107
f 1934 1901 2122
f 1934 2078 1949
f 1889 1965 2082
f 1966 2025 1951
f 1951 1922 1921
f 2053 1952 1893
f 1923 2006 2054
f 1923 2054 1924
f 2028 2195 1925
f 1979 1924 2055
f 2055 2182 1979
f 2043 1954 1939
f 1908 2095 2225
f 1940 2009 2097
f 2070 1896 1980
f 2099 1997 1909
f 1968 1926 2227
f 1970 1981 1927
f 1927 1884 1956
f 1911 1856 2060
f 1911 2060 2013
f 2021 1873 2016
f 2089 2171 1900
f 1885 1960 1958
f 1959 1958 1985
f 1985 1960 1959
f 1987 1976 1962
f 1915 2003 2064
f 1915 1916 2081
f 1902 2135 2050
f 1745 2083 1777
f 2040 1919 2094
f 2006 1815 2042
f 1935 2006 1788
f 2054 1935 2007
f 2086 1952 2027
f 2239 1828 1937
f 2010 2098 2011
f 2099 1955 2152
f 1997 2012 1909
f 2140 1983 2347
f 1856 1911 1810
f 2188 1972 1813
f 2017 1958 1960
f 1999 2017 1960
f 2017 1999 2018
f 1998 1999 1960
f 1998 1960 1985
f 1857 1973 2118
f 1975 2102 1944
f 1962 2038 1987
f 1962 2037 2022
f 1962 2022 2038
f 1774 2021 2065
f 2037 2002 2038
f 2107 1914 2176
f 1993 1845 2132
f 1831 2039 1977
f 1977 2134 1846
f 2066 1978 1903
f 1889 2082 2005
f 2005 2082 2051
f 1762 2041 2137
f 1950 2026 1864
f 1864 2042 1815
f 1788 2006 2042
f 2053 1893 1922
f 2251 1879 1891
f 2251 1891 2239
f 1938 1995 2085
f 2069 1895 2197
f 1996 1979 2182
f 2225 2028 1908
f 2096 2125 1869
f 2011 2329 2029
f 2088 1970 1927
f 2012 1873 1819
f 1911 1898 2170
f 1984 2014 2030
f 2034 2014 1984
f 2017 2019 1958
f 2019 1998 2018
f 2018 1998 2017
f 1985 2017 1998
f 2017 1985 2019
f 2020 1985 1958
f 2020 1998 2019
f 2020 2019 1985
f 2020 1999 1998
f 2129 2073 1972
f 1975 2036 2102
f 1944 1986 2104
f 1987 2038 2062
f 2038 2075 2037
f 2045 1662 1991
f 1991 1662 1844
f 2062 2090 2002
f 1989 2063 2003
f 2106 1784 2092
f 1934 2122 2078
f 2132 1845 2093
f 2093 1845 2050
f 1902 1846 2206
f 1777 2083 2111
f 1834 1786 2052
f 1834 2323 2041
f 1848 1879 1950
f 2007 1936 2084
f 2086 2057 1939
f 2043 1939 2057
f 2168 2227 1926
f 1981 1970 2113
f 2170 1854 2257
f 1854 1912 2257
f 2257 1912 2030
f 1810 2116 1741
f 2032 2014 2031
f 2032 2030 2014
f 2014 2034 2033
f 2014 2033 2031
f 2032 2031 2033
f 2018 1999 2019
f 1999 1958 2019
f 1958 1999 2020
f 2103 2022 2159
f 2103 2216 2022
f 1944 2104 1975
f 1975 2104 1945
f 1988 2145 2048
f 2038 2002 2090
f 2049 2130 1989
f 1774 2065 2122
f 2092 1946 2001
f 1784 2106 2023
f 2107 1992 1963
f 1992 2107 1932
f 1989 2003 2049
f 2080 1917 2178
f 2066 1903 2040
f 2206 2135 1902
f 2026 2042 1864
f 2057 2044 2043
f 2097 2009 2198
f 1980 2029 2112
f 2168 1926 1883
f 2088 1927 1956
f 1911 2170 1810
f 2060 1856 2045
f 2032 2127 2030
f 2127 2032 2033
f 2034 2127 2033
f 2171 2089 2141
f 2188 2129 1972
f 1971 1857 2118
f 1900 2189 1858
f 2036 2061 2121
f 2161 2022 2216
f 1930 2103 1974
f 1930 2037 2162
f 2038 2022 2075
f 2105 2065 2021
f 2065 2105 2091
f 1932 2107 2077
f 2177 2146 2049
f 1915 2081 2003
f 2083 1847 2148
f 2067 2066 2040
f 2111 1966 1777
f 1951 2025 2193
f 1922 1951 2193
f 2053 2027 1952
f 1935 2054 2006
f 2208 1937 2085
f 1995 2056 2222
f 2056 2069 2270
f 1954 2043 2240
f 2097 2058 2008
f 2010 2058 2098
f 2087 1881 2059
f 1981 2168 1883
f 1982 1928 2227
f 2088 1956 1970
f 2116 1810 2201
f 2187 2015 1971
f 2172 2035 2000
f 2120 2036 2121
f 1900 2173 2189
f 1974 2046 2047
f 1976 1987 1973
f 1989 2130 2063
f 2003 2063 2064
f 1988 2077 2076
f 2091 2131 2065
f 2107 2176 2110
f 1993 2110 2004
f 2219 2132 2093
f 2093 2050 2263
f 2134 1978 1846
f 1846 1978 2123
f 2263 2050 2135
f 1994 2133 2260
f 2082 2067 2051
f 2260 2024 1994
f 1919 2179 2094
f 2352 1786 2024
f 2052 1786 2352
f 2164 1920 2042
f 1879 2068 1950
f 1967 1953 2194
f 1953 2195 2194
f 2239 1937 2208
f 1924 2165 2055
f 2055 2166 2182
f 2181 1996 2182
f 2058 2097 2098
f 2029 2329 2112
f 2059 1941 2185
f 1926 1942 2071
f 1853 2200 2113
f 2126 2114 2013
f 1741 2116 2000
f 2171 2173 1900
f 1929 2073 2159
f 2073 2046 2074
f 2129 2047 2073
f 2046 2073 2047
f 2047 2129 2074
f 2072 1944 2119
f 2101 2064 2063
f 2092 2001 2192
f 2023 2109 1990
f 2283 2106 2092
f 2177 2049 2003
f 2107 1993 2108
f 1993 2132 2108
f 2004 2079 1917
f 2123 2206 1846
f 2082 1965 2067
f 1965 2005 2051
f 1919 1920 2164
f 2084 1967 2194
f 2054 2007 2238
f 2086 2027 2335
f 2240 2043 2044
f 2071 2185 1941
f 2200 1853 2114
f 2016 1873 2169
f 1810 2170 2201
f 2000 2116 2100
f 2187 2159 2073
f 2073 2074 2187
f 2142 2187 2129
f 2129 2187 2074
f 2142 2074 2046
f 2142 2047 2074
f 2214 1986 2035
f 1930 2162 2103
f 2022 2161 2075
f 1945 2104 2001
f 2048 2143 1987
f 2162 2037 2075
f 2145 1988 2076
f 2107 2175 2077
f 2023 2106 2155
f 2107 2108 2175
f 2110 2156 2004
f 2040 2094 2067
f 2067 1965 2288
f 2026 1950 2249
f 1922 2193 2053
f 2007 2084 2194
f 1954 2240 2292
f 2011 2098 2329
f 2168 1981 2153
f 2012 2169 1873
f 2013 2060 2126
f 2169 2256 2016
f 2060 2045 2115
f 2332 2188 1813
f 2034 2117 2302
f 2229 1971 2118
f 2021 2186 2105
f 2142 2046 2187
f 2047 2142 2061
f 1986 2214 2104
f 1987 2143 1973
f 2038 2090 2062
f 2049 2146 2144
f 2131 2122 2065
f 2023 2155 2109
f 2107 2110 1993
f 2364 1949 2131
f 1949 2078 2131
f 2133 1949 2364
f 2039 2149 1977
f 2263 2149 2093
f 2148 2150 2083
f 1916 2205 2081
f 2052 2352 2207
f 1950 2124 2249
f 2124 1950 2068
f 1834 2151 2323
f 2086 2370 2057
f 2069 2252 2270
f 2069 2197 2252
f 2112 2070 1980
f 1981 2113 2153
f 1983 2015 2202
f 2089 1858 2128
f 1971 2229 2187
f 2117 2072 2119
f 2103 2046 1974
f 1944 2102 2119
f 1991 2115 2045
f 2154 2216 2103
f 2143 2048 2145
f 2092 2192 2283
f 2078 2122 2131
f 2132 2246 2108
f 2156 2079 2004
f 2093 2149 2219
f 2149 2134 1977
f 2232 2039 1978
f 2147 2080 2178
f 2094 2136 2067
f 2136 2051 2067
f 1834 2052 2151
f 1879 2251 2068
f 2007 2194 2238
f 2054 2238 2138
f 2196 2085 1995
f 2056 2270 2222
f 2096 2184 2125
f 2157 2087 2059
f 2185 2157 2059
f 2153 2113 2272
f 2113 2200 2337
f 2212 2200 2114
f 2127 2034 2302
f 2202 2015 2187
f 2021 2016 2186
f 2121 2188 2120
f 2186 2190 2105
f 2118 1973 2294
f 2061 2203 2121
f 2064 2101 2160
f 2061 2142 2203
f 2101 2063 2130
f 2294 1973 2143
f 2049 2330 2130
f 2144 2146 2319
f 2177 2003 2277
f 2081 2277 2003
f 2232 1978 2134
f 2066 2333 1978
f 1978 2262 2123
f 2236 1966 2111
f 2137 2205 1762
f 1966 2236 2025
f 2325 2164 2042
f 2028 2221 2195
f 2165 2221 2055
f 2196 1995 2222
f 2057 2370 2044
f 2096 1954 2292
f 2199 2185 2071
f 2332 1813 1957
f 2213 2186 2016
f 2188 2142 2129
f 2036 2120 2102
f 1858 2243 2128
f 2231 2001 2104
f 2091 2105 2163
f 2364 2131 2091
f 2039 2232 2149
f 2178 2419 2147
f 2134 2149 2262
f 2288 1965 2051
f 2124 2068 2180
f 2026 2325 2042
f 2054 2138 2139
f 2054 2139 2165
f 2208 2085 2269
f 2125 2167 2095
f 2198 2098 2097
f 2009 2087 2198
f 2112 2158 2070
f 1942 1969 2254
f 2113 2337 2272
f 2346 1982 2345
f 2346 1957 1982
f 2060 2115 2126
f 2331 2127 2302
f 2243 2213 2128
f 2188 2121 2142
f 2101 2130 2160
f 1991 2064 2160
f 2144 2330 2049
f 2105 2190 2163
f 2161 2174 2075
f 2162 2075 2174
f 2001 2231 2192
f 2076 2077 2175
f 2283 2155 2106
f 2233 2148 2109
f 2149 2263 2262
f 2111 2083 2150
f 2220 2094 2179
f 2179 1919 2164
f 2164 2325 2291
f 2027 2053 2290
f 2250 2194 2195
f 2125 2184 2167
f 2071 1942 2254
f 2172 2214 2035
f 2162 2154 2103
f 2104 2214 2274
f 2174 2216 2162
f 2578 2130 2330
f 2145 2076 2275
f 1917 2079 2178
f 2066 2067 2298
f 2136 2299 2051
f 2052 2207 2151
f 2193 2354 2053
f 2026 2324 2325
f 2354 2290 2053
f 2044 2370 2240
f 2181 2182 2223
f 2158 2152 2070
f 2126 2212 2114
f 2170 2257 2201
f 2141 2089 2128
f 1983 2202 2405
f 2173 2171 2273
f 2229 2159 2187
f 2120 2188 2259
f 2186 2243 2190
f 2102 2120 2119
f 2187 2046 2318
f 2046 2103 2318
f 2243 2163 2190
f 2161 2216 2174
f 2091 2163 2303
f 2191 2175 2217
f 2217 2175 2245
f 2319 2146 2218
f 2204 2110 2176
f 2262 2232 2134
f 2333 2262 1978
f 2094 2220 2136
f 2298 2067 2288
f 2264 2135 2235
f 2206 2235 2135
f 2051 2299 2288
f 2041 2323 2137
f 2424 2138 2238
f 2251 2239 2279
f 2221 2271 2055
f 2225 2209 2028
f 2096 2292 2184
f 2257 2030 2331
f 2256 2213 2016
f 2186 2213 2243
f 2374 1991 2160
f 2318 2154 2162
f 2104 2230 2231
f 2191 2076 2175
f 2191 2245 2076
f 2191 2217 2245
f 2364 2091 2303
f 2246 2156 2110
f 2079 2156 2624
f 2233 2150 2148
f 2123 2235 2206
f 2249 2267 2026
f 2027 2290 2335
f 2326 2068 2251
f 2335 2370 2086
f 2181 2223 2197
f 2158 2389 2152
f 1997 2169 2012
f 2227 2168 2211
f 2272 2211 2153
f 2127 2331 2030
f 2116 2258 2100
f 2115 1991 2374
f 2173 2215 2316
f 2316 2330 2144
f 2173 2316 2144
f 1858 2189 2243
f 2216 2318 2162
f 2230 2104 2274
f 2175 2108 2244
f 2108 2246 2244
f 2244 2110 2204
f 2146 2177 2365
f 2110 2244 2246
f 2204 2176 2147
f 2147 2419 2306
f 2109 2155 2233
f 2219 2149 2232
f 2419 2178 2381
f 2307 2111 2150
f 2135 2264 2263
f 2179 2164 2291
f 2236 2193 2025
f 2194 2250 2238
f 2195 2221 2250
f 2269 2085 2196
f 2225 2183 2209
f 2209 2183 2226
f 2183 2224 2226
f 2225 2300 2183
f 2184 2292 2327
f 2087 2157 2198
f 2168 2153 2211
f 2141 2533 2171
f 2128 2373 2141
f 2229 2103 2159
f 2229 2242 2103
f 2414 2160 2130
f 2318 2103 2242
f 2246 2515 2156
f 2379 2132 2219
f 2247 2155 2283
f 2247 2150 2233
f 2220 2298 2136
f 2248 2137 2323
f 2249 2124 2268
f 2124 2180 2268
f 2326 2180 2068
f 2239 2208 2279
f 2055 2271 2166
f 2226 2210 2253
f 2224 2210 2226
f 2300 2280 2183
f 2183 2328 2224
f 2184 2327 2388
f 1997 2099 2493
f 2255 2211 2272
f 2373 2128 2213
f 2347 1983 2405
f 2346 2391 1957
f 2302 2117 2358
f 2187 2228 2202
f 2120 2360 2119
f 2121 2282 2142
f 2142 2282 2203
f 2203 2259 2121
f 2318 2242 2154
f 2319 2189 2173
f 2231 2305 2192
f 2204 2147 2306
f 2247 2233 2155
f 2219 2232 2379
f 2234 2232 2262
f 2277 2081 2205
f 2307 2150 2247
f 2286 2299 2136
f 2311 2024 2260
f 2352 2024 2311
f 2207 2278 2151
f 2026 2267 2324
f 2424 2237 2138
f 2138 2237 2139
f 2209 2226 2253
f 2225 2095 2300
f 2337 2200 2212
f 2116 2201 2258
f 2188 2332 2259
f 2172 2293 2214
f 2120 2259 2360
f 2121 2259 2282
f 2296 2243 2189
f 2154 2350 2216
f 2363 2318 2216
f 2350 2363 2216
f 2274 2214 2376
f 2145 2433 2143
f 2230 2305 2231
f 2192 2305 2283
f 2246 2132 2338
f 2132 2379 2338
f 2364 2260 2133
f 2247 2283 2276
f 2178 2079 2381
f 2179 2265 2220
f 2236 2111 2339
f 2309 2207 2352
f 2284 2205 2137
f 2249 2312 2267
f 2266 2354 2193
f 2278 2323 2151
f 2325 2237 2291
f 2028 2271 2221
f 2253 2210 2301
f 2210 2224 2281
f 2184 2388 2167
f 2459 2157 2185
f 2112 2329 2158
f 2254 2633 2071
f 2211 2255 2227
f 2345 1982 2227
f 2258 2201 2257
f 2171 2533 2273
f 2000 2100 2172
f 2273 2215 2173
f 2318 2228 2187
f 2163 2243 2296
f 2145 2275 2433
f 2245 2175 2244
f 2338 2245 2244
f 2434 2245 2338
f 2156 2515 2624
f 2232 2261 2379
f 2232 2234 2261
f 2298 2220 2265
f 2123 2262 2310
f 2309 2285 2207
f 2291 2442 2179
f 2284 2137 2248
f 2165 2139 2221
f 2269 2426 2208
f 2209 2271 2028
f 2167 2300 2095
f 2280 2328 2183
f 2158 2315 2389
f 2272 2337 2344
f 2256 2372 2213
f 2141 2373 2533
f 2241 2229 2118
f 2117 2119 2359
f 2361 2259 2203
f 2130 2578 2414
f 2297 2305 2230
f 2218 2146 2365
f 2277 2205 2284
f 2136 2298 2288
f 2123 2341 2235
f 2236 2266 2193
f 2424 2291 2237
f 2180 2326 2473
f 2424 2238 2250
f 2370 2335 2313
f 2196 2357 2269
f 2252 2197 2428
f 2223 2428 2197
f 2253 2271 2209
f 2166 2223 2182
f 2314 2327 2292
f 2210 2281 2301
f 2198 2371 2098
f 2462 2254 1969
f 2273 2533 2706
f 2118 2294 2241
f 2350 2154 2242
f 2173 2144 2319
f 2163 2296 2303
f 2244 2417 2351
f 2244 2351 2338
f 2365 2308 2218
f 2234 2408 2261
f 2234 2262 2333
f 2263 2340 2262
f 2066 2397 2333
f 2397 2066 2298
f 2309 2308 2285
f 2298 2265 2286
f 2136 2288 2286
f 2265 2179 2442
f 2339 2367 2236
f 2235 2341 2287
f 2312 2322 2289
f 2249 2268 2312
f 2270 2427 2222
f 2522 2270 2252
f 2152 2460 2099
f 2493 2099 2460
f 2272 2448 2255
f 2257 2331 2258
f 2203 2282 2361
f 2230 2274 2376
f 2376 2304 2230
f 2434 2377 2245
f 2338 2351 2246
f 2305 2276 2283
f 2277 2395 2177
f 2311 2260 2469
f 2286 2397 2298
f 2307 2339 2111
f 2310 2341 2123
f 2442 2299 2286
f 2289 2322 2321
f 2312 2289 2353
f 2353 2267 2312
f 2248 2323 2385
f 2267 2334 2324
f 2458 2424 2250
f 2326 2251 2279
f 2196 2222 2357
f 2252 2428 2522
f 2271 2253 2166
f 2166 2253 2336
f 2253 2301 2336
f 2198 2157 2459
f 2158 2329 2315
f 2185 2403 2459
f 1997 2546 2169
f 2169 2461 2256
f 2449 1969 2140
f 2344 2212 2126
f 2374 2160 2414
f 2282 2259 2332
f 2332 2361 2282
f 2361 2317 2360
f 2259 2361 2360
f 2119 2295 2359
f 2119 2360 2295
f 2296 2189 2319
f 2218 2498 2319
f 2286 2265 2442
f 2235 2287 2264
f 2367 2266 2236
f 2355 2268 2180
f 2473 2326 2521
f 2520 2313 2335
f 2221 2139 2250
f 2403 2185 2199
f 2272 2344 2448
f 2577 2330 2316
f 2580 2332 1957
f 2100 2258 2582
f 2172 2100 2293
f 2330 2577 2578
f 2242 2375 2350
f 2229 2375 2242
f 2376 2214 2362
f 2076 2245 2377
f 2304 2297 2230
f 2246 2351 2515
f 2320 2276 2297
f 2297 2276 2305
f 2364 2469 2260
f 2320 2247 2276
f 2247 2320 2307
f 2277 2284 2395
f 2264 2340 2263
f 2442 2519 2299
f 2289 2321 2353
f 2322 2312 2369
f 2335 2290 2505
f 2411 2139 2237
f 2458 2250 2411
f 2270 2522 2427
f 2336 2223 2166
f 2292 2413 2314
f 2328 2401 2224
f 2371 2329 2098
f 2315 2329 2371
f 2389 2460 2152
f 2447 2254 2462
f 2344 2337 2404
f 2373 2213 2372
f 2331 2430 2258
f 2115 2374 2479
f 1957 2391 2580
f 2580 2465 2332
f 2241 2415 2229
f 2358 2117 2359
f 2293 2362 2214
f 2228 2415 2202
f 2320 2297 2378
f 2218 2308 2498
f 2262 2340 2310
f 2286 2288 2383
f 2366 2286 2383
f 2323 2278 2385
f 2473 2355 2180
f 2411 2250 2139
f 2279 2342 2326
f 2292 2240 2413
f 2388 2569 2167
f 2344 2126 2479
f 2479 2126 2115
f 2349 2331 2302
f 2706 2215 2273
f 2215 2707 2316
f 2332 2465 2361
f 2319 2394 2296
f 2417 2244 2204
f 2297 2453 2378
f 2516 2320 2378
f 2365 2436 2308
f 2234 2380 2437
f 2436 2285 2308
f 2307 2320 2339
f 2397 2286 2366
f 2456 2341 2310
f 2321 2322 2369
f 2368 2442 2291
f 2399 2267 2353
f 2369 2312 2268
f 2424 2368 2291
f 2335 2505 2520
f 2313 2520 2425
f 2279 2208 2412
f 2208 2426 2412
f 2269 2356 2426
f 2269 2357 2356
f 2240 2370 2445
f 2386 2327 2314
f 2327 2386 2388
f 1997 2493 2546
f 2462 1969 2449
f 2140 2347 2463
f 2316 2429 2577
f 2302 2358 2349
f 2415 2241 2202
f 2406 2375 2229
f 2228 2318 2415
f 2377 2275 2076
f 2333 2409 2234
f 2320 2396 2339
f 2340 2456 2310
f 2422 2278 2207
f 2422 2207 2285
f 2321 2369 2341
f 2321 2398 2353
f 2531 2413 2240
f 2167 2489 2300
f 2224 2387 2281
f 2447 2633 2254
f 2255 2390 2227
f 2258 2348 2595
f 2407 2350 2375
f 2375 2318 2363
f 2415 2318 2496
f 2304 2453 2297
f 2418 2515 2351
f 2338 2379 2435
f 2395 2284 2438
f 2380 2234 2409
f 2420 2472 2339
f 2248 2438 2284
f 2299 2383 2288
f 2299 2399 2383
f 2442 2368 2421
f 2399 2334 2267
f 2368 2424 2423
f 2355 2473 2603
f 2325 2411 2237
f 2342 2279 2412
f 2413 2386 2314
f 2300 2489 2280
f 2328 2280 2490
f 2315 2492 2389
f 2404 2524 2344
f 2372 2571 2373
f 2344 2524 2212
f 2478 2533 2373
f 2634 2346 2345
f 2479 2374 2548
f 2582 2258 2595
f 2561 2578 2577
f 2100 2582 2293
f 2359 2392 2358
f 2514 2392 2359
f 2359 2362 2514
f 2407 2375 2363
f 2318 2375 2496
f 2450 2304 2376
f 2351 2417 2418
f 2338 2418 2434
f 2177 2395 2365
f 2379 2261 2435
f 2380 2439 2440
f 2516 2382 2320
f 2472 2367 2339
f 2299 2519 2399
f 2266 2367 2410
f 2384 2287 2341
f 2398 2321 2341
f 2341 2369 2384
f 2357 2222 2427
f 2445 2531 2240
f 2301 2343 2336
f 2492 2371 2198
f 2390 2345 2227
f 2404 2337 2212
f 2349 2430 2331
f 2347 2405 2512
f 2241 2294 2464
f 2361 2467 2317
f 2392 2514 2393
f 2229 2415 2406
f 2363 2496 2406
f 2363 2406 2407
f 2406 2496 2375
f 2359 2393 2362
f 2407 2406 2416
f 2496 2363 2416
f 2393 2376 2362
f 2434 2451 2377
f 2565 2417 2204
f 2338 2435 2454
f 2261 2408 2435
f 2436 2365 2395
f 2485 2498 2308
f 2308 2309 2485
f 2079 2502 2381
f 2320 2420 2396
f 2382 2420 2320
f 2409 2340 2380
f 2333 2397 2409
f 2311 2499 2352
f 2352 2485 2309
f 2436 2422 2285
f 2472 2410 2367
f 2423 2421 2368
f 2400 2266 2410
f 2266 2400 2354
f 2424 2458 2443
f 2521 2326 2342
f 2444 2426 2356
f 2357 2599 2356
f 2401 2387 2224
f 2281 2476 2475
f 2167 2569 2489
f 2371 2492 2315
f 2071 2633 2199
f 2524 2525 2212
f 2429 2316 2593
f 2293 2514 2362
f 2361 2465 2466
f 2317 2467 2538
f 2359 2295 2393
f 2296 2394 2303
f 2497 2483 2304
f 2483 2453 2304
f 2744 2565 2204
f 2418 2338 2454
f 2408 2234 2437
f 2499 2311 2469
f 2339 2396 2420
f 2340 2439 2380
f 2499 2485 2352
f 2409 2397 2517
f 2264 2503 2340
f 2287 2503 2264
f 2383 2441 2555
f 2457 2442 2421
f 2248 2385 2438
f 2341 2556 2398
f 2383 2527 2441
f 2398 2287 2384
f 2278 2422 2385
f 2313 2528 2370
f 2528 2445 2370
f 2530 2357 2427
f 2475 2301 2281
f 2387 2476 2281
f 2490 2280 2489
f 2490 2446 2328
f 2198 2459 2492
f 2372 2256 2461
f 2390 2634 2345
f 2212 2525 2404
f 2258 2430 2348
f 2374 2642 2548
f 2202 2241 2513
f 2376 2393 2450
f 2467 2361 2431
f 2416 2363 2432
f 2432 2407 2416
f 2432 2363 2350
f 2623 2143 2433
f 2497 2304 2450
f 2204 2306 2744
f 2624 2501 2079
f 2340 2503 2439
f 2456 2340 2409
f 2397 2366 2555
f 2383 2555 2366
f 2456 2556 2341
f 2556 2287 2398
f 2398 2384 2486
f 2353 2383 2399
f 2324 2334 2636
f 2324 2636 2325
f 2411 2325 2637
f 2343 2301 2475
f 2388 2508 2569
f 2328 2446 2401
f 2462 2255 2447
f 2255 2448 2509
f 2478 2373 2571
f 2449 2140 2463
f 2525 2547 2404
f 2348 2430 2511
f 2374 2414 2642
f 2317 2539 2360
f 2416 2406 2464
f 2415 2464 2406
f 2415 2496 2464
f 2360 2539 2295
f 2450 2393 2481
f 2361 2466 2431
f 2407 2432 2350
f 2294 2143 2584
f 2552 2623 2433
f 2454 2515 2418
f 2454 2435 2470
f 2440 2437 2380
f 2439 2409 2440
f 2503 2409 2439
f 2409 2503 2456
f 2456 2503 2440
f 2441 2527 2526
f 2636 2334 2399
f 2290 2354 2542
f 2423 2424 2443
f 2369 2568 2384
f 2268 2585 2369
f 2474 2342 2412
f 2444 2649 2426
f 2488 2428 2223
f 2336 2506 2223
f 2386 2402 2388
f 2372 2461 2559
f 2255 2509 2447
f 2344 2576 2448
f 2404 2510 2524
f 2464 2562 2241
f 2513 2241 2562
f 2358 2392 2480
f 2295 2539 2392
f 2392 2393 2295
f 2303 2482 2364
f 2469 2364 2482
f 2418 2417 2452
f 2418 2452 2434
f 2468 2452 2454
f 2453 2566 2378
f 2500 2435 2408
f 2395 2455 2436
f 2438 2455 2395
f 2408 2437 2500
f 2419 2381 2502
f 2079 2501 2502
f 2517 2397 2555
f 2385 2455 2438
f 2422 2455 2385
f 2410 2472 2518
f 2410 2518 2400
f 2383 2353 2527
f 2636 2399 2519
f 2400 2647 2354
f 2486 2384 2568
f 2585 2268 2355
f 2638 2443 2458
f 2715 2520 2505
f 2474 2521 2342
f 2412 2679 2474
f 2412 2426 2649
f 2356 2599 2444
f 2387 2401 2507
f 2459 2620 2492
f 2546 2461 2169
f 2255 2477 2390
f 2255 2462 2477
f 2344 2479 2576
f 2524 2535 2525
f 2463 2347 2512
f 2346 2653 2391
f 2405 2202 2513
f 2481 2393 2514
f 2552 2433 2275
f 2497 2643 2483
f 2394 2482 2303
f 2498 2394 2319
f 2565 2452 2417
f 2434 2452 2540
f 2540 2452 2468
f 2454 2452 2484
f 2484 2515 2454
f 2468 2454 2470
f 2306 2419 2553
f 2500 2437 2435
f 2502 2553 2419
f 2516 2471 2382
f 2517 2456 2440
f 2436 2455 2422
f 2412 2649 2679
f 2488 2223 2506
f 2543 2343 2475
f 2389 2591 2460
f 2493 2460 2591
f 2510 2684 2524
f 2634 2653 2346
f 2511 2430 2494
f 2316 2707 2593
f 2358 2480 2349
f 2582 2514 2293
f 2580 2667 2465
f 2551 2317 2538
f 2480 2392 2481
f 2551 2495 2317
f 2317 2495 2539
f 2671 2467 2431
f 2584 2143 2623
f 2434 2564 2451
f 2434 2540 2564
f 2470 2484 2468
f 2409 2517 2440
f 2472 2420 2518
f 2421 2423 2504
f 2398 2486 2353
f 2505 2290 2542
f 2585 2568 2369
f 2313 2425 2612
f 2336 2343 2506
f 2386 2413 2605
f 2507 2476 2387
f 2523 2476 2507
f 2489 2544 2490
f 2401 2587 2507
f 2461 2546 2592
f 2477 2575 2390
f 2510 2404 2547
f 2524 2684 2535
f 2450 2481 2539
f 2515 2484 2470
f 2482 2499 2469
f 2482 2498 2485
f 2378 2566 2516
f 2437 2657 2435
f 2437 2440 2657
f 2517 2611 2456
f 2471 2400 2382
f 2287 2556 2503
f 2441 2526 2555
f 2611 2556 2456
f 2457 2421 2504
f 2457 2519 2442
f 2354 2647 2542
f 2353 2486 2527
f 2473 2521 2487
f 2528 2529 2445
f 2522 2428 2488
f 2476 2523 2475
f 2489 2569 2544
f 2386 2605 2402
f 2587 2558 2507
f 2546 2493 2591
f 2462 2449 2477
f 2448 2573 2509
f 2574 2449 2463
f 2525 2535 2511
f 2481 2392 2539
f 2481 2514 2670
f 2562 2496 2416
f 2685 2431 2466
f 2498 2482 2394
f 2540 2468 2484
f 2540 2484 2567
f 2482 2485 2499
f 2501 2624 2674
f 2400 2518 2420
f 2420 2382 2400
f 2611 2627 2556
f 2598 2504 2423
f 2423 2443 2638
f 2638 2598 2423
f 2636 2637 2325
f 2603 2585 2355
f 2637 2458 2411
f 2487 2521 2613
f 2520 2612 2425
f 2474 2679 2613
f 2488 2506 2557
f 2506 2343 2543
f 2388 2402 2508
f 2532 2572 2509
f 2573 2532 2509
f 2548 2576 2479
f 2577 2429 2579
f 2349 2480 2692
f 2450 2781 2497
f 2452 2565 2484
f 2483 2566 2453
f 2470 2567 2515
f 2567 2470 2435
f 2553 2502 2554
f 2657 2440 2503
f 2502 2501 2541
f 2597 2517 2555
f 2598 2457 2504
f 2527 2486 2639
f 2473 2487 2603
f 2474 2613 2521
f 2528 2628 2529
f 2530 2599 2357
f 2413 2531 2615
f 2475 2523 2543
f 2569 2491 2544
f 2544 2491 2490
f 2491 2569 2545
f 2490 2491 2589
f 2545 2589 2491
f 2389 2492 2850
f 2403 2199 2719
f 2633 2719 2199
f 2683 2633 2447
f 2447 2509 2683
f 2576 2684 2510
f 2511 2547 2525
f 2534 2547 2511
f 2511 2536 2534
f 2537 2511 2535
f 2348 2511 2537
f 2464 2496 2562
f 2539 2495 2563
f 2563 2450 2539
f 2431 2685 2671
f 2584 2735 2294
f 2294 2735 2583
f 2501 2674 2553
f 2503 2625 2657
f 2554 2502 2541
f 2457 2598 2519
f 2527 2639 2714
f 2638 2458 2637
f 2427 2522 2629
f 2523 2507 2558
f 2620 2459 2403
f 2575 2477 2449
f 2572 2532 2573
f 2478 2706 2533
f 2534 2536 2549
f 2534 2549 2560
f 2537 2560 2550
f 2547 2550 2560
f 2550 2547 2535
f 2534 2535 2547
f 2535 2534 2537
f 2560 2537 2534
f 2536 2511 2560
f 2560 2511 2494
f 2348 2560 2549
f 2536 2537 2549
f 2537 2536 2348
f 2560 2348 2536
f 2537 2550 2549
f 2550 2348 2549
f 2664 2512 2405
f 2513 2664 2405
f 2513 2562 2666
f 2710 2465 2667
f 2565 2451 2564
f 2565 2567 2484
f 2540 2567 2745
f 2553 2554 2501
f 2400 2471 2658
f 2568 2639 2486
f 2612 2520 2715
f 2445 2529 2687
f 2488 2629 2522
f 2543 2523 2586
f 2446 2490 2589
f 2850 2492 2705
f 2389 2850 2717
f 2572 2683 2509
f 2575 2449 2572
f 2684 2550 2535
f 2465 2710 2466
f 2621 2481 2670
f 2781 2450 2563
f 2451 2275 2377
f 2564 2609 2565
f 2540 2609 2564
f 2565 2609 2567
f 2567 2435 2745
f 2435 2657 2745
f 2610 2503 2556
f 2526 2597 2555
f 2701 2599 2530
f 2445 2614 2531
f 2629 2488 2630
f 2488 2557 2630
f 2506 2543 2557
f 2605 2413 2739
f 2523 2604 2586
f 2620 2705 2492
f 2591 2389 2717
f 2592 2559 2461
f 2683 2572 2449
f 2683 2449 2574
f 2573 2448 2576
f 2575 2634 2390
f 2576 2548 2641
f 2706 2707 2215
f 2577 2579 2561
f 2414 2578 2642
f 2349 2494 2430
f 2580 2391 2653
f 2581 2551 2538
f 2692 2480 2621
f 2582 2670 2514
f 2710 2685 2466
f 2596 2416 2464
f 2416 2596 2562
f 2781 2608 2497
f 2622 2623 2552
f 2483 2643 2566
f 2566 2643 2713
f 2540 2745 2609
f 2567 2803 2515
f 2609 2803 2567
f 2516 2694 2471
f 2647 2400 2658
f 2737 2636 2519
f 2313 2612 2528
f 2615 2739 2413
f 2402 2605 2616
f 2523 2558 2604
f 2508 2545 2569
f 2600 2589 2545
f 2607 2572 2573
f 2429 2593 2579
f 2642 2641 2548
f 2594 2547 2560
f 2561 2579 2708
f 2601 2595 2348
f 2758 2595 2601
f 2758 2582 2595
f 2481 2621 2480
f 2608 2643 2497
f 2541 2501 2554
f 2517 2597 2611
f 2542 2647 2725
f 2526 2527 2659
f 2603 2487 2747
f 2445 2687 2614
f 2606 2616 2570
f 2631 2570 2616
f 2617 2600 2545
f 2619 2570 2631
f 2606 2632 2590
f 2588 2570 2619
f 2570 2632 2606
f 2588 2632 2570
f 2793 2620 2403
f 2559 2571 2372
f 2572 2733 2575
f 2634 2575 2733
f 2574 2463 3026
f 2594 2510 2547
f 3026 2463 2797
f 2634 2819 2653
f 2512 2797 2463
f 2494 2349 2690
f 2690 2349 2692
f 2538 2467 2495
f 2581 2538 2495
f 2294 2596 2464
f 2611 2625 2602
f 2503 2602 2625
f 2602 2503 2597
f 2610 2597 2503
f 2597 2610 2611
f 2625 2611 2610
f 2627 2676 2556
f 2519 2598 2737
f 2527 2714 2659
f 2828 2613 2679
f 2599 2640 2444
f 2599 2701 2640
f 2427 2701 2530
f 2650 2427 2629
f 2651 2543 2586
f 2604 2651 2586
f 2617 2545 2508
f 2401 2446 2618
f 2606 2590 2600
f 2573 2576 2741
f 2576 2510 2741
f 2550 2601 2348
f 2664 2513 2666
f 2551 2654 2495
f 2781 2621 2670
f 2495 2712 2563
f 2803 2609 2745
f 2744 2306 2553
f 2626 2602 2597
f 2625 2626 2597
f 2602 2626 2611
f 2597 2526 2646
f 2628 2748 2529
f 2427 2650 2701
f 2614 2728 2531
f 2558 2791 2604
f 2402 2617 2508
f 2606 2402 2616
f 2402 2606 2617
f 2401 2618 2587
f 2618 2446 2589
f 2546 2591 2718
f 2719 2633 2769
f 2561 2708 2689
f 2494 2652 2635
f 2494 2690 2652
f 2581 2495 2669
f 2758 2670 2582
f 2294 2583 2596
f 2451 2686 2275
f 2625 2610 2626
f 2610 2556 2676
f 2626 2697 2611
f 2598 2638 2756
f 2585 2639 2568
f 2612 2628 2528
f 2531 2728 2615
f 2631 2704 2619
f 2620 2793 2705
f 2793 2403 2719
f 2633 2683 2778
f 2741 2607 2573
f 2561 2689 2578
f 2667 2580 2663
f 2563 2621 2781
f 2608 2781 2878
f 2584 2623 2622
f 2566 2693 2516
f 2784 2745 2657
f 2516 2693 2694
f 2656 2553 2674
f 2597 2646 2625
f 2646 2526 2677
f 2611 2697 2627
f 2676 2627 2648
f 2526 2659 2677
f 2756 2737 2598
f 2637 2756 2638
f 2585 2603 2788
f 2748 2687 2529
f 2749 2631 2616
f 2590 2632 2662
f 2733 2572 2607
f 2641 2642 2742
f 2578 2689 2642
f 2654 2551 2581
f 2686 2451 2565
f 2723 2656 2674
f 2694 2746 2471
f 2471 2746 2658
f 2610 2697 2626
f 2648 2627 2678
f 2505 2542 2725
f 2680 2679 2649
f 2649 2444 2640
f 2616 2605 2749
f 2704 2631 2749
f 2600 2590 2766
f 2633 2778 2769
f 2741 2510 2594
f 2641 2684 2576
f 2635 2560 2494
f 2664 2797 2512
f 2580 2653 2663
f 2654 2669 2495
f 2671 2712 2467
f 2563 2712 2621
f 2552 2275 2686
f 2686 2565 2744
f 2644 2645 2655
f 2566 2713 2693
f 2673 2645 2644
f 2744 2553 2656
f 2625 2697 2695
f 2725 2736 2675
f 2659 2678 2677
f 2505 2725 2715
f 2487 2613 2828
f 2640 2680 2649
f 2681 2661 2660
f 2660 2703 2681
f 2660 2682 2703
f 2688 2604 2791
f 2606 2600 2617
f 2732 2619 2704
f 2662 2766 2590
f 2591 2717 2718
f 2593 2707 2757
f 2684 2872 2550
f 2550 2872 2601
f 2654 2581 2665
f 2654 2665 2668
f 2669 2654 2668
f 2644 2655 2711
f 2643 2608 2799
f 2643 2799 2713
f 2655 2645 2804
f 2673 2644 2672
f 2624 2515 2803
f 2786 2645 2673
f 2657 2625 2695
f 2625 2646 2697
f 2697 2678 2627
f 2697 2677 2678
f 2648 2678 2714
f 2714 2678 2659
f 2762 2715 2725
f 2636 2763 2637
f 2828 2679 2699
f 2612 2700 2628
f 2630 2557 2740
f 2543 2651 2557
f 2739 2790 2605
f 2605 2790 2749
f 2705 2919 2850
f 2793 2719 2768
f 2546 2718 2592
f 2794 2478 2571
f 2779 2741 2594
f 2733 2734 2634
f 2689 2742 2642
f 2855 2797 2664
f 2692 2810 2690
f 2666 2691 2664
f 2596 2859 2562
f 2666 2562 2859
f 2596 2583 2761
f 2712 2760 2621
f 2799 2722 2713
f 2673 2672 2798
f 2675 2726 2725
f 2636 2737 2763
f 2747 2788 2603
f 2716 2681 2728
f 2615 2728 2681
f 2681 2703 2615
f 2831 2660 2661
f 2632 2588 2767
f 2732 2588 2619
f 2559 2592 2720
f 2559 2720 2571
f 2478 2794 2706
f 2594 2560 2820
f 2667 2663 2691
f 2685 2710 2671
f 2495 2467 2712
f 2672 2644 2743
f 2584 2622 2754
f 2736 2805 2675
f 2725 2696 2736
f 2610 2695 2697
f 2675 2805 2698
f 2675 2698 2726
f 2637 2763 2756
f 2747 2487 2828
f 2650 2629 2702
f 2702 2629 2630
f 2716 2729 2681
f 2729 2661 2681
f 2615 2703 2739
f 2558 2587 2775
f 2792 2587 2618
f 2589 2766 2618
f 2600 2766 2589
f 2632 2731 2662
f 2767 2731 2632
f 2767 2588 2732
f 2720 2592 2718
f 2683 2574 2778
f 2741 2779 2751
f 2652 2690 2753
f 2809 2663 2653
f 2692 2621 2821
f 2760 2821 2621
f 2583 2735 2761
f 2826 2658 2746
f 2697 2646 2724
f 2738 2639 2585
f 2715 2884 2612
f 2680 2640 2789
f 2727 2640 2701
f 2650 2727 2701
f 2651 2604 2688
f 2703 2682 2730
f 2750 2682 2660
f 2818 2766 2662
f 2870 2706 2794
f 2741 2770 2607
f 2751 2779 2742
f 2751 2742 2771
f 2742 2684 2641
f 2771 2742 2689
f 2820 2560 2635
f 2663 2664 2691
f 2669 2665 2581
f 2981 2670 2758
f 2743 2644 2711
f 2712 2671 2822
f 2711 2655 2853
f 2800 2875 2655
f 2655 2804 2800
f 2713 2722 2693
f 2624 2803 2674
f 2825 2736 2696
f 2695 2610 2724
f 2773 2677 2724
f 2677 2773 2646
f 2695 2646 2773
f 2646 2695 2724
f 2697 2724 2677
f 2648 2865 2676
f 2884 2700 2612
f 2679 2680 2699
f 2614 2687 2899
f 2702 2630 2740
f 2557 2651 2740
f 2558 2775 2791
f 2719 2769 2768
f 2684 2752 2872
f 2810 2601 2820
f 2711 2708 2579
f 2601 2810 2758
f 2709 2820 2601
f 2758 2820 2709
f 2667 2691 2759
f 2858 2666 2859
f 2859 2596 2761
f 2671 2710 2822
f 2721 2672 2743
f 2735 2812 2761
f 2721 2798 2672
f 2693 2746 2694
f 2724 2610 2773
f 2610 2865 2773
f 2610 2676 2865
f 2738 2585 2788
f 2774 2828 2699
f 2700 2748 2628
f 2716 2728 2614
f 2614 2729 2716
f 2703 2790 2739
f 2703 2730 2790
f 2791 2765 2651
f 2720 2718 2777
f 2571 2720 2794
f 2872 2709 2601
f 2579 2808 2711
f 2810 2753 2690
f 2669 2668 2665
f 2853 2655 2875
f 2799 2608 2878
f 2755 2686 2744
f 2928 2674 2803
f 2657 2695 2784
f 2807 2727 2650
f 2702 2807 2650
f 2688 2791 2651
f 2661 2867 2831
f 2651 2764 2740
f 2651 2765 2764
f 2684 2742 2752
f 2635 2652 2820
f 2663 2854 2664
f 2809 2854 2663
f 2691 2772 2759
f 2691 2666 2772
f 2759 2710 2667
f 2923 2721 2743
f 2735 2584 2879
f 2986 2686 2755
f 2673 2798 2917
f 2804 2645 2786
f 2723 2896 2656
f 2673 2917 2786
f 2696 2847 2825
f 2736 2825 2805
f 2975 2698 2805
f 2714 2639 2827
f 2930 2715 2762
f 2639 2738 2827
f 2848 2704 2749
f 2831 2750 2660
f 2765 2833 2764
f 2890 2587 2792
f 2705 2793 2902
f 2718 2717 2777
f 2707 2706 2870
f 2795 2752 2742
f 2734 2819 2634
f 2593 2757 2808
f 2593 2808 2579
f 2652 2753 2874
f 2711 2853 2708
f 2772 2666 2858
f 2981 2876 2670
f 2670 2876 2781
f 2812 2735 2879
f 3087 2754 2622
f 2722 2799 2840
f 2686 2622 2552
f 2686 2986 2622
f 2755 2744 2845
f 2745 2783 2803
f 2784 2783 2745
f 2782 2746 2693
f 2784 2695 2824
f 2695 2773 2824
f 2696 2725 2847
f 2647 2847 2725
f 2726 2762 2725
f 2789 2829 2680
f 2834 2818 2662
f 2902 2919 2705
f 2850 2777 2717
f 2871 2757 2707
f 2796 2779 2594
f 2797 2855 3026
f 2743 2711 2808
f 2822 2710 2759
f 2879 2584 2754
f 2737 2756 2763
f 2698 2815 2816
f 2787 2714 2827
f 2726 2698 2816
f 2738 2788 2817
f 2829 2699 2680
f 2889 2730 2682
f 2890 2775 2587
f 2818 2618 2766
f 2770 2751 2771
f 2771 2689 2949
f 2795 2742 2779
f 2855 2664 2854
f 2856 2820 2758
f 2854 2780 2857
f 2772 2857 2780
f 2859 2761 2936
f 2761 2812 2936
f 2805 2825 2883
f 2647 2658 2826
f 2714 2787 2648
f 2788 2747 2806
f 2747 2828 2908
f 2807 2946 2727
f 2702 2740 2830
f 2740 2764 2830
f 2750 2831 2832
f 2791 2776 2765
f 2662 2849 2834
f 2833 2765 2776
f 2777 2837 2720
f 2770 2741 2751
f 2733 2607 2770
f 2853 2689 2708
f 2819 2994 2653
f 2709 2872 2924
f 2652 2873 2820
f 2808 2923 2743
f 2758 2810 2856
f 2809 2952 2854
f 2801 2802 2880
f 2845 2744 2656
f 2783 2784 2942
f 2656 2896 2845
f 2786 2955 2804
f 2847 2647 2826
f 2787 2865 2648
f 2806 2747 2908
f 2700 2885 2748
f 2901 2661 2729
f 2901 2867 2661
f 2790 2730 2848
f 2849 2662 2731
f 2869 2837 2777
f 2837 2794 2720
f 2913 2757 2871
f 2852 2594 2820
f 2652 2874 2873
f 2873 2810 2820
f 2854 2772 2780
f 2709 2981 2758
f 2712 2838 2760
f 2876 2878 2781
f 2840 2799 2937
f 3017 2804 2813
f 2802 2860 2880
f 2801 2814 2802
f 2860 1 2814
f 2802 1 2860
f 2814 1 2802
f 2928 2803 2915
f 2773 2999 2824
f 2864 2999 2773
f 2773 2865 2864
f 2698 2975 2815
f 2930 2726 2816
f 2774 2699 2829
f 2700 2987 2885
f 2748 2885 2687
f 2687 2885 2899
f 2789 2640 2727
f 2932 2729 2614
f 2702 2830 2807
f 2866 2848 2749
f 2889 2848 2730
f 2890 2791 2775
f 2682 2868 2889
f 2750 2868 2682
f 2832 2868 2750
f 2704 2848 2732
f 2732 2911 2767
f 2776 2835 2833
f 2793 2836 2902
f 2768 2836 2793
f 2769 2778 2921
f 2771 2949 3061
f 2574 3026 2912
f 2796 2594 2852
f 2874 2810 2873
f 2810 2874 2753
f 2721 2903 2798
f 2799 2878 2937
f 2800 2804 3017
f 2722 2841 2693
f 2801 2755 2783
f 2801 2880 2755
f 2693 2841 2782
f 2940 2783 2755
f 2801 2783 2942
f 2897 2785 2846
f 2785 2863 2846
f 2805 2883 2975
f 2726 2930 2762
f 2884 2715 2930
f 2866 2749 2790
f 2890 2776 2791
f 2818 2792 2618
f 2777 2850 2869
f 2770 2771 2851
f 2912 2778 2574
f 2913 2808 2757
f 2689 2853 2949
f 2760 2838 2821
f 2877 2823 2839
f 2798 2903 2916
f 2845 2940 2755
f 2801 2842 2843
f 2814 2801 2843
f 2814 2843 2860
f 2801 2942 2844
f 2801 2844 2842
f 2844 1 2842
f 2842 1 2843
f 2844 2843 1
f 2927 2723 2674
f 2826 2746 2907
f 2897 2863 2785
f 2897 2927 2863
f 2817 2944 2738
f 2788 2806 2817
f 2829 2789 2945
f 2727 2946 2789
f 2932 2901 2729
f 2764 2887 2830
f 2764 2833 3047
f 2776 2978 2835
f 2869 2850 2919
f 2920 2768 2769
f 2920 2769 2921
f 2837 2870 2794
f 2795 2922 2752
f 2857 2772 2858
f 2822 2759 2772
f 2712 2822 2838
f 2840 2939 2722
f 2939 2841 2722
f 2860 2843 2881
f 2844 2942 2861
f 1 2881 2843
f 1 2844 2861
f 2861 2942 2862
f 2862 1 2861
f 2954 2928 2915
f 2798 2916 2917
f 2928 2927 2674
f 2804 2955 2813
f 3009 2786 2917
f 2918 2829 3011
f 2614 2899 2932
f 2977 2886 2888
f 2867 2901 2910
f 2790 2848 2866
f 2831 2867 3001
f 2911 2732 2848
f 2849 2731 3015
f 3058 2731 2767
f 2768 2920 2836
f 2837 2869 2962
f 2870 2871 2707
f 2891 2734 2733
f 2796 2795 2779
f 2809 2653 2994
f 2856 2810 2692
f 3075 2721 2923
f 3005 2821 2838
f 2858 2859 2914
f 2800 3017 2875
f 2839 2823 2996
f 2876 2971 2878
f 2903 2721 2968
f 2882 2881 1
f 2915 2803 2783
f 2941 2862 2942
f 2862 2882 1
f 2895 2942 2784
f 2746 2782 2907
f 2863 2927 2943
f 2883 2825 2898
f 2786 3009 2955
f 2827 3022 2787
f 2908 2828 2774
f 2774 2829 2918
f 2945 3011 2829
f 2789 2946 2945
f 2977 2888 2909
f 2959 2888 2886
f 2834 2849 2961
f 2934 2871 2870
f 2851 2771 3061
f 2854 2857 2951
f 2855 2854 2951
f 2692 2821 3122
f 2953 2838 2822
f 2811 2914 2859
f 2811 2936 2914
f 2878 2971 2937
f 2879 2754 3050
f 2622 2973 3087
f 2755 2880 2986
f 2940 2845 3029
f 2860 2881 2892
f 2860 2892 2893
f 2860 2893 2880
f 2880 2893 2986
f 2881 2882 2894
f 2881 2894 2892
f 2894 1 2892
f 2892 1 2893
f 2894 2893 1
f 2915 2783 2940
f 2882 2862 2941
f 2841 2907 2782
f 2927 2896 2723
f 2825 2847 2898
f 2817 2806 2956
f 2900 2886 2977
f 2909 2888 2901
f 2888 2910 2901
f 2888 2959 2910
f 2764 3014 2887
f 2833 2835 3047
f 2835 2978 2991
f 2920 2921 2993
f 2912 2963 2778
f 2871 3037 2913
f 2820 2856 3025
f 2980 2952 2809
f 2952 2772 2854
f 2925 2857 2858
f 3122 2821 3005
f 2859 2936 2811
f 2936 2812 2879
f 2937 2938 2840
f 2972 2754 3087
f 2986 2893 2926
f 2894 2882 2904
f 1 2894 2904
f 2905 2893 1
f 2893 2905 2926
f 2882 2941 2906
f 2882 2906 2904
f 2906 1 2904
f 2905 1 2906
f 1 2905 2904
f 2915 2845 2954
f 2784 2824 2895
f 2907 3018 2826
f 2943 2846 2863
f 2975 2883 2929
f 3022 2827 2944
f 2738 2944 2827
f 2930 3090 2884
f 2957 2899 2885
f 2958 2959 2886
f 2832 2831 3001
f 2792 2990 2890
f 2834 2961 2818
f 3014 2764 3047
f 2992 2836 2920
f 2934 2837 2962
f 2934 2870 2837
f 2934 2933 2871
f 2963 2921 2778
f 3025 2852 2820
f 2853 2875 2949
f 2856 2692 3122
f 2875 3017 2995
f 2877 2935 2823
f 3050 2754 2985
f 2986 2973 2622
f 2916 2903 3141
f 2906 2941 2926
f 2926 2905 2906
f 2826 3144 2847
f 2956 2944 2817
f 2932 2909 2901
f 2818 2961 2792
f 2919 2902 2947
f 2919 2947 2869
f 2947 2902 2836
f 2992 2947 2836
f 2851 2921 2963
f 2922 2795 2796
f 2994 2980 2809
f 2709 2924 2981
f 2951 2857 2925
f 2935 2997 2823
f 2938 2939 2840
f 3017 2813 3086
f 3029 2845 2915
f 2928 2943 2927
f 3144 2826 3018
f 2846 2927 2897
f 3020 2846 2943
f 2865 2787 2864
f 2884 2987 2700
f 2899 2957 3012
f 2931 2946 2807
f 2977 2909 3113
f 2958 2886 2900
f 2961 2849 3015
f 2869 2947 2962
f 2993 2921 2851
f 2923 2808 2913
f 2752 2922 2979
f 2721 3075 2968
f 2953 2822 2982
f 2983 2876 2981
f 2997 2996 2823
f 2876 2983 2971
f 2972 2985 2754
f 2926 2940 2986
f 2915 2940 2941
f 2926 2941 2940
f 2896 2927 3068
f 3008 2917 2916
f 2846 3020 2927
f 2956 2806 2976
f 2908 2976 2806
f 2987 2957 2885
f 2945 2946 3023
f 3013 2900 2977
f 2731 3058 3015
f 2767 2911 3058
f 2776 2890 2990
f 2776 3129 2978
f 2835 3002 3047
f 2947 2992 2933
f 3037 2871 2933
f 2733 2770 2948
f 2891 2733 2948
f 2734 2950 2819
f 3062 3075 2923
f 3025 2856 3004
f 2949 2875 2995
f 2772 2982 2822
f 2983 2969 2971
f 2877 2839 2970
f 2937 2971 2998
f 2938 3007 2939
f 3007 2974 2939
f 2841 2939 2974
f 2845 2896 3068
f 2841 3018 2907
f 2895 2824 2999
f 3069 2813 2955
f 3011 2945 3023
f 3023 2946 2931
f 2932 2899 3012
f 2848 2960 2911
f 2848 2889 2960
f 2835 2991 3002
f 2962 2947 2933
f 2920 3121 2992
f 2934 2962 2933
f 2965 2964 2948
f 2965 2948 2966
f 2966 2948 2770
f 2948 2967 2891
f 2948 2964 2967
f 2965 2967 2964
f 2923 2913 3062
f 2872 2752 3084
f 2950 2994 2819
f 2855 2951 3094
f 3005 2935 2877
f 2969 2877 2971
f 2937 2998 2938
f 3079 2941 2942
f 2927 3020 3068
f 2928 3030 2943
f 2929 2883 3032
f 2999 2864 3000
f 3071 2787 3022
f 2908 2774 2918
f 2900 3013 3055
f 2977 3113 3013
f 2830 2887 3128
f 3083 2959 2958
f 2961 2990 2792
f 3002 2991 3003
f 3016 2991 2978
f 2891 2967 3093
f 2966 2967 2965
f 2966 3093 2967
f 2838 2953 3049
f 2838 3049 3005
f 3040 2953 2982
f 2971 2984 2998
f 2983 2998 2984
f 2998 2983 2877
f 2984 2971 2877
f 2877 2969 2998
f 2972 3087 3166
f 2986 2940 3029
f 2941 3029 2915
f 2954 2845 3068
f 3079 2942 2895
f 3030 3020 2943
f 3009 2917 3043
f 2815 2975 3021
f 2787 3111 2864
f 2787 3071 3111
f 2816 3090 2930
f 2988 2989 3034
f 3045 2989 2988
f 2867 2910 3057
f 2851 2963 3060
f 2851 2966 2770
f 2912 3026 3048
f 2852 3004 2796
f 2979 3084 2752
f 3084 2924 2872
f 2935 3005 3049
f 2858 2914 3006
f 2984 2969 2983
f 2970 2984 2877
f 2998 2969 2970
f 2969 2984 2970
f 2879 3107 2936
f 3007 2998 2970
f 3007 2938 2998
f 2974 3041 2841
f 3080 2898 2847
f 2883 2898 3032
f 3000 3033 2999
f 3052 2955 3009
f 2975 2929 3145
f 2908 2918 3173
f 2918 3011 3054
f 2932 3113 2909
f 2900 3073 2958
f 2990 2961 3036
f 3016 3003 2991
f 2920 2993 3121
f 2891 3093 2734
f 2922 3038 2979
f 3038 2949 2995
f 2994 2950 3076
f 2982 2772 2952
f 3027 2935 3049
f 2997 2935 3027
f 2877 2983 3005
f 2936 3006 2914
f 2879 3050 3107
f 3099 2973 2986
f 3067 2954 3068
f 2841 3042 3018
f 3030 2954 3109
f 2999 3033 3019
f 3008 3043 2917
f 3144 3080 2847
f 3021 2975 3010
f 2864 3111 3000
f 2957 3053 3072
f 2957 3072 3012
f 2988 3034 3044
f 3112 3045 2988
f 2807 2830 3155
f 2867 3057 3001
f 3035 2868 2832
f 2776 2990 3036
f 3003 3104 3002
f 3061 3024 2851
f 3093 2950 2734
f 3038 3061 2949
f 2796 3004 3105
f 2852 3025 3004
f 2925 3094 2951
f 3039 2925 2858
f 3095 3040 2982
f 3165 2983 2981
f 3077 3028 3040
f 2953 3040 3028
f 3107 3006 2936
f 3086 3279 3017
f 3042 2841 3041
f 3079 3029 2941
f 2916 3141 3008
f 2954 3067 3109
f 2895 2999 3019
f 3031 3032 2898
f 2975 3145 3010
f 2815 3021 2816
f 2987 3053 2957
f 2988 3044 3258
f 3056 3055 3013
f 2807 3155 2931
f 3001 3035 2832
f 3157 3016 2978
f 2992 3114 2933
f 2933 3114 3037
f 3092 2963 2912
f 3037 3062 2913
f 3105 2922 2796
f 2982 2952 2980
f 3183 2856 3122
f 3027 3122 3005
f 3027 3123 2997
f 2974 3007 3098
f 2985 2972 3066
f 3051 2986 3029
f 2813 3069 3089
f 2954 3030 2928
f 3030 3068 3020
f 3080 3144 3103
f 2944 2956 3082
f 3173 2918 3152
f 3054 3011 3023
f 3138 3023 2931
f 2989 3055 3034
f 3015 3036 2961
f 3157 2978 3129
f 3074 3104 3003
f 2851 3060 2966
f 2966 3060 3093
f 3038 2995 2979
f 3026 2855 3236
f 3106 2994 3076
f 3236 2855 3094
f 3039 2858 3006
f 3122 3027 3049
f 2983 3027 3005
f 2983 3165 3027
f 3096 3049 2953
f 3028 3077 3133
f 3077 3040 3097
f 3107 3050 3065
f 3050 2985 3066
f 2972 3166 3108
f 3029 3079 3051
f 3144 3018 3143
f 3145 2929 3032
f 2955 3247 3069
f 3009 3070 3052
f 3022 3081 3071
f 3022 2944 3082
f 2908 3173 3136
f 2918 3054 3152
f 3112 2988 3258
f 3073 2900 3055
f 3240 2887 3014
f 2868 3046 2889
f 3058 2911 2960
f 2776 3036 3129
f 3047 3002 3130
f 3016 3074 3003
f 3105 3038 2922
f 3106 2980 2994
f 2856 3183 3004
f 2995 3017 3279
f 3096 2953 3028
f 3089 3086 2813
f 3087 2973 3099
f 2898 3080 3031
f 3170 3009 3043
f 3021 3172 2816
f 3053 3044 3034
f 3023 3138 3127
f 3045 3119 3055
f 2932 3012 3113
f 3045 3055 2989
f 3034 3055 3056
f 3083 2958 3073
f 3155 2830 3128
f 2910 3120 3057
f 2993 2851 3024
f 3092 3060 2963
f 3084 2979 2995
f 2996 2997 2839
f 2839 2997 2970
f 3098 3041 2974
f 3078 3101 3088
f 3088 3101 3282
f 3051 3099 2986
f 3143 3018 3042
f 2816 3172 3200
f 2956 2976 3191
f 2884 3053 2987
f 3119 3045 3112
f 3083 3296 3147
f 3240 3128 2887
f 2889 3046 2960
f 3014 3047 3156
f 3002 3104 3130
f 3059 2993 3024
f 3062 3140 3075
f 3105 3004 3063
f 2981 2924 3064
f 2980 3095 2982
f 3095 3133 3040
f 3028 3133 3115
f 3096 3028 3115
f 3176 3279 3086
f 3085 3098 3007
f 3051 3079 3100
f 3019 3033 3102
f 3190 3071 3081
f 3022 3082 3081
f 3200 3090 2816
f 2956 3191 3082
f 2976 2908 3136
f 3174 3119 3112
f 3013 3113 3056
f 2931 3139 3138
f 2959 3120 2910
f 3036 3015 3163
f 2868 3035 3046
f 3058 2960 3163
f 3047 3130 3156
f 3149 3061 3038
f 3084 3063 2924
f 3084 2995 3279
f 3094 2925 3039
f 3027 3165 3123
f 3077 3097 3194
f 2970 2997 3085
f 3007 2970 3085
f 3116 3050 3066
f 3159 3141 2903
f 3176 3086 3088
f 3086 3078 3088
f 3089 3078 3086
f 3099 3051 3167
f 3143 3042 3142
f 3282 3101 3124
f 3079 2895 3019
f 3008 3170 3043
f 3118 3033 3000
f 3053 3034 3072
f 3023 3127 3054
f 3034 3056 3072
f 3119 3137 3055
f 3073 3055 3091
f 3014 3250 3240
f 3015 3058 3163
f 3016 3157 3158
f 2993 3059 3121
f 3037 3205 3062
f 3093 3131 3132
f 3131 3061 3149
f 3063 3004 3207
f 3064 3165 2981
f 3077 3194 3133
f 3159 2903 2968
f 3050 3116 3065
f 3108 3066 2972
f 3108 3166 3195
f 3216 3087 3099
f 3098 3177 3041
f 3042 3041 3142
f 3079 3019 3100
f 3068 3125 3067
f 3109 3125 3030
f 3247 2955 3052
f 3118 3000 3134
f 3134 3000 3111
f 3126 3081 3082
f 3152 3054 3154
f 3072 3113 3012
f 2959 3083 3147
f 3036 3163 3129
f 3158 3074 3016
f 3093 3060 3131
f 3038 3105 3149
f 3048 3236 3235
f 3236 3048 3026
f 3140 2968 3075
f 3095 3115 3133
f 3040 3133 3097
f 3184 3085 2997
f 3078 3196 3101
f 3100 3109 3051
f 3031 3080 3110
f 3125 3068 3030
f 3032 3031 3117
f 3286 3010 3145
f 3190 3151 3071
f 2884 3192 3053
f 3055 3137 3091
f 3139 2931 3155
f 2960 3204 3163
f 3061 3131 3024
f 3006 3107 3193
f 3088 3282 3176
f 3166 3087 3216
f 3142 3041 3177
f 3186 3109 3100
f 3186 3125 3109
f 3031 3124 3117
f 3124 3101 3117
f 3110 3080 3103
f 3111 3151 3134
f 3111 3071 3151
f 3060 3092 3131
f 3048 3092 2912
f 3063 3084 3105
f 3004 3183 3436
f 3208 3095 2980
f 3051 3109 3160
f 3109 3067 3160
f 3101 3196 3217
f 3031 3110 3124
f 3102 3256 3019
f 3070 3187 3052
f 3090 3192 2884
f 3044 3053 3202
f 3154 3054 3127
f 3072 3056 3113
f 3261 3139 3155
f 3147 3120 2959
f 3057 3162 3001
f 3001 3162 3035
f 3104 3074 3231
f 3148 3074 3158
f 3114 2992 3121
f 3092 3222 3131
f 3062 3278 3140
f 3106 3208 2980
f 3049 3096 3209
f 3097 3133 3175
f 2997 3123 3184
f 3108 3195 3066
f 3185 3177 3098
f 3089 3196 3078
f 3160 3167 3051
f 3186 3100 3019
f 3136 3238 2976
f 3202 3258 3044
f 3146 3138 3139
f 3120 3162 3057
f 3157 3129 3164
f 3131 3149 3132
f 3093 3132 2950
f 3140 3150 2968
f 3207 3004 3436
f 3064 2924 3063
f 3183 3122 3268
f 3065 3193 3107
f 3098 3085 3185
f 3019 3256 3186
f 3247 3468 3069
f 3145 3032 3171
f 3170 3070 3009
f 3311 3070 3170
f 3021 3161 3172
f 3126 3135 3081
f 3082 3191 3259
f 3192 3090 3200
f 3201 3174 3112
f 3153 3137 3119
f 3139 3261 3146
f 3128 3220 3155
f 3147 3230 3120
f 3120 3230 3162
f 3204 2960 3046
f 3014 3156 3250
f 3241 3130 3104
f 3277 3037 3114
f 3037 3277 3205
f 3024 3131 3222
f 3092 3048 3222
f 3159 2968 3150
f 3122 3049 3268
f 3175 3133 3194
f 3116 3193 3065
f 3067 3125 3186
f 3008 3141 3168
f 3008 3168 3170
f 3032 3117 3171
f 3052 3187 3247
f 3010 3161 3021
f 3112 3258 3201
f 3136 3178 3238
f 3192 3202 3053
f 3173 3178 3136
f 3174 3153 3119
f 3179 3138 3146
f 3129 3163 3204
f 3204 3164 3129
f 3156 3130 3180
f 3062 3205 3278
f 3206 2950 3132
f 3084 3214 3105
f 3094 3039 3182
f 3039 3006 3401
f 3095 3269 3115
f 3123 3209 3184
f 3115 3269 3175
f 3115 3175 3096
f 3175 3210 3097
f 3116 3066 3195
f 3069 3285 3089
f 3117 3101 3217
f 3069 3468 3285
f 3197 3102 3033
f 3171 3117 3198
f 3134 3151 3257
f 3082 3259 3126
f 2976 3238 3191
f 3153 3228 3137
f 3137 3228 3091
f 3158 3157 3181
f 3148 3231 3074
f 3289 2950 3206
f 3242 3150 3140
f 3185 3085 3184
f 3142 3255 3143
f 3067 3186 3160
f 3124 3110 3211
f 3144 3143 3103
f 3197 3256 3102
f 3033 3118 3197
f 3226 3198 3117
f 3286 3161 3010
f 3172 3199 3200
f 3127 3138 3179
f 3229 3091 3228
f 3091 3229 3073
f 3229 3083 3073
f 3296 3083 3229
f 3240 3220 3128
f 3164 3181 3157
f 3094 3215 3236
f 3306 3209 3123
f 3096 3175 3270
f 3097 3210 3194
f 3177 3185 3255
f 3124 3327 3282
f 3225 3167 3169
f 3169 3160 3273
f 3187 3491 3247
f 3187 3070 3189
f 3171 3286 3145
f 3190 3081 3135
f 3202 3199 3258
f 3201 3337 3174
f 3238 3178 3239
f 3173 3152 3178
f 3154 3203 3152
f 3297 3147 3296
f 3261 3155 3220
f 3162 3276 3035
f 3156 3180 3549
f 3024 3222 3232
f 3291 3149 3105
f 3236 3215 3292
f 3323 3084 3279
f 3049 3209 3268
f 3194 3270 3175
f 3185 3184 3223
f 3166 3284 3195
f 3416 3195 3284
f 3284 3166 3216
f 3224 3168 3141
f 3142 3177 3255
f 3327 3124 3211
f 3160 3169 3167
f 3256 3197 3309
f 3170 3336 3311
f 3153 3249 3228
f 3219 3127 3179
f 3146 3260 3179
f 3046 3212 3204
f 3035 3212 3046
f 3241 3180 3130
f 3158 3181 3213
f 3231 3241 3104
f 3234 3222 3048
f 3132 3149 3206
f 3105 3214 3291
f 2950 3243 3076
f 3207 3214 3063
f 3150 3253 3159
f 3324 3182 3039
f 3237 3165 3064
f 3193 3428 3006
f 3185 3223 3281
f 3216 3099 3225
f 3099 3167 3225
f 3143 3334 3103
f 3359 3226 3117
f 3189 3070 3311
f 3188 3187 3189
f 3198 3248 3171
f 3192 3200 3202
f 3191 3238 3312
f 3260 3146 3261
f 3230 3276 3162
f 3213 3148 3158
f 3148 3252 3231
f 3301 3048 3235
f 3194 3271 3270
f 3194 3210 3271
f 3159 3304 3141
f 3110 3103 3211
f 3186 3256 3160
f 3170 3168 3336
f 3187 3188 3491
f 3286 3171 3248
f 3190 3135 3218
f 3172 3161 3199
f 3126 3259 3135
f 3191 3312 3259
f 3174 3227 3153
f 3203 3178 3152
f 3203 3154 3219
f 3219 3154 3127
f 3276 3212 3035
f 3221 3213 3181
f 3180 3241 3576
f 3059 3299 3121
f 3277 3266 3205
f 3301 3234 3048
f 3291 3206 3149
f 2950 3290 3243
f 3183 3268 3244
f 3184 3209 3223
f 3401 3006 3428
f 3193 3116 3428
f 3196 3089 3285
f 3151 3190 3218
f 3259 3364 3135
f 3199 3202 3200
f 3221 3181 3164
f 3213 3317 3148
f 3059 3024 3232
f 3214 3207 3291
f 3323 3214 3084
f 3214 3064 3063
f 3215 3094 3182
f 3237 3123 3165
f 3208 3305 3095
f 3253 3304 3159
f 3269 3095 3305
f 3269 3210 3175
f 3246 3271 3210
f 3307 3255 3185
f 3273 3225 3169
f 3198 3294 3248
f 3151 3218 3257
f 3337 3227 3174
f 3249 3153 3227
f 3221 3251 3213
f 3252 3241 3231
f 3148 3317 3252
f 3205 3266 3278
f 3291 3289 3206
f 3332 3150 3242
f 3243 3235 3236
f 3209 3096 3245
f 3320 3270 3271
f 3223 3280 3281
f 3284 3216 3254
f 3168 3224 3356
f 3254 3216 3225
f 3160 3256 3309
f 3334 3211 3103
f 3217 3359 3117
f 3226 3294 3198
f 3364 3218 3135
f 3258 3363 3201
f 3239 3295 3238
f 3313 3249 3227
f 3219 3314 3203
f 3219 3179 3260
f 3212 3164 3204
f 3164 3212 3221
f 3317 3213 3251
f 3299 3408 3121
f 3114 3121 3408
f 3299 3059 3232
f 3232 3233 3265
f 3140 3278 3242
f 3290 2950 3289
f 3243 3236 3292
f 3243 3267 3076
f 3076 3267 3106
f 3245 3223 3209
f 3245 3096 3270
f 3210 3345 3357
f 3116 3195 3428
f 3284 3254 3272
f 3254 3225 3402
f 3225 3273 3402
f 3273 3160 3308
f 3334 3143 3255
f 3335 3327 3211
f 3226 3359 3294
f 3189 3464 3188
f 3312 3238 3295
f 3239 3178 3203
f 3227 3366 3313
f 3228 3249 3229
f 3212 3298 3221
f 3263 3221 3262
f 3262 3221 3298
f 3221 3263 3251
f 3300 3265 3233
f 3232 3300 3233
f 3222 3300 3232
f 3292 3267 3243
f 3436 3183 3244
f 3223 3245 3280
f 3320 3344 3270
f 3269 3345 3210
f 3246 3210 3357
f 3195 3416 3428
f 3118 3310 3197
f 3189 3311 3464
f 3134 3257 3360
f 3257 3218 3361
f 3275 3203 3314
f 3219 3260 3287
f 3276 3230 3315
f 3476 3332 3242
f 3340 3291 3207
f 3323 3064 3214
f 3332 3304 3253
f 3306 3123 3237
f 3451 3324 3039
f 3209 3306 3325
f 3304 3387 3141
f 3282 3622 3176
f 3185 3281 3307
f 3273 3308 3402
f 3168 3642 3336
f 3197 3310 3309
f 3294 3359 3274
f 3118 3134 3310
f 3218 3364 3348
f 3258 3199 3321
f 3227 3337 3366
f 3219 3287 3314
f 3249 3370 3229
f 3296 3229 3370
f 3297 3230 3147
f 3276 3316 3212
f 3371 3262 3350
f 3262 3371 3263
f 3114 3408 3277
f 3264 3299 3265
f 3265 3299 3232
f 3234 3300 3222
f 3278 3397 3242
f 3301 3289 3234
f 3292 3302 3267
f 3436 3340 3207
f 3318 3208 3106
f 3208 3342 3305
f 3039 3401 3451
f 3325 3268 3209
f 3293 3280 3245
f 3245 3270 3344
f 3335 3211 3334
f 3134 3360 3310
f 3188 3464 3491
f 3382 3161 3286
f 3199 3161 3321
f 3364 3259 3312
f 3367 3295 3239
f 3203 3367 3239
f 3220 3432 3261
f 3315 3230 3297
f 3329 3350 3328
f 3316 3276 3315
f 3350 3262 3328
f 3156 3549 3250
f 3251 3263 3384
f 3576 3465 3180
f 3351 3241 3252
f 3278 3411 3397
f 3234 3288 3300
f 3289 3301 3290
f 3150 3332 3253
f 3326 3345 3269
f 3320 3271 3326
f 3346 3283 3333
f 3402 3347 3254
f 3272 3254 3347
f 3334 3255 3390
f 3309 3308 3160
f 3247 3522 3468
f 3321 3161 3382
f 3258 3321 3363
f 3287 3369 3314
f 3316 3298 3212
f 3263 3371 3384
f 3241 3351 3576
f 3446 3252 3317
f 3264 3265 3353
f 3302 3303 3267
f 3237 3064 3415
f 3450 3182 3324
f 3244 3268 3325
f 3271 3345 3326
f 3281 3280 3377
f 3271 3246 3345
f 3282 3327 3622
f 3366 3383 3313
f 3249 3313 3370
f 3322 3297 3296
f 3297 3322 3315
f 3331 3251 3384
f 3317 3251 3331
f 3300 3288 3373
f 3288 3234 3398
f 3434 3301 3235
f 3289 3291 3399
f 3413 3289 3399
f 3290 3301 3414
f 3292 3215 3319
f 3267 3303 3106
f 3332 3387 3304
f 3279 3176 3438
f 3343 3269 3305
f 3387 3224 3141
f 3280 3293 3377
f 3255 3307 3390
f 3196 3430 3217
f 3479 3642 3168
f 3248 3381 3286
f 3361 3218 3348
f 3321 3382 3363
f 3314 3369 3338
f 3287 3260 3424
f 3296 3370 3322
f 3261 3432 3260
f 3262 3298 3328
f 3446 3351 3252
f 3264 3352 3299
f 3264 3353 3352
f 3289 3398 3234
f 3235 3243 3414
f 3243 3290 3414
f 3318 3106 3303
f 3319 3215 3341
f 3318 3342 3208
f 3438 3176 3622
f 3245 3344 3462
f 3307 3281 3377
f 3283 3346 3389
f 3333 3283 3389
f 3284 3272 3358
f 3456 3308 3309
f 3247 3491 3522
f 3311 3420 3464
f 3381 3248 3421
f 3349 3312 3295
f 3203 3275 3367
f 3370 3313 3406
f 3322 3330 3315
f 3322 3328 3298
f 3315 3330 3316
f 3298 3316 3330
f 3220 3240 3393
f 3265 3300 3373
f 3291 3340 3399
f 3215 3182 3450
f 3438 3323 3279
f 3451 3343 3324
f 3377 3293 3306
f 3224 3355 3356
f 3272 3347 3358
f 3335 3274 3359
f 3382 3286 3381
f 3363 3362 3201
f 3201 3362 3337
f 3314 3338 3275
f 3383 3406 3313
f 3287 3424 3369
f 3329 3392 3350
f 3322 3298 3330
f 3432 3220 3393
f 3446 3317 3331
f 3352 3354 3299
f 3354 3353 3299
f 3299 3353 3339
f 3339 3409 3299
f 3353 3265 3339
f 3413 3398 3289
f 3303 3449 3318
f 3244 3499 3436
f 3341 3215 3450
f 3324 3343 3440
f 3305 3440 3343
f 3355 3224 3387
f 3462 3344 3452
f 3325 3306 3293
f 3293 3245 3462
f 3345 3246 3376
f 3376 3246 3326
f 3429 3326 3246
f 3334 3379 3335
f 3274 3335 3379
f 3248 3294 3421
f 3363 3382 3362
f 3483 3367 3275
f 3392 3329 3368
f 3433 3384 3371
f 3331 3473 3446
f 3447 3408 3299
f 3374 3397 3411
f 3412 3288 3398
f 3434 3413 3301
f 3235 3414 3458
f 3323 3438 3064
f 3342 3318 3341
f 3324 3440 3450
f 3342 3440 3305
f 3343 3441 3269
f 3377 3306 3375
f 3269 3441 3326
f 3355 3439 3356
f 3345 3376 3357
f 3378 3346 3333
f 3333 3357 3378
f 3389 3346 3378
f 3333 3519 3357
f 3356 3479 3168
f 3307 3417 3390
f 3285 3430 3196
f 3456 3455 3308
f 3390 3379 3334
f 3379 3294 3274
f 3422 3403 3380
f 3362 3365 3337
f 3365 3366 3337
f 3368 3329 3391
f 3329 3328 3391
f 3432 3424 3260
f 3370 3328 3322
f 3445 3371 3350
f 3180 3465 3549
f 3385 3372 3352
f 3352 3372 3354
f 3353 3409 3352
f 3353 3354 3409
f 3299 3409 3447
f 3265 3425 3339
f 3414 3301 3413
f 3235 3458 3434
f 3341 3599 3342
f 3325 3293 3375
f 3326 3429 3320
f 3357 3519 3246
f 3358 3416 3284
f 3421 3294 3379
f 3257 3404 3360
f 3382 3381 3470
f 3364 3312 3349
f 3391 3328 3370
f 3392 3445 3350
f 3445 3433 3371
f 3384 3394 3331
f 3352 3409 3410
f 3265 3373 3425
f 3373 3288 3485
f 3412 3485 3288
f 3426 3374 3386
f 3399 3340 3302
f 3437 3341 3318
f 3344 3440 3342
f 3344 3342 3452
f 3375 3306 3237
f 3343 3451 3441
f 3320 3441 3344
f 3375 3293 3459
f 3459 3293 3462
f 3538 3428 3416
f 3519 3333 3389
f 3417 3307 3377
f 3327 3335 3419
f 3359 3217 3442
f 3359 3442 3335
f 3404 3309 3310
f 3420 3311 3336
f 3360 3404 3310
f 3364 3349 3444
f 3405 3295 3367
f 3405 3367 3483
f 3391 3370 3406
f 3369 3424 3338
f 3368 3407 3392
f 3433 3394 3384
f 3352 3410 3385
f 3409 3339 3425
f 3278 3266 3411
f 3396 3374 3426
f 3475 3412 3398
f 3413 3487 3398
f 3302 3340 3514
f 3570 3292 3319
f 3436 3514 3340
f 3325 3375 3400
f 3441 3320 3429
f 3441 3376 3326
f 3416 3358 3538
f 3347 3454 3358
f 3521 3347 3402
f 3454 3347 3521
f 3455 3402 3308
f 3217 3430 3442
f 3468 3430 3285
f 3422 3524 3403
f 3421 3470 3381
f 3364 3444 3348
f 3423 3391 3406
f 3466 3372 3395
f 3372 3466 3354
f 3409 3425 3410
f 3425 3448 3410
f 3476 3578 3332
f 3302 3292 3427
f 3318 3449 3437
f 3237 3400 3375
f 3478 3375 3459
f 3375 3478 3453
f 3375 3453 3377
f 3439 3388 3356
f 3429 3246 3519
f 3390 3417 3418
f 3390 3418 3463
f 3521 3402 3455
f 3380 3403 3430
f 3430 3468 3380
f 3422 3380 3490
f 3365 3362 3382
f 3366 3365 3431
f 3405 3349 3295
f 3383 3423 3406
f 3546 3424 3432
f 3548 3240 3250
f 3394 3473 3331
f 3372 3385 3577
f 3448 3373 3485
f 3425 3373 3448
f 3457 3374 3411
f 3412 3475 3498
f 3397 3396 3242
f 3414 3413 3435
f 3578 3387 3332
f 3341 3437 3319
f 3387 3439 3355
f 3428 3538 3537
f 3376 3501 3357
f 3388 3479 3356
f 3622 3327 3419
f 3519 3389 3378
f 3430 3403 3488
f 3361 3404 3257
f 3431 3365 3382
f 3481 3368 3391
f 3407 3368 3481
f 3407 3496 3392
f 3546 3338 3424
f 3546 3432 3547
f 3354 3466 3447
f 3277 3823 3266
f 3447 3409 3354
f 3396 3397 3374
f 3292 3570 3427
f 3513 3449 3303
f 3342 3559 3452
f 3441 3451 3535
f 3344 3441 3440
f 3400 3478 3325
f 3478 3400 3453
f 3453 3400 3237
f 3377 3453 3460
f 3536 3376 3441
f 3401 3428 3602
f 3573 3377 3460
f 3489 3521 3455
f 3379 3390 3469
f 3443 3403 3524
f 3382 3470 3431
f 3423 3383 3366
f 3391 3423 3495
f 3481 3391 3495
f 3445 3392 3496
f 3547 3432 3393
f 3394 3472 3473
f 3240 3548 3393
f 3395 3372 3577
f 3408 3823 3277
f 3386 3374 3457
f 3487 3475 3398
f 3434 3487 3413
f 3413 3399 3435
f 3435 3458 3414
f 3435 3399 3427
f 3399 3302 3427
f 3302 3477 3303
f 3415 3064 3438
f 3387 3578 3439
f 3341 3450 3599
f 3666 3438 3622
f 3536 3501 3376
f 3602 3428 3537
f 3377 3573 3417
f 3357 3501 3378
f 3443 3488 3403
f 3456 3309 3523
f 3422 3505 3524
f 3422 3490 3505
f 3348 3494 3361
f 3431 3423 3366
f 3445 3471 3433
f 3471 3394 3433
f 3474 3385 3410
f 3410 3448 3484
f 3434 3458 3435
f 3450 3535 3572
f 3325 3534 3244
f 3237 3415 3517
f 3535 3450 3440
f 3469 3390 3463
f 3309 3404 3523
f 3490 3380 3468
f 3361 3634 3404
f 3482 3407 3481
f 3338 3483 3275
f 3496 3471 3445
f 3466 3509 3447
f 3408 3447 3509
f 3567 3484 3448
f 3448 3485 3567
f 3411 3266 3525
f 3457 3411 3525
f 3487 3551 3475
f 3449 3513 3467
f 3449 3621 3437
f 3499 3244 3500
f 3599 3584 3342
f 3584 3559 3342
f 3440 3441 3535
f 3517 3453 3237
f 3401 3602 3451
f 3517 3460 3453
f 3594 3388 3439
f 3462 3452 3461
f 3459 3462 3461
f 3429 3536 3441
f 3442 3430 3488
f 3418 3520 3463
f 3708 3456 3523
f 3469 3492 3379
f 3421 3379 3492
f 3470 3421 3492
f 3540 3505 3490
f 3480 3543 3503
f 3470 3492 3431
f 3444 3349 3506
f 3495 3423 3431
f 3349 3405 3545
f 3587 3394 3471
f 3587 3472 3394
f 3548 3250 3549
f 3474 3590 3385
f 3466 3395 3497
f 3475 3486 3498
f 3302 3514 3477
f 3513 3303 3477
f 3534 3325 3478
f 3602 3535 3451
f 3460 3478 3459
f 3694 3538 3358
f 3358 3454 3655
f 3419 3335 3654
f 3456 3708 3455
f 3468 3522 3490
f 3491 3464 3522
f 3420 3669 3464
f 3490 3503 3540
f 3480 3544 3543
f 3431 3492 3495
f 3482 3496 3407
f 3497 3590 3466
f 3590 3509 3466
f 3568 3485 3412
f 3412 3498 3568
f 3426 3637 3396
f 3570 3516 3510
f 3516 3449 3467
f 3516 3570 3319
f 3438 3640 3415
f 3640 3641 3415
f 3599 3450 3572
f 3500 3244 3534
f 3666 3640 3438
f 3460 3517 3601
f 3478 3460 3534
f 3452 3652 3461
f 3417 3573 3539
f 3417 3539 3418
f 3418 3539 3520
f 3335 3442 3654
f 3463 3520 3469
f 3336 3625 3420
f 3561 3542 3504
f 3494 3634 3361
f 3348 3444 3494
f 3562 3481 3495
f 3506 3349 3545
f 3483 3507 3405
f 3338 3586 3483
f 3546 3586 3338
f 3472 3697 3473
f 3855 3351 3446
f 3577 3589 3395
f 3577 3385 3497
f 3590 3497 3385
f 3410 3484 3474
f 3567 3485 3568
f 3551 3486 3475
f 3552 3435 3427
f 3449 3516 3621
f 3617 3514 3436
f 3617 3436 3499
f 3558 3319 3437
f 3621 3558 3437
f 3578 3594 3439
f 3601 3600 3460
f 3460 3603 3573
f 3536 3429 3652
f 3652 3429 3574
f 3501 3519 3378
f 3537 3538 3560
f 3489 3455 3604
f 3443 3524 3502
f 3464 3606 3522
f 3464 3669 3606
f 3505 3540 3493
f 3496 3482 3564
f 3564 3508 3496
f 3496 3508 3471
f 3547 3393 3588
f 3590 3704 3648
f 3590 3474 3704
f 3590 3566 3509
f 3434 3435 3487
f 3512 3467 3513
f 3511 3515 3516
f 3515 3511 3467
f 3510 3467 3511
f 3467 3510 3516
f 3467 3527 3515
f 3512 3527 3467
f 3559 3652 3452
f 3460 3600 3534
f 3536 3676 3501
f 3518 3461 3652
f 3539 3575 3520
f 3520 3575 3469
f 3455 3708 3656
f 3625 3633 3420
f 3523 3404 3634
f 3503 3490 3522
f 3503 3606 3480
f 3541 3495 3492
f 3541 3562 3495
f 3610 3635 3542
f 3472 3587 3697
f 3408 3591 3823
f 3498 3486 3662
f 3435 3569 3487
f 3510 3526 3570
f 3510 3511 3527
f 3510 3527 3528
f 3512 3528 3529
f 3526 3529 3528
f 3529 3526 3513
f 3510 3513 3526
f 3513 3510 3512
f 3528 3512 3510
f 3513 3530 3529
f 3513 3531 3530
f 3477 3531 3513
f 3511 3516 3533
f 3511 3533 3527
f 3515 3533 3532
f 3528 3532 3533
f 3532 3528 3527
f 3533 3515 3527
f 3512 3532 3527
f 3512 3530 3532
f 3512 3529 3530
f 3477 3514 3617
f 3515 3621 3516
f 3558 3688 3319
f 3641 3517 3415
f 3459 3461 3815
f 3603 3460 3459
f 3518 3652 3574
f 3675 3602 3537
f 3631 3622 3419
f 3667 3519 3501
f 3419 3654 3677
f 3358 3655 3694
f 3489 3604 3521
f 3455 3656 3604
f 3575 3492 3469
f 3575 3541 3492
f 3504 3542 3607
f 3563 3610 3542
f 3494 3444 3506
f 3562 3482 3481
f 3587 3471 3508
f 3509 3497 3591
f 3408 3509 3591
f 3386 3661 3426
f 3498 3662 3568
f 3487 3569 3551
f 3569 3435 3552
f 3570 3526 3556
f 3526 3528 3553
f 3526 3553 3554
f 3554 3556 3531
f 3526 3531 3556
f 3531 3526 3530
f 3554 3530 3526
f 3531 3555 3554
f 3477 3555 3531
f 3477 3556 3555
f 3528 3533 3553
f 3530 3557 3532
f 3554 3557 3530
f 3532 3582 3515
f 3461 3518 3815
f 3459 3815 3603
f 3655 3454 3521
f 3488 3623 3442
f 3605 3575 3539
f 3642 3625 3336
f 3503 3522 3606
f 3625 3561 3504
f 3608 3523 3634
f 3420 3633 3669
f 3607 3633 3504
f 3503 3751 3540
f 3542 3635 3607
f 3561 3563 3542
f 3543 3544 3647
f 3506 3545 3626
f 3405 3507 3545
f 3483 3565 3507
f 3564 3636 3508
f 3546 3547 3660
f 3473 3672 3446
f 3698 3393 3548
f 3351 3788 3576
f 3266 3823 3592
f 3568 3662 3550
f 3476 3701 3578
f 3556 3554 3553
f 3555 3553 3571
f 3570 3571 3553
f 3571 3570 3556
f 3553 3555 3556
f 3477 3571 3556
f 3581 3557 3553
f 3571 3554 3555
f 3571 3557 3554
f 3477 3617 3628
f 3553 3533 3581
f 3532 3557 3581
f 3581 3582 3532
f 3515 3580 3621
f 3515 3582 3580
f 3516 3319 3688
f 3538 3694 3560
f 3585 3539 3573
f 3608 3681 3523
f 3625 3504 3633
f 3562 3564 3482
f 3483 3586 3565
f 3660 3547 3588
f 3589 3591 3395
f 3566 3699 3509
f 3525 3266 3592
f 3386 3457 3731
f 3486 3551 3685
f 3611 3570 3477
f 3570 3553 3579
f 3570 3579 3477
f 3571 3579 3613
f 3611 3613 3579
f 3613 3611 3477
f 3579 3571 3477
f 3579 3553 3557
f 3613 3557 3571
f 3580 3581 3533
f 3516 3583 3533
f 3580 3533 3621
f 3583 3621 3533
f 3582 3583 3580
f 3621 3583 3630
f 3617 3499 3641
f 3690 3500 3534
f 3560 3675 3537
f 3667 3775 3519
f 3519 3775 3725
f 3539 3585 3605
f 3604 3655 3521
f 3575 3605 3624
f 3624 3541 3575
f 3606 3709 3480
f 3711 3607 3635
f 3609 3562 3541
f 3561 3658 3563
f 3562 3609 3564
f 3626 3494 3506
f 3697 3672 3473
f 3549 3465 3741
f 3591 3497 3395
f 3590 3699 3566
f 3567 3684 3484
f 3684 3474 3484
f 3579 3612 3611
f 3612 3579 3557
f 3613 3612 3557
f 3477 3593 3613
f 3596 3580 3595
f 3596 3581 3580
f 3581 3597 3582
f 3596 3597 3581
f 3583 3516 3620
f 3580 3583 3620
f 3580 3620 3598
f 3580 3598 3595
f 3583 3598 3630
f 3596 3630 3598
f 3630 3596 3582
f 3595 3582 3596
f 3582 3595 3583
f 3598 3583 3595
f 3582 3597 3630
f 3620 3516 3688
f 3689 3641 3640
f 3499 3500 3641
f 3558 3584 3599
f 3690 3651 3500
f 3535 3674 3572
f 3429 3519 3574
f 3519 3668 3574
f 3501 3725 3667
f 3726 3667 3560
f 3541 3624 3609
f 3480 3709 3544
f 3647 3659 3543
f 3660 3586 3546
f 3672 3855 3446
f 3743 3568 3550
f 3476 3242 3744
f 3551 3569 3638
f 3570 3611 3552
f 3570 3552 3427
f 3649 3612 3613
f 3593 3616 3613
f 3615 3596 3614
f 3615 3639 3596
f 3639 3597 3596
f 3613 3616 3649
f 3598 3620 3596
f 3596 3618 3614
f 3630 3618 3619
f 3615 3619 3618
f 3619 3615 3597
f 3614 3597 3615
f 3597 3614 3630
f 3618 3630 3614
f 3597 3639 3619
f 3630 3663 3621
f 3599 3688 3558
f 3599 3572 3664
f 3500 3651 3641
f 3666 3650 3640
f 3601 3517 3665
f 3665 3690 3534
f 3601 3665 3600
f 3535 3602 3674
f 3676 3725 3501
f 3573 3603 3585
f 3667 3675 3560
f 3605 3585 3653
f 3442 3623 3654
f 3632 3488 3443
f 3708 3785 3656
f 3657 3624 3605
f 3642 3680 3707
f 3625 3642 3707
f 3443 3502 3645
f 3624 3657 3609
f 3540 3646 3493
f 3540 3751 3646
f 3682 3545 3507
f 3671 3507 3565
f 3565 3586 3660
f 3660 3588 3683
f 3741 3698 3548
f 3549 3741 3548
f 3855 3788 3351
f 3509 3699 3497
f 3474 3730 3704
f 3661 3771 3426
f 3396 3744 3242
f 3685 3551 3638
f 3612 3649 3627
f 3616 3627 3628
f 3611 3628 3627
f 3628 3611 3593
f 3612 3593 3611
f 3593 3612 3616
f 3627 3616 3612
f 3477 3628 3593
f 3628 3649 3616
f 3618 3596 3620
f 3618 3620 3629
f 3615 3618 3629
f 3615 3629 3639
f 3629 3663 3630
f 3663 3629 3619
f 3620 3619 3629
f 3619 3620 3630
f 3619 3639 3663
f 3517 3641 3651
f 3517 3651 3665
f 3534 3600 3665
f 3419 3677 3631
f 3668 3519 3725
f 3653 3585 3603
f 3667 3726 3775
f 3605 3653 3657
f 3727 3644 3735
f 3707 3561 3625
f 3681 3608 3728
f 3609 3670 3564
f 3670 3636 3564
f 3545 3682 3626
f 3648 3699 3590
f 3497 3776 3577
f 3592 3823 3777
f 3457 3525 3731
f 3662 3486 3745
f 3627 3649 3686
f 3627 3686 3611
f 3630 3620 3639
f 3629 3630 3639
f 3687 3673 3621
f 3673 3558 3621
f 3673 3584 3558
f 3479 3706 3642
f 3488 3632 3623
f 3679 3644 3643
f 3710 3644 3727
f 3633 3607 3669
f 3669 3607 3711
f 3738 3609 3657
f 3503 3543 3751
f 3609 3738 3670
f 3393 3698 3588
f 3743 3567 3568
f 3731 3525 3718
f 3426 3771 3637
f 3662 3700 3550
f 3578 3780 3594
f 3686 3649 3628
f 3639 3620 3663
f 3621 3663 3687
f 3689 3617 3641
f 3640 3650 3689
f 3652 3559 3734
f 3574 3668 3705
f 3603 3815 3653
f 3653 3815 3678
f 3655 3737 3694
f 3632 3443 3645
f 3523 3681 3708
f 3561 3707 3696
f 3679 3643 3695
f 3695 3696 3679
f 3751 3543 3659
f 3699 3776 3497
f 3474 3684 3730
f 3525 3592 3719
f 3685 3745 3486
f 3578 3701 3780
f 3688 3687 3620
f 3687 3663 3689
f 3688 3599 3664
f 3734 3559 3584
f 3692 3536 3652
f 3666 3622 3631
f 3815 3518 3791
f 3725 3675 3667
f 3479 3388 3706
f 3694 3726 3560
f 3623 3677 3654
f 3693 3677 3623
f 3657 3653 3678
f 3703 3642 3706
f 3703 3680 3642
f 3738 3657 3678
f 3643 3644 3710
f 3669 3709 3606
f 3696 3712 3561
f 3608 3634 3767
f 3713 3711 3635
f 3635 3610 3820
f 3671 3565 3768
f 3589 3577 3776
f 3731 3661 3386
f 3525 3770 3718
f 3772 3754 3720
f 3552 3755 3569
f 3754 3721 3720
f 3617 3779 3628
f 3663 3620 3689
f 3779 3617 3689
f 3651 3723 3665
f 3650 3666 3748
f 3691 3674 3602
f 3692 3765 3536
f 3676 3536 3765
f 3676 3668 3725
f 3518 3574 3791
f 3735 3644 3706
f 3737 3736 3694
f 3644 3679 3703
f 3655 3604 3737
f 3737 3604 3656
f 3679 3696 3680
f 3826 3710 3727
f 3712 3696 3695
f 3669 3711 3709
f 3712 3658 3561
f 3924 3672 3697
f 3823 3591 3717
f 3638 3569 3755
f 3720 3721 3701
f 3721 3754 3746
f 3552 3611 3686
f 3779 3689 3620
f 3673 3688 3664
f 3664 3584 3673
f 3665 3724 3690
f 3694 3736 3726
f 3737 3656 3785
f 3739 3524 3505
f 3505 3493 3739
f 3634 3494 3767
f 3671 3682 3507
f 3717 3591 3589
f 3731 3894 3661
f 3933 3550 3700
f 3745 3732 3662
f 3637 3744 3396
f 3638 3778 3685
f 3778 3638 3755
f 3686 3628 3779
f 3673 3687 3688
f 3702 3687 3651
f 3733 3651 3687
f 3733 3747 3651
f 3734 3692 3652
f 3691 3602 3675
f 3676 3705 3668
f 3706 3644 3703
f 3703 3679 3680
f 3709 3786 3544
f 3610 3740 3820
f 3563 3740 3610
f 3626 3714 3494
f 3714 3626 3715
f 3832 3636 3670
f 3682 3671 3752
f 3716 3768 3565
f 3716 3565 3660
f 3587 3931 3697
f 3465 3576 3857
f 3684 3742 3730
f 3525 3719 3770
f 3701 3721 3780
f 3755 3552 3800
f 3552 3686 3800
f 3733 3687 3689
f 3594 3780 3763
f 3781 3572 3674
f 3665 3723 3724
f 3692 3674 3691
f 3765 3814 3676
f 3676 3814 3705
f 3680 3696 3707
f 3524 3739 3502
f 3713 3635 3729
f 3635 3820 3729
f 3626 3682 3715
f 3682 3752 3715
f 3931 3587 3508
f 3741 3465 3799
f 3576 3788 3857
f 3704 3808 3648
f 3863 3684 3567
f 3592 3834 3719
f 3894 3771 3661
f 3685 3778 3745
f 3686 3779 3800
f 3687 3722 3620
f 3690 3702 3651
f 3723 3690 3724
f 3747 3723 3651
f 3594 3763 3388
f 3705 3791 3574
f 3693 3623 3632
f 3735 3783 3727
f 3708 3794 3785
f 3793 3710 3826
f 3794 3708 3681
f 3728 3608 3767
f 3646 3828 3493
f 3767 3494 3798
f 3751 3659 3758
f 3711 3713 3786
f 3716 3660 3683
f 3808 3704 3759
f 3589 3776 3717
f 3684 3863 3742
f 3745 3835 3732
f 3476 3744 3701
f 3779 3620 3722
f 3702 3690 3762
f 3762 3690 3723
f 3756 3734 3584
f 3666 3631 3748
f 3725 3691 3675
f 3388 3812 3706
f 3631 3677 3757
f 3784 3736 3737
f 3710 3793 3643
f 3695 3941 3712
f 3750 3646 3751
f 3714 3798 3494
f 3729 3975 3713
f 3743 3916 3567
f 3770 3925 3718
f 3760 3550 3933
f 3789 3662 3732
f 3745 3778 3842
f 3754 3772 3753
f 3702 3722 3687
f 3702 3733 3722
f 3761 3722 3733
f 3722 3761 3762
f 3747 3762 3761
f 3762 3747 3702
f 3733 3702 3747
f 3843 3747 3761
f 3723 3747 3843
f 3756 3572 3781
f 3664 3756 3584
f 3748 3774 3650
f 3749 3773 3764
f 3791 3705 3844
f 3632 3766 3693
f 3783 3826 3727
f 3681 3728 3794
f 3709 3711 3786
f 3767 3853 3728
f 3795 3646 3750
f 3712 3829 3658
f 3751 3758 3750
f 3752 3671 3768
f 3821 3716 3683
f 3588 3698 3683
f 3730 3769 3704
f 3810 3731 3718
f 3662 3789 3700
f 3720 3880 3772
f 3824 3721 3746
f 3843 3762 3723
f 3674 3692 3781
f 3765 3691 3790
f 3691 3725 3790
f 3783 3735 3706
f 3939 3678 3815
f 3738 3678 3999
f 3502 3739 3645
f 3493 3828 3739
f 3941 3695 3643
f 3646 3795 3828
f 3715 3838 3714
f 3752 3838 3715
f 3648 3808 3699
f 3834 3592 3777
f 3550 3809 3743
f 3894 3731 3810
f 3722 3762 3843
f 3572 3756 3664
f 3773 3749 3763
f 3692 3734 3781
f 3781 3734 3756
f 3692 3691 3765
f 3631 3836 3748
f 3631 3757 3836
f 3866 3749 3837
f 3814 3765 3790
f 3782 3860 3783
f 3817 3736 3784
f 3793 3826 3827
f 3786 3713 3986
f 3659 3647 3877
f 3544 3787 3647
f 3683 3698 3821
f 4125 3916 3743
f 3771 3744 3637
f 3753 3746 3754
f 3689 3761 3733
f 3689 3650 3761
f 3764 3837 3749
f 3748 3836 3774
f 3725 3814 3790
f 3815 3791 3867
f 3693 3766 3677
f 3793 3847 3643
f 3728 3853 3794
f 3821 3768 3716
f 3841 3698 3741
f 3741 3799 3841
f 3799 3465 3857
f 3808 3759 3699
f 3717 3776 3893
f 3880 3701 3744
f 3720 3701 3880
f 3706 3782 3783
f 3705 3814 3813
f 3775 3814 3725
f 3736 3817 3726
f 3737 3785 3784
f 3645 3739 3846
f 3853 3767 3798
f 3713 3975 3986
f 3563 3658 3797
f 3798 3714 3838
f 3752 3768 3839
f 3699 3759 3776
f 3769 3759 3704
f 3730 3742 3879
f 3916 3863 3567
f 4125 3743 3809
f 3864 3770 3719
f 3772 3811 3753
f 3905 3755 3800
f 3780 3721 3801
f 3773 3801 3764
f 3763 3812 3388
f 3782 3749 3866
f 3677 3766 3757
f 3844 3705 3813
f 3826 3783 3792
f 3785 3794 3784
f 3643 3847 3941
f 3739 3828 3846
f 3563 3797 3740
f 3698 3841 3821
f 3879 3769 3730
f 3742 3903 3833
f 3903 3742 3863
f 3760 3809 3550
f 3700 3789 3979
f 3835 3789 3732
f 3745 3842 3835
f 3905 3778 3755
f 3721 3896 3801
f 3824 3896 3721
f 3801 3896 3764
f 3749 3812 3763
f 3782 3706 3812
f 3783 3860 3792
f 3793 3827 3909
f 3795 3802 3803
f 3795 3804 3805
f 3802 3795 3805
f 1 3804 3796
f 3805 3804 1
f 3796 3806 1
f 3806 3807 1
f 3712 3941 3829
f 3795 3870 3828
f 3804 3795 3750
f 3796 3804 3750
f 3806 3796 3750
f 3758 3806 3750
f 3807 3806 3758
f 3544 3786 3787
f 3670 3738 3832
f 3787 3877 3647
f 3740 3911 3820
f 3740 3797 3911
f 3838 3752 3839
f 3777 3823 3915
f 3834 3864 3719
f 3864 3925 3770
f 3811 3772 3880
f 3763 3780 3801
f 3650 3774 3761
f 3763 3801 3773
f 3749 3782 3812
f 3860 3782 3866
f 3813 3861 3844
f 3775 3816 3814
f 3939 3999 3678
f 3632 3645 3964
f 3793 3909 3847
f 3818 3830 3870
f 1 3830 3818
f 1 3818 3803
f 1 3803 3802
f 3805 1 3802
f 3807 3819 1
f 3870 3795 3818
f 3803 3818 3795
f 3807 3758 3819
f 3758 3659 3890
f 3986 3975 4025
f 3768 3821 3913
f 3840 3821 3841
f 3759 3822 3776
f 3904 3933 3700
f 3779 3722 3882
f 3843 3761 3882
f 3774 3836 3883
f 3764 3825 3837
f 3791 3844 3867
f 3844 3861 3845
f 3885 3816 3775
f 3775 3726 3940
f 3817 3940 3726
f 3831 1 3819
f 3819 3758 3831
f 3820 3854 3729
f 3913 3839 3768
f 3672 3924 3855
f 3857 3841 3799
f 3776 3822 3893
f 3823 3717 3914
f 3926 3835 3842
f 3842 3778 3956
f 3956 3778 3905
f 3746 3865 3824
f 3837 3825 3884
f 3836 3757 3897
f 3859 3813 3814
f 3766 3897 3757
f 3885 3775 3940
f 3794 3869 3784
f 3828 3870 3846
f 3830 3848 3870
f 3848 3830 1
f 3821 3840 3913
f 3951 3697 3931
f 3855 3856 3788
f 3856 3857 3788
f 3823 3914 3915
f 3700 3979 3904
f 3858 3811 3937
f 3811 3858 3753
f 3753 3858 3865
f 3905 3800 3881
f 3800 3779 3882
f 3882 3722 3843
f 4094 3825 3764
f 3944 3883 3836
f 3884 3866 3837
f 3898 3845 3861
f 3814 3816 3859
f 3981 3792 3860
f 3940 3817 3869
f 3817 3784 3869
f 1 3849 3848
f 3850 3849 1
f 3852 3851 1
f 1 3831 3852
f 3831 3758 3852
f 3840 3902 3913
f 3892 3840 3841
f 3759 3769 3822
f 3777 3915 3936
f 3742 3833 3879
f 3979 3789 3835
f 3811 3880 3937
f 3865 3746 3753
f 3859 3868 3813
f 3898 3867 3845
f 3898 3815 3867
f 3868 3861 3813
f 3945 3632 3964
f 3827 3826 3946
f 3794 3922 3869
f 3849 3886 3848
f 3848 3886 3870
f 3850 3873 3849
f 3849 3873 3886
f 3873 3850 1
f 3851 3862 1
f 3852 3862 3851
f 3829 3941 3998
f 3758 3890 3852
f 3890 3659 3891
f 3877 3891 3659
f 3878 3797 3658
f 3930 3838 3839
f 3932 3864 3834
f 3771 3918 3744
f 3882 3881 3800
f 3774 3882 3761
f 4094 3764 3896
f 3897 3944 3836
f 3906 3867 3934
f 3906 3845 3867
f 3859 3907 3868
f 3815 3898 3939
f 3632 3945 3766
f 3846 3870 3899
f 3870 3871 3872
f 3872 1 3886
f 3871 1 3872
f 3886 1 3871
f 3871 3870 3886
f 1 3874 3873
f 3875 3874 1
f 3875 1 3876
f 1 3862 3876
f 3862 3890 3876
f 3890 3862 3852
f 3794 3853 3922
f 3999 3832 3738
f 3911 3929 3820
f 3838 3923 3798
f 3931 3508 3636
f 3930 3839 3913
f 3893 3914 3717
f 4125 3809 4008
f 3917 3809 3760
f 3760 3933 3948
f 3810 3718 3925
f 3894 3918 3771
f 3858 3920 3865
f 3962 3882 3774
f 3934 3867 3844
f 3861 3868 3935
f 3946 3826 3792
f 3964 3645 3846
f 3872 3899 3870
f 3886 3899 3872
f 3886 3887 3888
f 3899 3886 3888
f 3889 1 3887
f 3887 1 3888
f 3889 3888 1
f 3887 3886 3873
f 3887 3875 3889
f 3887 3873 3875
f 3873 3874 3875
f 3890 3875 3876
f 3820 3929 3854
f 3798 3923 3853
f 3923 3838 3930
f 3924 3697 3951
f 3841 3857 3892
f 3936 3834 3777
f 3845 3934 3844
f 3888 3900 3899
f 3888 1 3900
f 3900 1 3901
f 1 3889 3901
f 3888 3889 1
f 3889 3890 3901
f 3875 3890 3889
f 3878 3658 3829
f 3892 3902 3840
f 4016 3893 3822
f 3914 3893 3953
f 3903 3863 4055
f 3954 3834 3936
f 3810 3918 3894
f 3810 3925 3942
f 3918 3942 3744
f 3880 3982 3955
f 3895 3835 3926
f 3926 3842 3968
f 3984 3905 3881
f 3961 3882 3962
f 4010 4094 3896
f 3944 3897 3958
f 3908 3940 3869
f 3964 3846 3947
f 3947 3846 3899
f 3908 3869 3910
f 3899 3900 3921
f 3900 3901 3921
f 3869 3922 3910
f 3901 3890 3921
f 3912 3729 3854
f 3729 3912 3975
f 3902 3930 3913
f 3863 3916 4055
f 3954 3932 3834
f 4008 3809 3917
f 3918 3810 3942
f 3982 3744 3942
f 3880 3744 3982
f 3937 3880 3919
f 3920 3927 3865
f 3865 3927 4019
f 3824 3865 4019
f 4094 4001 3825
f 3897 3766 3945
f 3940 3908 3949
f 4037 3921 3890
f 3923 3987 3853
f 3856 3990 3857
f 3864 3993 3925
f 3942 3925 3993
f 4019 3896 3824
f 3884 3825 3957
f 3866 3981 3860
f 3859 3988 3907
f 3988 3859 3816
f 3965 3908 3910
f 3878 3829 3998
f 3786 3986 3787
f 3911 3797 3928
f 3928 3797 3878
f 3857 3990 3892
f 3924 3856 3855
f 3893 4016 3953
f 3979 3835 3895
f 3955 3919 3880
f 3858 3937 3943
f 3842 3956 3968
f 3984 3881 3882
f 3957 3825 4001
f 3884 3969 3866
f 3969 3981 3866
f 3934 3845 3938
f 3959 3906 3934
f 3970 3898 3861
f 4020 3964 3947
f 3973 3941 3847
f 3921 3947 3899
f 3924 3952 3856
f 3905 3984 3956
f 3774 3883 3962
f 4034 3883 3944
f 3958 3897 3945
f 3938 3845 3906
f 3946 3972 3827
f 3922 3965 3910
f 3853 3987 3922
f 3930 3987 3923
f 4156 3915 3914
f 3982 3942 4076
f 3967 3979 3895
f 3943 3937 3919
f 3984 3882 3961
f 3884 3957 3969
f 3934 3938 3959
f 3935 3963 3861
f 3947 3921 4023
f 3931 3636 4026
f 3930 3902 3960
f 3960 3902 3892
f 3951 3952 3924
f 3895 3926 3983
f 3920 3858 3943
f 3927 3995 4019
f 3868 3907 3935
f 3816 3971 3988
f 3939 3898 3970
f 3971 3816 3950
f 3949 3974 3940
f 3974 3950 3940
f 3636 3832 4015
f 3952 3976 3856
f 3822 3966 4016
f 3955 4032 3919
f 4058 3962 3883
f 3988 4002 3907
f 3907 4002 3935
f 3792 3981 3946
f 3861 3963 3970
f 3827 3972 3909
f 3885 3950 3816
f 3940 3950 3885
f 3847 3972 3973
f 3847 3909 3972
f 3999 3939 4004
f 3941 3973 4096
f 3908 3974 3949
f 4037 4023 3921
f 3974 3908 3965
f 3965 3922 4014
f 4026 3636 4015
f 3990 3960 3892
f 3976 3990 3856
f 3966 3822 3977
f 3822 3769 3977
f 4156 4029 3915
f 3895 3983 3967
f 4050 3943 3919
f 3896 4019 4010
f 3996 3906 3959
f 3998 4097 3878
f 3890 3891 4037
f 3928 3929 3911
f 3952 3991 3976
f 3936 3915 4029
f 3833 3903 4055
f 3760 3948 3917
f 3933 3904 3978
f 3956 3984 4009
f 3985 3961 3962
f 4058 3883 4034
f 3944 3980 4034
f 3950 4005 3971
f 4004 3939 3997
f 3987 4052 3922
f 4156 3914 4137
f 3926 3968 4113
f 3984 3961 4009
f 4056 4094 4010
f 3980 3944 3958
f 3969 3957 4035
f 4011 3969 4035
f 3981 3969 4011
f 4144 3945 3964
f 3963 3935 4002
f 3970 3997 3939
f 3891 3877 3989
f 4013 4025 3975
f 4052 4014 3922
f 3960 4039 3930
f 3951 3931 4027
f 3976 4000 3990
f 3914 3953 4137
f 3864 4184 3993
f 3927 3920 4033
f 3961 3985 4009
f 3957 4001 4159
f 3906 3970 3938
f 3906 3996 3970
f 4081 3973 3972
f 4021 3963 4002
f 4021 4005 3963
f 4036 3963 4005
f 3928 4060 3929
f 3912 4013 3975
f 4026 4027 3931
f 4073 3960 3990
f 4045 3990 4000
f 3769 4049 3977
f 3864 3932 4184
f 3933 3978 3948
f 3993 4018 3942
f 4077 4032 3955
f 3983 3926 4078
f 4050 3919 4032
f 4033 3943 4050
f 4033 3920 3943
f 3985 3962 4058
f 4080 3945 4144
f 3959 3938 3996
f 3970 4012 3938
f 3970 3996 4003
f 3997 3970 4003
f 4002 4161 4021
f 3970 3963 4036
f 3947 4023 4020
f 3997 4036 4004
f 3928 3878 4100
f 4014 3950 3974
f 3974 3965 4014
f 3930 4039 3987
f 4194 4000 3976
f 3991 4007 3976
f 4049 3769 3879
f 3879 3833 4055
f 3879 4055 4049
f 3917 3948 3992
f 3978 3904 3994
f 3904 3979 3994
f 3985 4057 4009
f 4079 3981 4011
f 3981 4079 3946
f 3971 4005 4061
f 4005 4006 4036
f 3854 3929 4060
f 4014 4005 3950
f 4051 4005 4014
f 3987 4039 4052
f 4040 3960 4073
f 4054 4073 3990
f 3990 4045 4054
f 3991 4044 4028
f 3952 4027 3991
f 3951 4027 3952
f 3936 4029 3954
f 4055 3916 4017
f 3942 4018 4076
f 3967 3983 4078
f 3956 4141 3968
f 3945 4080 3958
f 4011 4160 4079
f 3996 3938 4012
f 4079 3972 3946
f 3971 4002 3988
f 4144 3964 4020
f 3997 4003 4036
f 4023 4022 4020
f 4021 4038 4005
f 3891 3989 4037
f 3928 4100 4060
f 3999 4132 3832
f 4015 3832 4132
f 3960 4040 4039
f 4028 4044 4041
f 4000 4028 4045
f 3976 4007 4194
f 4047 4007 3991
f 4136 3966 3977
f 4183 3966 4136
f 3916 4030 4017
f 3916 4125 4030
f 3979 3967 3994
f 4077 3955 3982
f 3995 3927 4033
f 4057 3985 4058
f 3957 4159 4035
f 3972 4079 4081
f 3941 4096 3998
f 4051 4006 4005
f 4053 4040 4073
f 4028 4043 4045
f 4027 4044 3991
f 3991 4028 4047
f 3977 4048 4136
f 3977 4049 4157
f 3954 4075 3932
f 4008 3917 3992
f 3978 4168 3948
f 3994 3967 4127
f 4113 3968 4141
f 4010 4019 4065
f 4065 4056 4010
f 4080 3980 3958
f 3971 4161 4002
f 4036 4003 4068
f 4024 4036 4006
f 4004 4036 4024
f 3986 4025 4225
f 4163 4025 4013
f 4043 4028 4041
f 4027 4042 4044
f 4048 3977 4157
f 4076 4018 4031
f 4077 4064 4032
f 4141 3956 4009
f 4059 4034 3980
f 4021 4161 4067
f 4037 3989 4114
f 3787 3989 3877
f 4087 4006 4070
f 4051 4014 4052
f 4053 4052 4039
f 4040 4053 4039
f 4063 4054 4043
f 4041 4110 4043
f 4149 4041 4044
f 4016 4111 3953
f 4156 4137 4297
f 4139 3993 4184
f 4141 4009 4093
f 4033 4318 3995
f 4095 4059 3980
f 4080 4095 3980
f 3971 4153 4161
f 3971 4061 4153
f 4097 3998 4096
f 4036 4068 3970
f 4038 4021 4067
f 4037 4114 4023
f 4115 4038 4067
f 4038 4061 4005
f 4013 3912 4069
f 3986 4225 3787
f 4006 4087 4024
f 4004 4132 3999
f 4088 4006 4051
f 4072 4051 4052
f 4063 4073 4054
f 4026 4074 4027
f 4110 4063 4043
f 4027 4074 4042
f 4054 4148 4043
f 4054 4045 4092
f 4046 4028 4000
f 4111 4016 3966
f 3994 4126 3978
f 4076 4077 3982
f 3926 4113 4078
f 4009 4057 4093
f 4035 4160 4011
f 3996 4012 4003
f 4066 4003 4082
f 4098 4067 4161
f 4066 4068 4003
f 4068 4012 3970
f 4023 4187 4022
f 4067 4061 4115
f 4038 4115 4129
f 4061 4038 4129
f 4088 4070 4006
f 4053 4072 4052
f 4041 4042 4121
f 4063 4089 4073
f 4123 4062 4041
f 4062 4110 4041
f 4148 4135 4043
f 4028 4046 4047
f 3966 4183 4111
f 4137 3953 4111
f 4055 4150 4049
f 4032 4158 4050
f 4058 4175 4057
f 4059 4058 4034
f 4128 4067 4098
f 4153 4061 4067
f 4066 4178 4068
f 4069 3912 3854
f 4225 4025 4163
f 4118 4024 4104
f 4024 4132 4004
f 4088 4051 4071
f 4071 4051 4072
f 4146 4053 4073
f 4089 4146 4073
f 4123 4041 4121
f 4074 4121 4042
f 3954 4138 4075
f 3932 4075 4184
f 4008 4151 4125
f 3948 4168 3992
f 4139 4018 3993
f 3967 4078 4127
f 4142 4065 4019
f 4058 4059 4175
f 3973 4202 4096
f 4202 3973 4081
f 4012 4082 4003
f 4082 4012 4068
f 4068 4178 4082
f 4128 4153 4067
f 4187 4023 4114
f 3989 3787 4285
f 4083 4084 1
f 4083 1 4085
f 1 4086 4085
f 4087 4084 4083
f 4085 4087 4083
f 4130 4085 4086
f 4087 4085 4130
f 4130 4024 4087
f 4087 4070 4104
f 4024 4130 4104
f 4088 4131 4070
f 4118 4104 4088
f 4088 4104 4131
f 4072 4133 4071
f 4155 4071 4133
f 4105 4072 4053
f 4074 4015 4108
f 4015 4074 4026
f 4074 4108 4121
f 4107 4109 4123
f 4123 4109 4062
f 4089 4063 4135
f 4041 4149 4090
f 4042 4041 4124
f 4041 4090 4124
f 4043 4091 4045
f 4049 4261 4157
f 4168 3978 4126
f 4031 4077 4076
f 4140 4064 4077
f 4094 4265 4001
f 4160 4035 4159
f 4081 4143 4223
f 4143 4081 4079
f 3878 4097 4100
f 4066 4082 4099
f 4061 4129 4115
f 4084 4102 1
f 4103 4086 1
f 4084 4087 4102
f 4102 4087 4104
f 4103 4130 4086
f 4024 4118 4132
f 4118 4088 4071
f 4072 4105 4133
f 4120 4134 4106
f 4107 4120 4106
f 4107 4106 4109
f 4121 4090 4123
f 4063 4110 4135
f 4135 4091 4043
f 4091 4092 4045
f 4092 4148 4054
f 4047 4046 4182
f 4046 4000 4194
f 4049 4150 4112
f 3994 4127 4126
f 4158 4032 4064
f 4113 4141 4211
f 3995 4142 4019
f 4080 4289 4095
f 4102 4116 1
f 1 4116 4117
f 4117 4103 1
f 4130 4103 4117
f 4130 4116 4104
f 4116 4102 4104
f 4118 4071 4155
f 4118 4155 4107
f 4119 4118 4107
f 4105 4134 4133
f 4015 4132 4108
f 4155 4120 4107
f 4134 4122 4106
f 4107 4123 4207
f 4124 4090 4121
f 4124 4147 4042
f 4147 4044 4042
f 4193 4046 4194
f 4049 4112 4261
f 3954 4029 4138
f 4077 4236 4140
f 4064 4169 4158
f 4057 4174 4093
f 4143 4079 4160
f 4098 4161 4213
f 4099 4082 4176
f 4082 4178 4190
f 4163 4013 4179
f 4116 4130 4117
f 4070 4154 4104
f 4154 4131 4104
f 4132 4118 4108
f 4108 4118 4119
f 4219 4105 4053
f 4134 4120 4198
f 4106 4122 4166
f 4146 4089 4135
f 4108 4124 4121
f 4044 4147 4149
f 4149 4147 4181
f 4029 4156 4296
f 4030 4243 4017
f 4078 4113 4201
f 4170 4033 4050
f 4289 4080 4152
f 4020 4022 4186
f 4114 3989 4302
f 4187 4114 4203
f 4128 4145 4153
f 4099 4178 4066
f 4177 4203 4114
f 4101 4220 4196
f 4131 4154 4172
f 4134 4105 4122
f 4165 4120 4155
f 4219 4053 4146
f 4119 4207 4108
f 4106 4166 4109
f 4146 4135 4148
f 4090 4149 4181
f 4110 4062 4167
f 4193 4182 4046
f 4296 4138 4029
f 4184 4075 4263
f 4126 4222 4168
f 4031 4273 4077
f 4113 4211 4201
f 4093 4174 4141
f 4095 4238 4059
f 4152 4080 4144
f 4176 4082 4190
f 4128 4098 4145
f 4162 4220 4101
f 4285 3787 4225
f 4179 4013 4069
f 4120 4165 4198
f 4207 4123 4181
f 4135 4110 4167
f 4194 4007 4209
f 4296 4156 4297
f 3992 4151 4008
f 4031 4018 4139
f 4077 4273 4236
f 4140 4169 4064
f 4141 4309 4211
f 4318 4142 3995
f 4056 4065 4352
f 4094 4056 4265
f 4212 4160 4159
f 4020 4186 4144
f 4162 4101 4195
f 4101 4196 4205
f 4172 4192 4131
f 4197 4155 4133
f 4107 4217 4119
f 4122 4105 4219
f 4180 4108 4207
f 4123 4090 4181
f 4167 4062 4109
f 4092 4199 4148
f 4075 4138 4210
f 4283 4139 4184
f 4168 4222 3992
f 4139 4244 4031
f 4201 4185 4078
f 4141 4174 4309
f 4318 4033 4170
f 4142 4352 4065
f 4238 4175 4059
f 4186 4152 4144
f 4161 4153 4213
f 4187 4186 4022
f 4302 3989 4285
f 4099 4190 4178
f 4070 4131 4205
f 4172 4154 4164
f 4192 4154 4070
f 4192 4171 4154
f 4172 4164 4206
f 4155 4197 4165
f 4134 4198 4133
f 4166 4198 4165
f 4107 4207 4258
f 4207 4181 4180
f 4108 4180 4124
f 4124 4180 4147
f 4091 4135 4167
f 4092 4091 4199
f 4111 4183 4260
f 4151 3992 4371
f 4236 4173 4140
f 4170 4050 4158
f 4174 4057 4175
f 4001 4265 4159
f 4160 4224 4143
f 3854 4060 4188
f 4145 4098 4189
f 4145 4195 4191
f 4131 4192 4221
f 4133 4198 4197
f 4122 4198 4166
f 4165 4197 4166
f 4180 4181 4147
f 4047 4209 4007
f 4111 4260 4200
f 4371 3992 4222
f 4127 4078 4235
f 4189 4098 4249
f 4302 4285 4386
f 4069 3854 4188
f 4145 4213 4153
f 4214 4213 4145
f 4195 4145 4189
f 4195 4101 4205
f 4196 4231 4205
f 4205 4131 4221
f 4154 4171 4164
f 4192 4216 4221
f 4206 4192 4172
f 4122 4219 4198
f 4219 4146 4199
f 4146 4148 4199
f 4109 4166 4208
f 4109 4208 4167
f 4193 4091 4167
f 4182 4193 4167
f 4199 4091 4271
f 4193 4271 4091
f 4193 4194 4271
f 4210 4138 4262
f 4125 4151 4030
f 4139 4283 4244
f 4244 4245 4031
f 4273 4031 4245
f 4078 4185 4235
f 4173 4169 4140
f 4212 4159 4287
f 4097 4096 4301
f 4097 4301 4100
f 4162 4195 4215
f 4099 4227 4190
f 4145 4191 4214
f 4195 4205 4191
f 4070 4205 4216
f 4192 4070 4216
f 4107 4258 4217
f 4119 4259 4207
f 4208 4182 4167
f 4209 4047 4182
f 4138 4296 4262
f 4055 4017 4316
f 4316 4150 4055
f 4075 4210 4263
f 4030 4151 4395
f 4222 4126 4127
f 4095 4288 4238
f 4300 4224 4160
f 4248 4096 4202
f 4301 4354 4100
f 4060 4100 4276
f 4320 4186 4187
f 4098 4213 4249
f 4249 4215 4189
f 4176 4227 4099
f 4214 4189 4215
f 4220 4162 4215
f 4220 4215 4226
f 4189 4204 4195
f 4231 4196 4230
f 4205 4204 4191
f 4206 4164 4171
f 4192 4206 4257
f 4198 4218 4197
f 4218 4198 4219
f 4209 4271 4194
f 4200 4137 4111
f 4243 4316 4017
f 4235 4222 4127
f 4309 4247 4211
f 4212 4300 4160
f 4289 4288 4095
f 4223 4143 4224
f 4202 4081 4223
f 4114 4302 4177
f 4190 4227 4176
f 4215 4250 4214
f 4215 4195 4204
f 4214 4204 4189
f 4214 4191 4204
f 4231 4229 4205
f 4231 4232 4229
f 4192 4233 4171
f 4197 4218 4166
f 4208 4166 4218
f 4297 4137 4200
f 4158 4169 4237
f 4158 4237 4170
f 4318 4310 4142
f 4265 4287 4159
f 4354 4276 4100
f 4060 4276 4188
f 4215 4249 4226
f 4215 4204 4250
f 4205 4221 4204
f 4234 4257 4206
f 4217 4257 4270
f 4217 4270 4119
f 4207 4259 4258
f 4218 4219 4199
f 4272 4209 4182
f 4263 4283 4184
f 4247 4201 4211
f 4186 4277 4152
f 4186 4320 4277
f 4187 4203 4284
f 4213 4214 4250
f 4250 4226 4249
f 4196 4220 4251
f 4196 4251 4228
f 4230 4196 4228
f 4251 4205 4228
f 4230 4205 4229
f 4205 4251 4242
f 4205 4242 4216
f 4204 4221 4242
f 4206 4171 4233
f 4258 4257 4217
f 4119 4270 4259
f 4218 4199 4271
f 4272 4182 4208
f 4209 4272 4271
f 4183 4136 4260
f 4210 4343 4263
f 4173 4236 4246
f 4169 4298 4237
f 4309 4174 4264
f 4174 4175 4264
f 4249 4213 4250
f 4284 4203 4177
f 4250 4204 4226
f 4220 4226 4251
f 4251 4204 4315
f 4239 4230 4228
f 4239 4291 4230
f 4230 4291 4278
f 4240 4241 1
f 4240 1 4255
f 4315 4204 4242
f 4228 4205 4239
f 4278 4205 4230
f 4278 4239 4205
f 4241 4240 4231
f 4241 4231 4230
f 4231 4240 4232
f 4232 4240 4255
f 4242 4221 4216
f 4192 4257 4268
f 4267 4234 4206
f 4112 4150 4431
f 4261 4112 4431
f 4262 4296 4328
f 4275 4169 4173
f 4238 4288 4378
f 4096 4248 4301
f 4204 4251 4226
f 4251 4291 4239
f 1 4252 4253
f 4241 4252 1
f 1 4253 4254
f 4255 4256 4232
f 1 4256 4255
f 4239 4323 4251
f 4252 4241 4230
f 4229 4252 4230
f 4294 4206 4233
f 4257 4234 4294
f 4269 4258 4259
f 4136 4308 4260
f 4235 4274 4222
f 4298 4169 4275
f 4265 4056 4352
f 4320 4187 4284
f 4163 4419 4225
f 4251 4315 4291
f 4252 4278 4253
f 4254 4253 4266
f 4253 4278 4266
f 4254 4266 1
f 4256 1 4280
f 4256 4280 4232
f 4239 4278 4229
f 4278 4252 4229
f 4251 4323 4242
f 4233 4268 4294
f 4206 4294 4267
f 4257 4269 4268
f 4270 4257 4294
f 4257 4258 4269
f 4270 4269 4259
f 4208 4218 4271
f 4208 4271 4272
f 4201 4345 4185
f 4299 4247 4309
f 4318 4170 4374
f 4309 4264 4364
f 4264 4175 4347
f 4319 4224 4300
f 4224 4319 4223
f 4329 4069 4188
f 1 4266 4279
f 4266 4278 4279
f 1 4279 4280
f 4232 4280 4322
f 4229 4281 4239
f 4229 4305 4281
f 4232 4305 4229
f 4232 4306 4305
f 4268 4233 4192
f 4267 4295 4234
f 4136 4048 4308
f 4262 4343 4210
f 4246 4236 4273
f 4201 4247 4345
f 4170 4237 4374
f 4384 4265 4352
f 4419 4285 4225
f 4279 4278 4322
f 4280 4279 4322
f 4281 4323 4239
f 4306 4282 4305
f 4294 4268 4350
f 4350 4339 4294
f 4339 4269 4294
f 4269 4270 4294
f 4294 4234 4340
f 4295 4340 4234
f 4262 4328 4286
f 4244 4283 4362
f 4244 4363 4245
f 4273 4245 4317
f 4185 4345 4235
f 4352 4142 4310
f 4347 4175 4238
f 4396 4212 4287
f 4320 4284 4290
f 4315 4323 4291
f 4278 4291 4292
f 4278 4292 4293
f 4291 4323 4281
f 4281 4305 4322
f 4308 4048 4157
f 4328 4296 4403
f 4150 4369 4431
f 4369 4150 4316
f 4151 4371 4395
f 4351 4222 4274
f 4418 4277 4320
f 4069 4329 4179
f 4292 4291 4303
f 4293 4292 1
f 4292 4303 1
f 4278 4293 4304
f 4293 1 4304
f 4304 4322 4278
f 4306 4232 4322
f 4242 4323 4307
f 4315 4242 4307
f 4282 4306 4335
f 4269 4339 4326
f 4269 4326 4268
f 4263 4362 4283
f 4273 4317 4246
f 4275 4173 4346
f 4374 4237 4298
f 4289 4353 4288
f 4385 4276 4354
f 4289 4152 4353
f 4418 4320 4290
f 4291 4311 4312
f 4291 4312 4303
f 4304 1 4313
f 4322 4304 4314
f 4304 4313 4314
f 4337 4307 4323
f 4322 4305 4338
f 4305 4282 4338
f 4267 4294 4340
f 4342 4295 4325
f 4157 4327 4308
f 4297 4416 4296
f 4395 4393 4030
f 4351 4371 4222
f 4246 4317 4377
f 4345 4274 4235
f 4345 4247 4299
f 4265 4384 4287
f 4396 4300 4212
f 4302 4426 4177
f 4441 4386 4285
f 4441 4285 4419
f 4312 4311 1
f 4303 4312 1
f 4314 4313 1
f 4322 4314 4321
f 4314 1 4321
f 4321 4359 4322
f 4291 4281 4311
f 4281 4322 4359
f 4338 4306 4322
f 4307 4336 4315
f 4324 4338 4282
f 4282 4349 4324
f 4339 4350 4324
f 4268 4326 4350
f 4267 4340 4366
f 4295 4267 4366
f 4325 4295 4366
f 4295 4361 4340
f 4342 4361 4295
f 4263 4424 4362
f 4344 4274 4345
f 4318 4374 4310
f 4364 4264 4347
f 4353 4152 4277
f 1 4311 4330
f 4331 1 4332
f 4331 4321 1
f 4321 4331 4359
f 4311 4281 4330
f 4330 4281 4333
f 4331 4332 4359
f 4334 4333 4281
f 4323 4315 4336
f 4323 4336 4337
f 4349 4282 4335
f 4336 4307 4337
f 4341 4366 4340
f 4361 4341 4340
f 4327 4157 4368
f 4430 4260 4308
f 4260 4415 4200
f 4261 4368 4157
f 4416 4403 4296
f 4297 4200 4416
f 4263 4343 4424
f 4363 4244 4362
f 4245 4363 4317
f 4246 4346 4173
f 4275 4399 4373
f 4298 4275 4373
f 4373 4374 4298
f 4309 4364 4299
f 4385 4414 4276
f 4426 4302 4386
f 4284 4426 4440
f 4177 4426 4284
f 4163 4179 4442
f 4329 4442 4179
f 4357 4332 1
f 4330 4333 1
f 4359 4332 4357
f 1 4333 4334
f 1 4334 4348
f 4334 4359 4348
f 4281 4359 4334
f 4349 4379 4324
f 4350 4421 4324
f 4360 4421 4350
f 4326 4360 4350
f 4381 4342 4325
f 4030 4393 4243
f 4343 4262 4286
f 4376 4317 4363
f 4317 4376 4377
f 4372 4274 4344
f 4246 4377 4346
f 4347 4238 4378
f 4439 4300 4396
f 4319 4202 4223
f 4276 4414 4188
f 4442 4419 4163
f 4356 1 4365
f 4356 4357 1
f 4356 4365 4359
f 4356 4359 4357
f 4358 4348 4359
f 4358 1 4348
f 4338 4406 4306
f 4306 4406 4335
f 4406 4338 4324
f 4324 4360 4339
f 4366 4341 4361
f 4367 4326 4339
f 4446 4200 4415
f 4368 4261 4431
f 4399 4275 4346
f 4405 4378 4288
f 4405 4288 4434
f 4288 4353 4434
f 4440 4290 4284
f 1 4355 4365
f 4355 1 4358
f 4355 4358 4365
f 4358 4359 4365
f 4407 4349 4335
f 4379 4360 4324
f 4379 4380 4360
f 4360 4380 4421
f 4375 4325 4366
f 4325 4375 4381
f 4360 4367 4339
f 4375 4366 4361
f 4361 4390 4375
f 4361 4342 4390
f 4370 4424 4343
f 4395 4371 4417
f 4432 4363 4362
f 4372 4351 4274
f 4344 4345 4299
f 4202 4425 4248
f 4349 4407 4408
f 4380 4379 4427
f 4360 4326 4409
f 4367 4409 4326
f 4430 4415 4260
f 4416 4200 4446
f 4436 4369 4316
f 4243 4436 4316
f 4351 4417 4371
f 4417 4351 4448
f 4344 4382 4372
f 4346 4377 4399
f 4364 4383 4299
f 4383 4364 4347
f 4439 4319 4300
f 4459 4434 4353
f 4354 4479 4385
f 4301 4479 4354
f 4408 4401 4349
f 4388 4398 4409
f 4390 4342 4381
f 4391 4390 4410
f 4430 4308 4327
f 4362 4424 4438
f 4383 4344 4299
f 4404 4352 4310
f 4384 4352 4404
f 4425 4301 4248
f 4329 4188 4414
f 4406 4387 4400
f 4335 4379 4407
f 4397 4379 4335
f 4349 4401 4379
f 4444 4388 4409
f 4390 4391 4375
f 4391 4445 4375
f 4395 4394 4393
f 4351 4372 4448
f 4363 4432 4376
f 4405 4347 4378
f 4396 4287 4384
f 4319 4425 4202
f 4418 4460 4277
f 4460 4353 4277
f 4397 4335 4406
f 4407 4379 4401
f 4398 4420 4409
f 4427 4389 4380
f 4391 4392 4445
f 4391 4410 4392
f 4368 4431 4402
f 4383 4382 4344
f 4373 4433 4374
f 4468 4301 4425
f 4301 4468 4479
f 4406 4324 4421
f 4380 4389 4421
f 4470 4360 4409
f 4390 4381 4451
f 4411 4403 4416
f 4394 4395 4417
f 4362 4438 4432
f 4383 4347 4413
f 4439 4396 4404
f 4404 4396 4384
f 4386 4441 4461
f 4406 4449 4397
f 4401 4422 4407
f 4375 4485 4427
f 4375 4401 4381
f 4381 4401 4451
f 4451 4473 4390
f 4360 4428 4367
f 4375 4445 4435
f 4445 4429 4423
f 4390 4423 4410
f 4368 4402 4327
f 4243 4457 4436
f 4394 4417 4412
f 4382 4383 4413
f 4347 4405 4413
f 4290 4440 4418
f 4449 4406 4400
f 4420 4398 4388
f 4427 4379 4397
f 4407 4422 4408
f 4388 4444 4420
f 4408 4451 4401
f 4408 4422 4451
f 4435 4445 4423
f 4409 4367 4428
f 4429 4392 4410
f 4436 4431 4369
f 4482 4402 4431
f 4328 4403 4411
f 4393 4457 4243
f 4286 4328 4411
f 4460 4459 4353
f 4418 4440 4511
f 4449 4400 4387
f 4406 4453 4387
f 4406 4443 4453
f 4443 4406 4421
f 4421 4389 4450
f 4375 4427 4401
f 4375 4435 4485
f 4423 4390 4473
f 4428 4464 4409
f 4428 4429 4464
f 4423 4429 4410
f 4445 4464 4429
f 4343 4286 4370
f 4376 4467 4377
f 4467 4399 4377
f 4513 4329 4414
f 4494 4386 4461
f 4443 4397 4449
f 4421 4397 4443
f 4397 4421 4427
f 4401 4471 4422
f 4427 4485 4389
f 4420 4454 4409
f 4420 4444 4454
f 4454 4470 4409
f 4360 4470 4428
f 4327 4402 4476
f 4416 4446 4496
f 4458 4438 4424
f 4405 4434 4478
f 4439 4477 4319
f 4477 4425 4319
f 4493 4459 4460
f 4511 4460 4418
f 4441 4419 4442
f 4494 4426 4386
f 4387 4453 4449
f 4450 4427 4421
f 4495 4401 4427
f 4401 4495 4471
f 4455 4429 4428
f 4455 4392 4429
f 4445 4392 4455
f 4327 4476 4430
f 4436 4482 4431
f 4417 4452 4412
f 4424 4370 4458
f 4458 4466 4438
f 4447 4438 4466
f 4448 4372 4382
f 4374 4433 4310
f 4477 4439 4404
f 4385 4513 4414
f 4389 4485 4450
f 4471 4451 4422
f 4485 4428 4470
f 4473 4435 4423
f 4455 4456 4445
f 4496 4411 4416
f 4458 4370 4286
f 4376 4432 4467
f 4404 4310 4433
f 4478 4413 4405
f 4329 4469 4442
f 4463 4443 4449
f 4463 4450 4443
f 4450 4463 4427
f 4444 4409 4464
f 4486 4415 4430
f 4457 4393 4499
f 4438 4447 4484
f 4484 4432 4438
f 4399 4433 4373
f 4477 4468 4425
f 4453 4443 4470
f 4450 4470 4443
f 4495 4435 4471
f 4450 4485 4470
f 4454 4444 4472
f 4485 4489 4428
f 4455 4428 4489
f 4464 4445 4456
f 4475 4474 4456
f 4516 4474 4475
f 4402 4482 4506
f 4481 4436 4457
f 4483 4411 4465
f 4286 4483 4458
f 4452 4417 4448
f 4382 4497 4448
f 4404 4433 4477
f 4434 4459 4478
f 4513 4469 4329
f 4461 4441 4462
f 4449 4453 4463
f 4435 4495 4485
f 4454 4472 4470
f 4464 4480 4444
f 4456 4474 4480
f 4464 4456 4480
f 4476 4486 4430
f 4415 4486 4446
f 4436 4481 4482
f 4411 4496 4465
f 4393 4437 4499
f 4394 4437 4393
f 4394 4412 4437
f 4411 4483 4286
f 4467 4432 4488
f 4467 4433 4399
f 4511 4493 4460
f 4494 4440 4426
f 4441 4442 4462
f 4472 4444 4480
f 4490 4475 4456
f 4474 4516 4498
f 4402 4506 4476
f 4446 4486 4522
f 4522 4496 4446
f 4437 4524 4499
f 4487 4452 4448
f 4382 4413 4497
f 4532 4477 4433
f 4463 4453 4502
f 4502 4453 4470
f 4451 4471 4473
f 4490 4456 4455
f 4437 4452 4507
f 4412 4452 4437
f 4448 4497 4487
f 4484 4488 4432
f 4497 4413 4478
f 4532 4512 4477
f 4512 4468 4477
f 4427 4463 4495
f 4489 4485 4502
f 4473 4528 4435
f 4480 4474 4509
f 4474 4498 4509
f 4481 4500 4482
f 4483 4465 4458
f 4518 4510 4458
f 4447 4466 4484
f 4487 4507 4452
f 4525 4507 4487
f 4459 4492 4478
f 4513 4479 4468
f 4494 4511 4440
f 4495 4504 4485
f 4470 4472 4502
f 4485 4503 4502
f 4471 4519 4473
f 4520 4472 4480
f 4480 4509 4520
f 4475 4490 4505
f 4516 4475 4505
f 4516 4491 4498
f 4517 4541 4486
f 4481 4457 4501
f 4518 4458 4465
f 4433 4467 4532
f 4493 4492 4459
f 4479 4513 4385
f 4471 4435 4548
f 4485 4504 4503
f 4435 4528 4504
f 4455 4489 4514
f 4506 4517 4476
f 4517 4486 4476
f 4457 4499 4501
f 4524 4437 4507
f 4510 4466 4458
f 4466 4510 4484
f 4487 4497 4508
f 4478 4492 4497
f 4511 4508 4493
f 4469 4462 4442
f 4461 4526 4494
f 4463 4546 4495
f 4495 4546 4504
f 4546 4463 4502
f 4548 4435 4504
f 4502 4472 4562
f 4489 4502 4562
f 4500 4506 4482
f 4499 4523 4501
f 4523 4499 4524
f 4510 4488 4484
f 4467 4488 4532
f 4508 4497 4492
f 4493 4508 4492
f 4526 4511 4494
f 4462 4526 4461
f 4546 4502 4503
f 4503 4489 4562
f 4490 4540 4505
f 4516 4505 4521
f 4500 4481 4501
f 4522 4465 4496
f 4488 4510 4532
f 4468 4512 4513
f 4512 4469 4513
f 4503 4504 4489
f 4472 4520 4562
f 4455 4514 4490
f 4505 4540 4533
f 4524 4537 4523
f 4507 4538 4537
f 4525 4487 4508
f 4512 4526 4469
f 4469 4526 4462
f 4514 4489 4504
f 4491 4516 4574
f 4506 4500 4534
f 4534 4500 4501
f 4536 4506 4534
f 4465 4522 4561
f 4537 4524 4507
f 4525 4538 4507
f 4543 4511 4526
f 4504 4539 4548
f 4473 4527 4528
f 4519 4527 4473
f 4498 4515 4509
f 4505 4529 4521
f 4506 4536 4517
f 4522 4486 4541
f 4501 4523 4537
f 4465 4561 4518
f 4537 4530 4501
f 4510 4518 4551
f 4532 4510 4551
f 4503 4562 4546
f 4505 4533 4529
f 4533 4535 4529
f 4516 4521 4574
f 4522 4541 4561
f 4530 4542 4501
f 4525 4531 4538
f 4525 4508 4531
f 4545 4512 4551
f 4532 4551 4512
f 4528 4514 4504
f 4553 4520 4509
f 4535 4533 4540
f 4515 4498 4491
f 4541 4517 4536
f 4501 4542 4534
f 4508 4511 4531
f 4531 4511 4543
f 4512 4545 4526
f 4546 4539 4504
f 4519 4471 4548
f 4575 4535 4540
f 4541 4536 4550
f 4536 4534 4550
f 4530 4537 4538
f 4545 4551 4544
f 4526 4545 4543
f 4514 4528 4527
f 4553 4509 4547
f 4521 4529 4557
f 4530 4543 4542
f 4518 4555 4551
f 4549 4542 4545
f 4545 4544 4549
f 4545 4542 4543
f 4538 4531 4530
f 4543 4530 4531
f 4519 4552 4527
f 4552 4556 4527
f 4527 4540 4514
f 4514 4540 4490
f 4535 4557 4529
f 4515 4547 4509
f 4550 4534 4542
f 4550 4542 4549
f 4548 4552 4519
f 4578 4515 4491
f 4541 4554 4561
f 4555 4544 4551
f 4561 4568 4518
f 4539 4546 4562
f 4541 4550 4565
f 4535 4575 4569
f 4560 4574 4521
f 4550 4549 4572
f 4555 4518 4568
f 4572 4549 4544
f 4563 4552 4548
f 4556 4552 4563
f 4562 4520 4553
f 4527 4556 4558
f 4540 4527 4558
f 4557 4535 4569
f 4567 4515 4578
f 4559 4539 4562
f 4560 4521 4557
f 4491 4571 4578
f 4574 4571 4491
f 4565 4554 4541
f 4557 4576 4560
f 4565 4550 4572
f 4572 4544 4555
f 4540 4558 4575
f 4567 4547 4515
f 4563 4564 4556
f 4539 4587 4570
f 4548 4539 4570
f 4564 4566 4556
f 4576 4557 4569
f 4554 4565 4577
f 4566 4558 4556
f 4568 4561 4554
f 4562 4553 4559
f 4566 4580 4558
f 4574 4584 4571
f 4548 4570 4563
f 4555 4568 4573
f 4589 4564 4563
f 4564 4582 4566
f 4580 4575 4558
f 4581 4559 4553
f 4581 4553 4547
f 4555 4573 4572
f 4587 4539 4559
f 4572 4573 4565
f 4554 4577 4573
f 4554 4573 4568
f 4573 4577 4565
f 4579 4547 4567
f 4584 4592 4571
f 4586 4587 4559
f 4582 4580 4566
f 4570 4585 4563
f 4560 4594 4574
f 4586 4559 4581
f 4587 4598 4570
f 4560 4576 4583
f 4591 4575 4580
f 4570 4598 4585
f 4585 4589 4563
f 4595 4581 4547
f 4583 4594 4560
f 4595 4547 4579
f 4582 4591 4580
f 4582 4564 4593
f 4574 4594 4584
f 4591 4582 4593
f 4589 4593 4564
f 4567 4578 4590
f 4590 4578 4571
f 4588 4587 4586
f 4569 4575 4606
f 4571 4592 4590
f 4569 4583 4576
f 4588 4586 4599
f 4591 4593 4604
f 4605 4589 4585
f 4598 4587 4588
f 4604 4593 4607
f 4567 4590 4579
f 4597 4585 4598
f 4585 4597 4605
f 4589 4605 4593
f 4594 4603 4584
f 4575 4591 4606
f 4595 4579 4600
f 4594 4583 4596
f 4590 4592 4608
f 4579 4590 4611
f 4603 4592 4584
f 4599 4586 4581
f 4579 4613 4600
f 4594 4596 4603
f 4606 4591 4604
f 4605 4607 4593
f 4569 4606 4602
f 4611 4590 4608
f 4603 4615 4592
f 4613 4579 4611
f 4583 4602 4596
f 4598 4588 4601
f 4588 4599 4609
f 4602 4583 4569
f 4601 4597 4598
f 4588 4609 4601
f 4592 4615 4608
f 4618 4604 4607
f 4597 4610 4605
f 4605 4620 4607
f 4595 4612 4581
f 4612 4599 4581
f 4601 4616 4597
f 4597 4616 4610
f 4605 4610 4620
f 4612 4595 4600
f 4609 4616 4601
f 4607 4620 4618
f 4603 4596 4614
f 4614 4615 4603
f 4629 4606 4604
f 4599 4617 4609
f 4602 4606 4622
f 4608 4621 4611
f 4621 4608 4615
f 4616 4624 4610
f 4610 4625 4620
f 4596 4602 4614
f 4614 4623 4615
f 4618 4629 4604
f 4613 4611 4619
f 4619 4611 4621
f 4624 4625 4610
f 4630 4622 4606
f 4623 4627 4615
f 4618 4620 4626
f 4602 4622 4614
f 4627 4621 4615
f 4629 4630 4606
f 4625 4624 4639
f 4625 4632 4626
f 4620 4625 4626
f 4628 4623 4614
f 4616 4609 4636
f 4636 4624 4616
f 4629 4618 4626
f 4628 4614 4622
f 4636 4609 4617
f 4629 4626 4631
f 4631 4626 4632
f 4633 4623 4628
f 4627 4634 4621
f 4629 4631 4630
f 4630 4631 4628
f 4622 4630 4628
f 4632 4633 4628
f 4633 4627 4623
f 4599 4612 4617
f 4635 4625 4639
f 4632 4625 4635
f 4628 4631 4632
f 4637 4600 4613
f 4613 4619 4637
f 4600 4637 4612
f 4635 4633 4632
f 4633 4635 4627
f 4619 4621 4634
f 4636 4639 4624
f 4634 4627 4638
f 4612 4637 4617
f 4635 4638 4627
f 4641 4636 4617
f 4641 4639 4636
f 4637 4619 4634
f 4642 4637 4634
f 4638 4635 4640
f 4640 4639 4641
f 4635 4639 4640
f 4638 4642 4634
f 4637 4641 4617
f 4642 4638 4640
f 4642 4641 4637
f 4640 4641 4642

